MOVIES,YEAR,GENRE,RATING,Content,RunTime,VOTES
Blood Red Sky,2021,Horror,6.1,Movie,121,21062
Masters of the Universe: Revelation,2021,Animation,5,Movie,25,17870
The Walking Dead,2010,Horror,8.2,Movie,44,885805
Rick and Morty,2013,Animation,9.2,Movie,23,414849
Army of Thieves,2021,Horror,7.1,Movie,69,789
Outer Banks,2020,Crime,7.6,Movie,50,25858
The Last Letter from Your Lover,2021,Romance,6.8,Movie,110,5283
Dexter,2006,Crime,8.6,Movie,53,665387
Never Have I Ever,2020,Comedy,7.9,Movie,30,34530
Virgin River,2019,Romance,7.4,Movie,44,27279
Gunpowder Milkshake,2021,Action,6,Movie,114,17989
Lucifer,2016,Crime,8.1,Movie,42,264222
Fear Street: 1994,2021,Horror,6.2,Movie,107,50148
Sex/Life,2021,Romance,5.4,Movie,69,12172
American Horror Story,2011,Horror,8,Movie,60,286488
Grey's Anatomy,2005,Romance,7.5,Movie,41,266258
Breaking Bad,2008,Thriller,9.4,Movie,49,1552311
The Good Doctor,2017,Drama,8.1,Movie,41,70871
Atypical,2017,Comedy,8.3,Movie,30,71544
Stranger Things,2016,Horror,8.7,Movie,51,885856
Fear Street: 1978,2021,Horror,6.8,Movie,109,36634
Friends,1994,Romance,8.9,Movie,22,880918
The Flash,2014,Action,7.6,Movie,43,320264
Peaky Blinders,2013,Crime,8.8,Movie,60,393414
He-Man and the Masters of the Universe,2021,Animation,7.1,Movie,69,789
Chernobyl,2021,Historical,5,Movie,136,4681
Vikings,2013,Action,8.5,Movie,44,459913
Better Call Saul,2015,Crime,8.8,Movie,46,347857
Supernatural,2005,Horror,8.4,Movie,44,404273
The Blacklist,2013,Crime,8,Movie,43,213522
Fear Street: 1666,2021,Horror,6.7,Movie,114,27447
Animal Kingdom,2016,Crime,8.2,Movie,60,26926
Brooklyn Nine-Nine,2013,Comedy,8.4,Movie,22,248583
NCIS: Naval Criminal Investigative Service,2003,Crime,7.7,Movie,60,125619
Kingdom,2019,Historical,8.4,Movie,45,34906
Modern Family,2009,Romance,8.4,Movie,22,378030
Titans,2018,Action,7.7,Movie,45,73656
The Witcher,2019,Action,8.2,Movie,60,336484
Downton Abbey,2010,Romance,8.7,Movie,58,171804
Shingeki no kyojin,2013,Animation,9,Movie,24,242582
Suits,2011,Comedy,8.4,Movie,44,374263
La casa de papel,2017,Crime,8.3,Movie,70,341858
Schitt's Creek,2015,Comedy,8.5,Movie,22,90728
Outlander,2014,Romance,8.4,Movie,64,134991
The Last Kingdom,2015,Historical,8.4,Movie,60,94650
Black Mirror,2011,Sci-Fi,8.8,Movie,60,469407
Ozark,2017,Thriller,8.4,Movie,60,206090
The Crown,2016,Biography,8.6,Movie,58,169517
Sweet Tooth,2021,Action,7.9,Movie,69,37142
Army of the Dead,2021,Horror,5.8,Movie,148,132378
Fargo,2014,Thriller,8.9,Movie,53,341221
How I Met Your Mother,2005,Romance,8.3,Movie,22,624036
Community,2009,Comedy,8.5,Movie,22,231013
Sons of Anarchy,2008,Thriller,8.5,Movie,45,270445
StartUp,2016,Thriller,7.9,Movie,44,22971
The Vampire Diaries,2009,Horror,7.7,Movie,43,293434
365 dni,2020,Romance,3.3,Movie,114,63620
How to Sell Drugs Online (Fast),2019,Comedy,7.9,Movie,30,23960
Good Girls,2018,Comedy,7.8,Movie,43,38618
13 Reasons Why,2017,Thriller,7.6,Movie,60,266386
The Queen's Gambit,2020,Drama,8.6,Movie,395,336801
Legends of Tomorrow,2016,Action,6.8,Movie,42,95897
Star Trek: The Next Generation,1987,Action,8.6,Movie,44,106181
Le dernier mercenaire,2021,Comedy,5.4,Movie,110,2606
Resort to Love,2021,Romance,5.7,Movie,101,1591
Evil,2019,Horror,7.7,Movie,42,15048
The Expanse,2015,Sci-Fi,8.5,Movie,60,119644
New Amsterdam,2018,Drama,8.1,Movie,43,27709
Line of Duty,2012,Crime,8.7,Movie,60,46751
The 100,2014,Sci-Fi,7.6,Movie,43,226962
New Girl,2011,Comedy,7.7,Movie,22,200421
Prison Break,2005,Crime,8.3,Movie,44,492438
Sex Education,2019,Comedy,8.3,Movie,45,177274
A Classic Horror Story,2021,Horror,5.7,Movie,95,8822
Feels Like Ishq,2021,Romance,6.6,Movie,32,848
Young Royals,2021,Romance,8.6,Movie,50,16954
Shadow and Bone,2021,Action,7.7,Movie,69,60283
The Hitman's Bodyguard,2017,Comedy,6.9,Movie,118,205979
Mad Men,2007,Drama,8.6,Movie,47,216203
Élite,2018,Thriller,7.5,Movie,60,59730
Gilmore Girls,2000,Comedy,8.1,Movie,44,106650
Sky Rojo,2021,Action,6.5,Movie,31,6940
Lupin,2021,Crime,7.5,Movie,45,84428
Trollhunters: Rise of the Titans,2021,Animation,6.9,Movie,104,2353
Heartland,2007,Family,8.4,Movie,45,11764
Jurassic Park,1993,Sci-Fi,8.1,Movie,127,897444
Family Guy,1999,Animation,8.1,Movie,22,312584
Daredevil,2015,Crime,8.6,Movie,54,374963
Dark,2017,Crime,8.8,Movie,60,312629
Boku no hîrô akademia,2016,Animation,8.4,Movie,24,44367
Cobra Kai,2018,Comedy,8.6,Movie,30,122268
 Kingdom,2019,Historical,7.1,Movie,92,6388
Gotham,2014,Crime,7.8,Movie,42,216458
Billions,2016,Drama,8.4,Movie,60,74094
Agents of S.H.I.E.L.D.,2013,Action,7.5,Movie,45,205119
Don't Breathe,2016,Horror,7.1,Movie,88,237601
The Ice Road,2021,Action,5.6,Movie,109,20561
Arrow,2012,Action,7.5,Movie,42,414712
Orange Is the New Black,2013,Comedy,8,Movie,59,284554
Gossip Girl,2007,Romance,7.4,Movie,42,159666
Bridgerton,2020,Romance,7.3,Movie,60,83944
The Kominsky Method,2018,Comedy,8.2,Movie,30,33440
Homeland,2011,Crime,8.3,Movie,55,322307
Riverdale,2017,Crime,6.8,Movie,45,126112
Sherlock,2010,Crime,9.1,Movie,88,839029
La cocinera de Castamar,2021,Drama,7.4,Movie,69,1336
Queen of the South,2016,Crime,8,Movie,42,23318
CSI: Crime Scene Investigation,2000,Crime,7.6,Movie,60,78589
The Umbrella Academy,2019,Action,8,Movie,60,175513
Supergirl,2015,Action,6.2,Movie,43,115373
BoJack Horseman,2014,Animation,8.7,Movie,25,124318
The Lord of the Rings: The Fellowship of the Ring,2001,Action,8.8,Movie,178,1713028
I Think You Should Leave with Tim Robinson,2019,Comedy,7.8,Movie,16,8095
South Park,1997,Animation,8.7,Movie,22,340148
Once Upon a Time,2011,Fantasy,7.7,Movie,60,212616
Star Trek: Discovery,2017,Action,7.2,Movie,60,101079
Teen Wolf,2011,Fantasy,7.6,Movie,41,132950
How to Get Away with Murder,2014,Crime,8.1,Movie,43,136135
Star Trek: Deep Space Nine,1993,Action,8,Movie,45,55687
Seinfeld,1989,Comedy,8.8,Movie,22,264801
Spartacus: Blood and Sand,2010,Action,8.5,Movie,55,228484
Hawaii Five-0,2010,Crime,7.3,Movie,42,68627
Good Witch,2015,Comedy,7.3,Movie,48,8268
The Sinner,2017,Crime,7.9,Movie,45,96901
Arrested Development,2003,Comedy,8.7,Movie,22,284373
Escape Room,2019,Horror,6.4,Movie,99,99351
You,2018,Romance,7.7,Movie,45,157666
Mindhunter,2017,Thriller,8.6,Movie,60,235694
Jaws,1975,Thriller,8,Movie,124,558731
Avatar: The Last Airbender,2005,Animation,9.3,Movie,23,265845
The Punisher,2017,Crime,8.5,Movie,53,194777
Star Trek: Voyager,1995,Sci-Fi,7.8,Movie,44,61917
The Departed,2006,Thriller,8.5,Movie,151,1227522
Narcos,2015,Biography,8.8,Movie,49,375261
The Serpent,2021,Thriller,7.6,Movie,58,33936
Star Wars: The Clone Wars,2008,Animation,8.3,Movie,23,71904
"Murder, She Wrote",1984,Crime,7,Movie,50,20330
Fatherhood,2021,Comedy,6.7,Movie,109,26508
Blue Bloods,2010,Crime,7.6,Movie,43,34064
Heist,2021,Documentary,6.8,Movie,41,846
The Woman in the Window,2021,Crime,5.7,Movie,100,57048
Black Summer,2019,Horror,6.5,Movie,40,25453
Katla,2021,Sci-Fi,7.1,Movie,69,8391
Gone Girl,2014,Thriller,8.1,Movie,149,895888
Jumanji: Welcome to the Jungle,2017,Action,6.9,Movie,119,337900
American Psycho,2000,Comedy,7.6,Movie,101,517014
House of Cards,2013,Drama,8.7,Movie,51,476656
Miraculous: Tales of Ladybug & Cat Noir,2015,Animation,7.7,Movie,20,8300
Mayor Grom: Chumnoy Doktor,2021,Action,6.3,Movie,136,8466
Demon Slayer: Kimetsu No Yaiba,2019,Animation,8.7,Movie,25,46259
Jane the Virgin,2014,Comedy,7.8,Movie,60,41758
The Good Wife,2009,Crime,8.3,Movie,43,70021
The Good Place,2016,Comedy,8.2,Movie,22,127417
The Americans,2013,Crime,8.4,Movie,44,88962
Glee,2009,Comedy,6.7,Movie,44,139934
Bo Burnham: Inside,2021,Comedy,8.7,TV Special,87,31108
Kill Bill: Vol. 1,2003,Crime,8.1,Movie,111,1034554
Bartkowiak,2021,Action,5,Movie,91,398
Castlevania,2017,Animation,8.3,Movie,23,51802
300,2006,Action,7.6,Movie,117,751815
Dawson's Creek,1998,Romance,6.6,Movie,60,38117
It,2017,Horror,7.3,Movie,135,480607
Pretty Little Liars,2010,Romance,7.4,Movie,44,155875
Star Trek,1966,Sci-Fi,8.3,Movie,50,76213
Archer,2009,Animation,8.6,Movie,22,141784
Spider-Man: Far from Home,2019,Sci-Fi,7.5,Movie,129,363012
Twin Peaks,1990,Crime,8.8,Movie,47,182173
The Mitchells vs the Machines,2021,Animation,7.7,Movie,113,69482
The Bold Type,2017,Comedy,7.9,Movie,45,16183
"Love, Death & Robots",2019,Animation,8.5,Movie,15,120364
Hostage House,2021,Thriller,3.7,Movie,85,315
The Hobbit: An Unexpected Journey,2012,Fantasy,7.8,Movie,169,774632
Clueless,1995,Romance,6.8,Movie,97,194461
Ray Donovan,2013,Crime,8.3,Movie,60,79618
Transformers: War for Cybertron,2020,Animation,7.4,Movie,30,2923
Baywatch,2017,Comedy,5.5,Movie,116,170844
Trollhunters,2016,Animation,8.4,Movie,23,14759
Snowpiercer,2020,Sci-Fi,6.9,Movie,60,39433
Workin' Moms,2017,Comedy,7.7,Movie,30,12896
The Devil All the Time,2020,Thriller,7.1,Movie,138,108684
Broadchurch,2013,Crime,8.4,Movie,48,100611
Fast & Furious 7,2015,Action,7.1,Movie,137,371194
L.A.'s Finest,2019,Comedy,6,Movie,60,5667
Good on Paper,2021,Romance,5.6,Movie,92,8099
Iron Fist,2017,Action,6.5,Movie,55,118859
Too Hot to Handle,2020,Reality-TV,4.6,Movie,40,10008
Haseen Dillruba,2021,Crime,6.9,Movie,135,18149
Hannibal,2013,Horror,8.5,Movie,44,236161
Longmire,2012,Crime,8.3,Movie,60,30685
Sicario,2015,Crime,7.6,Movie,121,387903
The Fall,2013,Thriller,8.1,Movie,60,89590
The Irishman,2019,Biography,7.8,Movie,209,345455
Jujutsu Kaisen,2020,Animation,8.7,Movie,24,25386
The Lord of the Rings: The Return of the King,2003,Action,8.9,Movie,201,1691777
Baby Driver,2017,Crime,7.6,Movie,113,468655
Dynasty,2017,Drama,7.3,Movie,42,16666
Spider-Man,2002,Sci-Fi,7.3,Movie,121,709684
Jumanji: The Next Level,2019,Action,6.7,Movie,123,205638
I Care a Lot,2020,Comedy,6.3,Movie,118,109059
Love and Monsters,2020,Action,7,Movie,109,100693
Awake,2021,Action,4.8,Movie,96,16262
The Haunting of Hill House,2018,Horror,8.6,Movie,572,195117
Things Heard & Seen,2021,Horror,5.3,Movie,121,24250
NCIS: Los Angeles,2009,Crime,6.7,Movie,43,49943
Arrival,2016,Sci-Fi,7.9,Movie,116,623912
Taxi Driver,1976,Crime,8.2,Movie,114,752553
Grease,1978,Musical,7.2,Movie,110,250587
El inocente,2021,Crime,7.9,Movie,467,19980
The Movies That Made Us,2019,Documentary,7.8,Movie,45,3653
Ragnarok,2020,Fantasy,7.5,Movie,45,31200
The King,2019,Biography,7.2,Movie,140,97848
Ginny & Georgia,2021,Comedy,7.5,Movie,69,35247
Jupiter's Legacy,2021,Action,6.7,Movie,56,31953
Designated Survivor,2016,Mystery,7.5,Movie,60,81326
Sing 2,2021,Animation,7.1,Movie,69,789
White Collar,2009,Comedy,8.2,Movie,40,122230
The Dig,2021,Biography,7.1,Movie,112,60598
Knives Out 2,2022,Comedy,7.1,Movie,69,789
Dirty John,2018,Crime,7.2,Movie,44,18088
The Old Guard,2020,Action,6.7,Movie,125,141605
Venom,2018,Sci-Fi,6.7,Movie,112,390167
The Killing,2011,Crime,8.2,Movie,45,102312
Don't Look Up,2021,Comedy,7.1,Movie,145,789
Skins,2007,Drama,8.2,Movie,46,77286
6 Underground,2019,Thriller,6.1,Movie,128,150455
The Fate of the Furious,2017,Action,6.6,Movie,136,215795
Captain America: Civil War,2016,Sci-Fi,7.8,Movie,147,697750
Rurôni Kenshin: Sai shûshô - The Beginning,2021,Action,7.8,Movie,137,1976
Death Note: Desu nôto,2006,Animation,9,Movie,24,262556
Naruto,2002,Animation,8.3,Movie,24,79832
Black Sails,2014,Adventure,8.2,Movie,56,96550
Run,2020,Thriller,6.7,Movie,90,55389
Orphan Black,2013,Sci-Fi,8.3,Movie,44,104501
Grimm,2011,Crime,7.8,Movie,45,111716
Luther,2010,Crime,8.4,Movie,60,125749
Sexy Beasts,2021,Reality-TV,4.7,Movie,69,592
Red Notice,2021,Comedy,7.1,Movie,69,789
Sen to Chihiro no kamikakushi,2001,Animation,8.6,Movie,125,682809
Hotel Transylvania: Transformania,2021,Animation,7.1,Movie,69,789
Murdoch Mysteries,2008,Crime,8.1,Movie,48,11437
Wish Dragon,2021,Animation,7.2,Movie,98,15262
Resident Evil: Infinite Darkness,2021,Animation,5.8,Movie,26,7128
Reign,2013,Fantasy,7.5,Movie,42,45045
Elementary,2012,Crime,7.9,Movie,60,103707
The Girl in the Spider's Web,2018,Crime,6.1,Movie,115,43896
Kong: Skull Island,2017,Action,6.6,Movie,118,294292
The Missing,2014,Crime,8.2,Movie,60,23317
Hagane no renkinjutsushi,2009,Animation,9.1,Movie,24,134855
Altered Carbon,2018,Sci-Fi,8,Movie,60,149002
Enterprise,2001,Action,7.5,Movie,60,48148
Black Clover,2017,Animation,8.3,Movie,24,13218
Uncut Gems,2019,Thriller,7.4,Movie,135,239770
American Crime Story,2016,Biography,8.4,Movie,42,83137
Bloodline,2015,Thriller,7.9,Movie,60,46111
Revenge,2011,Thriller,7.8,Movie,44,114932
The Revenant,2015,Action,8,Movie,156,732244
Z Nation,2014,Comedy,6.7,Movie,44,34226
Polar,2019,Crime,6.3,Movie,118,80553
Kim's Convenience,2016,Comedy,8.2,Movie,22,12443
Grace and Frankie,2015,Comedy,8.3,Movie,30,41520
The Lord of the Rings: The Two Towers,2002,Action,8.7,Movie,179,1529752
Love Is Blind,2020,Reality-TV,6.1,Movie,48,5342
Legally Blonde,2001,Romance,6.3,Movie,96,195752
Jessica Jones,2015,Crime,7.9,Movie,56,198056
Rust Creek,2018,Thriller,5.9,Movie,108,9263
American Vandal,2017,Comedy,8.2,Movie,34,28093
Cheers,1982,Comedy,7.9,Movie,22,49886
Ocean's Eight,2018,Comedy,6.3,Movie,110,197909
America: The Motion Picture,2021,Animation,5.7,Movie,98,4485
That '70s Show,1998,Romance,8,Movie,22,157990
Below Deck Mediterranean,2016,Reality-TV,7.3,Movie,43,1327
Pirates of the Caribbean: Dead Men Tell No Tales,2017,Action,6.5,Movie,129,276173
Sense8,2015,Sci-Fi,8.3,Movie,60,144032
How to Become a Tyrant,2021,Documentary,7.4,Movie,69,3700
Dead to Me,2019,Comedy,8,Movie,30,61944
Narcos: México,2018,Crime,8.4,Movie,50,64838
2001: A Space Odyssey,1968,Sci-Fi,8.3,Movie,149,622998
Adventure Time,2010,Animation,8.6,Movie,11,81525
Nanatsu no taizai,2014,Animation,8,Movie,24,26282
My Unorthodox Life,2021,Reality-TV,5.1,Movie,69,742
Slasher,2016,Horror,6.7,Movie,60,12031
Anne,2017,Family,8.7,Movie,60,43433
The Tudors,2007,Historical,8.1,Movie,60,70514
Batman v Superman: Dawn of Justice,2016,Sci-Fi,6.4,Movie,152,657423
Pose,2018,Drama,8.6,Movie,60,23179
Cider no yô ni kotoba ga wakiagaru,2020,Animation,7,Movie,87,941
News of the World,2020,Action,6.8,Movie,118,69037
Mother!,2017,Horror,6.6,Movie,121,201141
Emily in Paris,2020,Romance,7,Movie,30,55757
National Lampoon's Animal House,1978,Comedy,7.5,Movie,109,115289
The Affair,2014,Drama,7.9,Movie,60,42129
Honest Thief,2020,Crime,6,Movie,99,40186
The End of the F***ing World,2017,Comedy,8.1,Movie,25,157802
Midnight in Paris,2011,Romance,7.7,Movie,94,399157
Lost in Space,2018,Family,7.3,Movie,60,76255
Wentworth,2013,Crime,8.6,Movie,45,18080
After Life,2019,Comedy,8.4,Movie,30,91972
The Fresh Prince of Bel-Air,1990,Comedy,7.9,Movie,22,125167
Kill Bill: Vol. 2,2004,Thriller,8,Movie,137,706053
Bates Motel,2013,Horror,8.1,Movie,45,100394
Moneyball,2011,Biography,7.6,Movie,133,386263
Behind Her Eyes,2021,Thriller,7.2,Movie,298,47174
Biohackers,2020,Sci-Fi,6.8,Movie,44,7563
Extraction,2020,Thriller,6.7,Movie,116,174406
The IT Crowd,2006,Comedy,8.5,Movie,25,138970
Californication,2007,Comedy,8.3,Movie,28,174076
Beastars,2019,Animation,7.8,Movie,23,7429
3rd Rock from the Sun,1996,Comedy,7.7,Movie,60,48780
Big Mouth,2017,Animation,7.9,Movie,30,61304
Snowpiercer,2013,Sci-Fi,7.1,Movie,126,335946
Locke & Key,2020,Horror,7.4,Movie,48,47717
300: Rise of an Empire,2014,Action,6.2,Movie,102,286734
Kimi no na wa.,2016,Animation,8.4,Movie,106,217433
Travelers,2016,Sci-Fi,8.1,Movie,45,49197
Black Lightning,2017,Sci-Fi,6.1,Movie,43,23354
Booksmart,2019,Comedy,7.2,Movie,102,103143
The Water Man,2020,Family,5.3,Movie,91,1978
Chesapeake Shores,2016,Family,7.5,Movie,42,5407
Oxygène,2021,Sci-Fi,6.5,Movie,100,27918
Jaws 2,1978,Horror,5.8,Movie,116,73931
Enola Holmes,2020,Action,6.6,Movie,123,145206
Rurôni Kenshin: Sai shûshô - The Final,2021,Action,7.2,Movie,138,4682
Chilling Adventures of Sabrina,2018,Horror,7.5,Movie,60,82557
Marcella,2016,Crime,7.4,Movie,45,26485
Tropic Thunder,2008,Comedy,7,Movie,107,391033
Freaks and Geeks,1999,Comedy,8.7,Movie,44,133607
iZombie,2015,Comedy,7.8,Movie,42,62258
Spirit Untamed,2021,Animation,5.4,Movie,88,1741
Poldark,2015,Historical,8.3,Movie,60,27588
Beauty and the Beast,2017,Musical,7.1,Movie,129,284484
Penny Dreadful,2014,Horror,8.2,Movie,60,115055
Unbelievable,2019,Crime,8.4,Movie,385,81658
Fate: The Winx Saga,2021,Action,6.9,Movie,69,30827
Feel Good,2020,Romance,7.5,Movie,30,7949
Bodyguard,2018,Thriller,8.1,Movie,60,103187
The Legend of Korra,2012,Animation,8.4,Movie,23,109581
Bird Box,2018,Horror,6.6,Movie,124,297927
She-Ra and the Princesses of Power,2018,Animation,7.9,Movie,30,11967
Scorpion,2014,Crime,7.1,Movie,43,48387
Derry Girls,2018,Comedy,8.4,Movie,30,24293
Hell or High Water,2016,Crime,7.6,Movie,102,211816
The Babysitter,2017,Horror,6.3,Movie,85,79593
Marriage Story,2019,Romance,7.9,Movie,137,266307
Ratched,2020,Crime,7.3,Movie,69,44914
Annihilation,2018,Horror,6.8,Movie,115,293459
Fractured,2019,Thriller,6.4,Movie,99,62113
El Camino: A Breaking Bad Movie,2019,Crime,7.3,Movie,122,200029
Godless,2017,Western,8.3,Movie,452,56997
Haikyuu!!,2014,Animation,8.7,Movie,24,15250
Wind River,2017,Crime,7.7,Movie,107,218337
Dirilis: Ertugrul,2014,Action,8,Movie,120,31182
Frozen,2013,Animation,7.4,Movie,102,586769
The Haunting of Bly Manor,2020,Horror,7.4,Movie,494,77872
Charlie's Angels,2019,Action,4.8,Movie,118,62393
Love,2016,Romance,7.7,Movie,50,39010
Spenser Confidential,2020,Comedy,6.2,Movie,111,77727
Centaurworld,2021,Animation,7.5,Movie,25,207
Lo imposible,2012,Historical,7.6,Movie,114,208903
Shadowhunters: The Mortal Instruments,2016,Fantasy,6.6,Movie,42,56183
The Ranch,2016,Comedy,7.5,Movie,30,35091
Shooter,2016,Action,7.5,Movie,60,33000
Zoo,2015,Sci-Fi,6.7,Movie,42,23095
The Trial of the Chicago 7,2020,Historical,7.8,Movie,129,153211
Comment je suis devenu super-héros,2020,Action,5.8,Movie,97,3214
Stowaway,2021,Sci-Fi,5.6,Movie,116,36937
The Nice Guys,2016,Comedy,7.4,Movie,116,295435
The Snowman,2017,Thriller,5.1,Movie,119,60354
Moonrise Kingdom,2012,Romance,7.8,Movie,94,328550
Contagion,2011,Thriller,6.7,Movie,106,290444
Nashville,2012,Musical,7.7,Movie,43,23735
This Is England,2006,Crime,7.7,Movie,101,117889
El hoyo,2019,Horror,7,Movie,94,183495
Scream,2015,Comedy,7.1,Movie,45,35660
Halston,2021,Biography,7.5,Movie,240,10460
Castle Rock,2018,Horror,7.6,Movie,60,40731
Misfits,2009,Comedy,8.2,Movie,60,95735
Medici,2016,Biography,7.9,Movie,60,16659
I'm Thinking of Ending Things,2020,Thriller,6.6,Movie,134,71640
Willy Wonka & the Chocolate Factory,1971,Musical,7.8,Movie,100,186202
Fantasy Island,2020,Action,4.9,Movie,109,41744
Doc Martin,2004,Romance,8.3,Movie,46,13580
Homefront,2013,Thriller,6.5,Movie,100,113476
The Power of the Dog,2021,Western,7.1,Movie,125,789
Dead Poets Society,1989,Comedy,8.1,Movie,128,443357
Contratiempo,2016,Crime,8.1,Movie,106,157061
There's Something About Mary,1998,Romance,7.1,Movie,119,298729
Trailer Park Boys,2001,Comedy,8.5,Movie,30,38861
Binsenjo,2021,Romance,8.5,Movie,80,7888
Full House,1987,Family,6.7,Movie,22,54419
The OA,2016,Fantasy,7.8,Movie,60,94862
Lucy,2014,Sci-Fi,6.4,Movie,89,462122
Will & Grace,1998,Romance,7.2,Movie,22,52269
Luke Cage,2016,Crime,7.3,Movie,55,120187
GLOW,2017,Sports,8,Movie,35,42221
Wet Hot American Summer: Ten Years Later,2017,Comedy,6.9,Movie,216,7784
The Mummy,2017,Action,5.4,Movie,110,177592
When They See Us,2019,Biography,8.9,Movie,296,102201
22-Jul,2018,Crime,6.8,Movie,143,30905
When Calls the Heart,2014,Romance,8.1,Movie,43,11306
A Series of Unfortunate Events,2017,Adventure,7.8,Movie,50,55753
Birdman or (The Unexpected Virtue of Ignorance),2014,Comedy,7.7,Movie,119,595946
RuPaul's Drag Race All Stars,2012,Reality-TV,8.5,Movie,60,6644
Sophie: A Murder in West Cork,2021,Documentary,6.9,Movie,164,3235
Knock Knock,2015,Thriller,4.9,Movie,99,87474
Madam Secretary,2014,Drama,7.6,Movie,45,20755
Hauru no ugoku shiro,2004,Animation,8.2,Movie,119,351466
The Alienist,2018,Crime,7.7,Movie,60,48646
Now You See Me,2013,Thriller,7.2,Movie,115,614056
Hell's Kitchen,2005,Reality-TV,7.1,Movie,42,19419
The Ballad of Buster Scruggs,2018,Musical,7.3,Movie,133,130664
The Lost World: Jurassic Park,1997,Sci-Fi,6.6,Movie,129,390425
The Politician,2019,Comedy,7.5,Movie,42,19735
Marco Polo,2014,Historical,8,Movie,60,67083
Tattoo Redo,2021,Reality-TV,5.6,Movie,69,232
Shameless,2004,Comedy,8,Movie,90,15630
Top Gear,2002,Reality-TV,8.6,Movie,60,111345
Vanquish,2021,Thriller,2.7,Movie,94,3010
Sweet Magnolias,2020,Romance,7.4,Movie,69,10096
Geostorm,2017,Sci-Fi,5.3,Movie,109,99724
The Bureau of Magical Things,2018,Family,6.8,Movie,25,1349
Rojst,2018,Thriller,7,Movie,50,3471
Sausage Party,2016,Animation,6.1,Movie,89,181775
A Futile and Stupid Gesture,2018,Biography,6.8,Movie,101,14676
Eurovision Song Contest: The Story of Fire Saga,2020,Musical,6.5,Movie,123,84242
Russian Doll,2019,Adventure,7.9,Movie,30,72588
Sa-rang-eui bul-sa-chak,2019,Romance,8.7,Movie,70,16879
The Next Three Days,2010,Crime,7.3,Movie,133,189815
Maniac,2018,Sci-Fi,7.8,Movie,386,69384
Moonlight,2016,Drama,7.4,Movie,111,285273
In the Heart of the Sea,2015,Action,6.9,Movie,122,128605
The Babysitter: Killer Queen,2020,Horror,5.8,Movie,101,31220
Final Space,2018,Animation,8.3,Movie,30,36443
Into the Badlands,2015,Action,8,Movie,42,43147
Firefly Lane,2021,Romance,7.4,Movie,69,16674
Manhunt,2017,Biography,8.1,Movie,60,54164
Kingdom,2014,Drama,8.5,Movie,43,16565
Wet Hot American Summer: First Day of Camp,2015,Comedy,7.4,Movie,30,22906
Rebecca,2020,Romance,6,Movie,123,35836
Master of None,2015,Comedy,8.3,Movie,30,70472
The Stranger,2020,Crime,7.3,Movie,363,38697
Contact,1997,Sci-Fi,7.5,Movie,150,261289
The Kissing Booth,2018,Romance,6,Movie,105,72207
Top Boy,2011,Thriller,8.4,Movie,60,14832
Climax,2018,Horror,7,Movie,97,58051
Vivo,2021,Animation,7.3,Movie,95,27
Gods of Egypt,2016,Action,5.4,Movie,127,109959
Mank,2020,Biography,6.9,Movie,131,63893
Bleach: Burîchi,2004,Animation,8.1,Movie,24,46537
¿Quién Mató a Sara?,2021,Crime,6.4,Movie,69,10387
X-Ray: Selected Satyajit Shorts,2021,Thriller,7.2,Movie,65,7023
The Dirt,2019,Biography,7,Movie,107,43022
The Real Housewives of Beverly Hills,2010,Reality-TV,5.1,Movie,44,5326
Gerald's Game,2017,Horror,6.5,Movie,103,95660
Outlaw King,2018,Action,6.9,Movie,121,64076
Another Life,2019,Mystery,5,Movie,43,25983
Crazy Ex-Girlfriend,2015,Musical,7.8,Movie,42,17902
Yakusoku no Neverland,2019,Animation,8.5,Movie,23,28438
He's All That,2021,Romance,7.1,Movie,69,789
High School DxD,2012,Animation,7.6,Movie,23,8085
Fuller House,2016,Family,6.7,Movie,30,25578
Thunder Force,2021,Action,4.4,Movie,106,35640
The Midnight Sky,2020,Sci-Fi,5.6,Movie,118,75985
Breach,2020,Horror,3.1,Movie,92,10958
Rosemary's Baby,1968,Horror,8,Movie,137,201472
Below Deck,2013,Reality-TV,7.3,Movie,43,2222
Kung Fu Panda 3,2016,Animation,7.1,Movie,95,141657
Bright,2017,Fantasy,6.3,Movie,117,175334
H2O: Just Add Water,2006,Fantasy,7.2,Movie,23,13458
Colony,2016,Action,7.4,Movie,42,32620
Deep,2021,Sci-Fi,4.9,Movie,101,738
From Dusk Till Dawn: The Series,2014,Fantasy,6.9,Movie,45,19559
Ender's Game,2013,Action,6.6,Movie,114,228812
Kôdo giasu - Hangyaku no rurûshu: Code Geass - Lelouch of the Rebellion,2006,Animation,8.7,Movie,24,55979
Alice in Borderland,2020,Fantasy,7.7,Movie,50,22347
Planet of the Apes,1968,Sci-Fi,8,Movie,112,170681
Shot Caller,2017,Thriller,7.3,Movie,121,77040
Ash vs Evil Dead,2015,Horror,8.4,Movie,30,67180
Pieces of a Woman,2020,Drama,7.1,Movie,126,41856
Yes Day,2021,Family,5.7,Movie,86,19062
The Ritual,2017,Horror,6.3,Movie,94,84230
Force of Nature,2020,Crime,4.5,Movie,91,9016
Downsizing,2017,Sci-Fi,5.7,Movie,135,102222
Fruits Basket,2019,Animation,8.6,Movie,24,3549
Murder Mystery,2019,Comedy,6,Movie,97,110725
Poketto monsutâ,1997,Animation,7.5,Movie,24,39553
Cursed,2020,Fantasy,5.9,Movie,60,25954
Lone Survivor,2013,Action,7.5,Movie,121,273061
"Extremely Wicked, Shockingly Evil and Vile",2019,Biography,6.7,Movie,110,84387
Henry Danger,2014,Family,5.7,Movie,30,3933
Under the Dome,2013,Sci-Fi,6.6,Movie,43,102725
The Founder,2016,Biography,7.2,Movie,115,134759
Mononoke-hime,1997,Animation,8.4,Movie,134,359473
Space Force,2020,Comedy,6.7,Movie,30,49116
Timeless,2016,Action,7.7,Movie,60,38791
Seutateueob,2020,Romance,8.1,Movie,80,5778
La catedral del mar,2018,Historical,7.5,Movie,55,3574
Beckett,2021,Crime,7.1,Movie,108,789
Triple Frontier,2019,Action,6.4,Movie,125,115059
Fondeados,2021,Comedy,4.2,Movie,97,161
Sweet Home,2020,Horror,7.4,Movie,52,12428
101 Dalmatians,1996,Comedy,5.7,Movie,103,106580
Warrior Nun,2020,Fantasy,6.9,Movie,69,24525
The Irregulars,2021,Crime,5.9,Movie,69,12624
Party of Five,1994,Family,6.8,Movie,60,9709
Lilyhammer,2012,Comedy,8,Movie,45,27587
Frontier,2016,Historical,7.2,Movie,60,18202
El Cartel de los Sapos - El Origen,2021,Crime,5.5,Movie,69,26
Rampage,2018,Sci-Fi,6.1,Movie,107,151688
The Croods,2013,Animation,7.2,Movie,98,200206
Safe,2018,Crime,7.3,Movie,356,34984
The Firm,1993,Thriller,6.8,Movie,154,124972
Fauda,2015,Thriller,8.2,Movie,60,21689
The Clovehitch Killer,2018,Crime,6.6,Movie,109,21572
Serebryanye konki,2020,Family,7.1,Movie,130,3082
The Last Dance,2020,Documentary,9.1,Movie,491,93041
Death Wish,2018,Crime,6.3,Movie,107,68094
We Can Be Heroes,2020,Comedy,4.7,Movie,100,12202
The Blues Brothers,1980,Action,7.9,Movie,133,188459
The Highwaymen,2019,Biography,6.9,Movie,132,81703
Unknown,2011,Thriller,6.8,Movie,113,253999
Father of the Bride Part 3 (ish),2020,Family,7,Movie,26,669
Somos.,2021,Crime,7.2,Movie,55,726
Hunt for the Wilderpeople,2016,Adventure,7.9,Movie,101,118166
Eliza Graves,2014,Horror,6.8,Movie,112,53438
Shin seiki evangerion,1995,Animation,8.5,Movie,24,55618
Monty Python and the Holy Grail,1975,Fantasy,8.2,Movie,91,513289
Unorthodox,2020,Drama,8,Movie,53,65121
What Happened to Monday,2017,Fantasy,6.9,Movie,123,112557
The Society,2019,Sci-Fi,7.1,Movie,58,23081
12 Monkeys,2015,Mystery,7.7,Movie,42,42021
Dirk Gently's Holistic Detective Agency,2016,Action,8.2,Movie,60,45519
The Best of Enemies,2019,Biography,7.2,Movie,133,13196
Sword Art Online,2012,Animation,7.6,Movie,24,39325
His House,2020,Horror,6.5,Movie,93,32061
Troy: Fall of a City,2018,Action,3.8,Movie,60,12889
Impractical Jokers,2011,Reality-TV,8.5,Movie,30,35544
Unbreakable Kimmy Schmidt,2015,Comedy,7.6,Movie,30,65718
The Harder They Fall,2021,Western,7.1,Movie,69,789
Atomic Blonde,2017,Thriller,6.7,Movie,115,182505
Rango,2011,Animation,7.2,Movie,107,245778
The Defenders,2017,Action,7.3,Movie,50,94589
The Lucky One,2012,Romance,6.5,Movie,101,103765
Hush,2016,Horror,6.6,Movie,82,112354
The Order,2019,Horror,6.8,Movie,60,23592
Santa Clarita Diet,2017,Horror,7.8,Movie,30,60032
Hillbilly Elegy,2020,Drama,6.7,Movie,116,37137
Insatiable,2018,Thriller,6.5,Movie,45,24221
Spy Kids,2001,Action,5.5,Movie,88,111413
The Boondocks,2005,Animation,8.4,Movie,22,27816
White House Down,2013,Thriller,6.3,Movie,131,211395
Hemlock Grove,2013,Horror,7.1,Movie,46,37861
Mighty Morphin Power Rangers,1993,Family,6.5,Movie,30,20874
Love Island,2019,Reality-TV,5,Movie,69,615
Gilmore Girls: A Year in the Life,2016,Comedy,7.6,Movie,370,32877
A Perfect Fit,2021,Romance,5.2,Movie,112,294
The Human Centipede (First Sequence),2009,Horror,4.4,Movie,92,75214
Explained,2018,Documentary,8,Movie,18,7568
Zenra kantoku,2019,Biography,7.7,Movie,48,5160
Cars 3,2017,Animation,6.7,Movie,102,83135
Southpaw,2015,Crime,7.4,Movie,124,223775
Disenchantment,2018,Animation,7.2,Movie,30,51002
The Kissing Booth 3,2021,Romance,7.1,Movie,112,789
The A-Team,2010,Action,6.7,Movie,117,250321
In the Shadow of the Moon,2019,Crime,6.2,Movie,115,44980
Steven Universe,2013,Animation,8.2,Movie,11,28064
Outside the Wire,2021,Action,5.4,Movie,114,37342
Below Her Mouth,2016,Romance,5.5,Movie,94,11129
Girl From Nowhere,2018,Crime,7.7,Movie,45,2703
This Means War,2012,Romance,6.3,Movie,103,179783
Shaft,2019,Comedy,6.4,Movie,111,48354
Lawrence of Arabia,1962,Biography,8.3,Movie,228,276605
Mars Attacks!,1996,Sci-Fi,6.3,Movie,106,215049
Versailles,2015,Biography,7.9,Movie,52,14803
Sweet Girl,2021,Thriller,7.1,Movie,96,789
The Guernsey Literary and Potato Peel Pie Society,2018,War,7.4,Movie,124,39672
Steins;Gate,2011,Animation,8.8,Movie,24,49834
Beauty and the Beast,1991,Animation,8,Movie,84,425384
The SpongeBob Movie: Sponge on the Run,2020,Animation,6,Movie,91,14375
Finding Dory,2016,Animation,7.3,Movie,97,250953
The Shannara Chronicles,2016,Sci-Fi,7.2,Movie,42,56121
The Wrong Missy,2020,Romance,5.7,Movie,90,35070
Kol,2020,Horror,7.1,Movie,112,23350
Public Enemies,2009,Biography,7,Movie,140,288097
A Second Chance: Rivals!,2019,Sports,5,Movie,89,218
I Am Not Okay with This,2020,Comedy,7.5,Movie,30,47433
127 Hours,2010,Biography,7.5,Movie,94,357144
Army of the Dead: Lost Vegas,2022,Animation,7.1,Movie,69,789
Jurassic Park III,2001,Sci-Fi,5.9,Movie,92,302292
Lovesick,2014,Comedy,8.1,Movie,24,17516
Revenge,2017,Horror,6.4,Movie,108,39034
Total Recall,2012,Sci-Fi,6.2,Movie,118,244708
Happy Valley,2014,Crime,8.4,Movie,58,35283
Barbarians,2020,Action,7.2,Movie,280,20051
That Time I Got Reincarnated as a Slime,2018,Animation,8.1,Movie,25,6084
Vis a vis,2015,Thriller,8.2,Movie,53,18606
Footloose,1984,Musical,6.6,Movie,107,73935
Brand New Cherry Flavor,2021,Horror,7.1,Movie,69,789
Hell on Wheels,2011,Western,8.3,Movie,42,48854
Too Hot to Handle Brazil,2021,Reality-TV,5.4,Movie,69,124
Fairy Tail: Fearî teiru,2009,Animation,8,Movie,24,21958
Brooklyn,2015,Romance,7.5,Movie,117,135157
Pinocchio,2021,Animation,7.1,Movie,69,789
On Becoming a God in Central Florida,2019,Comedy,7.2,Movie,46,4580
Child's Play,2019,Horror,5.7,Movie,90,46932
The Danish Girl,2015,Romance,7.1,Movie,119,171124
The Bad Batch,2016,Horror,5.3,Movie,118,28243
Into the Night,2020,Sci-Fi,7.1,Movie,69,23336
Shûmatsu no Valkyrie,2021,Animation,6.2,Movie,24,3126
Penguin Bloom,2020,Drama,6.8,Movie,95,7309
Je8ileui Bam,2021,Horror,5.4,Movie,115,1797
Now You See Me 2,2016,Action,6.5,Movie,129,261079
Undercover,2019,Thriller,7.8,Movie,50,12708
Holidate,2020,Romance,6.1,Movie,104,51143
The Gift,2019,Fantasy,7.2,Movie,40,19841
Keeping Up with the Kardashians,2006,Family,2.8,Movie,44,27754
The Tourist,2010,Thriller,6,Movie,103,230565
The Emperor's New Groove,2000,Animation,7.4,Movie,78,187523
Stateless,2020,Drama,7.6,Movie,316,7693
Rake,2010,Comedy,8.5,Movie,60,6924
Deepwater Horizon,2016,Historical,7.1,Movie,107,158184
Mob Psycho 100,2016,Animation,8.6,Movie,24,19553
Blue Miracle,2021,Biography,6.7,Movie,95,4816
3Below: Tales of Arcadia,2018,Animation,7.7,Movie,24,5095
Finding 'Ohana,2021,Action,6.1,Movie,123,8280
1922,2017,Horror,6.3,Movie,102,56699
Hubie Halloween,2020,Mystery,5.2,Movie,103,42044
Hold the Dark,2018,Thriller,5.6,Movie,125,34753
Boku dake ga inai machi,2016,Animation,8.5,Movie,264,35113
The Amazing World of Gumball,2011,Animation,8.2,Movie,11,24448
The Dictator,2012,Comedy,6.4,Movie,83,287003
Miss Fisher's Murder Mysteries,2012,Crime,8.3,Movie,60,14457
Saikojiman Gwaenchanha,2020,Romance,8.8,Movie,70,14079
Julie and the Phantoms,2020,Family,8.5,Movie,69,7576
Green Room,2015,Horror,7,Movie,95,112522
The Witcher: Nightmare of the Wolf,2021,Animation,7.1,Movie,81,789
Utopia,2013,Sci-Fi,8.4,Movie,50,43067
The Post,2017,Drama,7.2,Movie,116,141624
Dracula,2020,Horror,6.8,Movie,270,43668
Spartacus,1960,Biography,7.9,Movie,197,128685
Tonari no Totoro,1988,Animation,8.2,Movie,86,305790
The Quick and the Dead,1995,Thriller,6.4,Movie,107,88608
I Am All Girls,2021,Crime,5.9,Movie,107,4331
Project Power,2020,Sci-Fi,6,Movie,113,77538
F Is for Family,2015,Animation,8,Movie,30,31263
Salvation,2017,Sci-Fi,7,Movie,43,19954
Knocked Up,2007,Romance,6.9,Movie,129,356979
The A List,2018,Crime,5.5,Movie,25,2333
The Sandman,2021,Action,7.1,Movie,69,789
The White Tiger,2021,Crime,7.1,Movie,125,51960
Fatal Attraction,1987,Thriller,6.9,Movie,119,79936
Malcolm & Marie,2021,Romance,6.7,Movie,106,30082
Falling Inn Love,2019,Romance,5.6,Movie,98,17284
Bad Blood,2017,Crime,7.5,Movie,47,8238
Dark Desire,2020,Thriller,6.4,Movie,30,4317
Daybreak,2019,Action,6.7,Movie,60,17040
Dreamgirls,2006,Musical,6.5,Movie,130,70985
Smokin' Aces,2006,Comedy,6.7,Movie,109,140790
Wu Assassins,2019,Crime,6.5,Movie,44,10655
Serenity,2019,Thriller,5.4,Movie,106,38364
Time Trap,2017,Action,6.3,Movie,87,32322
Sorjonen,2016,Crime,7.6,Movie,60,8460
The Professor and the Madman,2019,Biography,7.3,Movie,124,39678
The Gray Man,2022,Thriller,7.1,Movie,69,789
Dynasty Warriors,2021,Action,4.8,Movie,119,1437
Hotel Transylvania 3: Summer Vacation,2018,Animation,6.3,Movie,97,62255
Xtremo,2021,Crime,5.8,Movie,111,3221
Formula 1: Drive to Survive,2019,Documentary,8.6,Movie,40,26266
Triple 9,2016,Thriller,6.3,Movie,115,69234
Blue Mountain State,2010,Sports,8.3,Movie,22,49898
Dokutaa Sutoon,2019,Animation,8.2,Movie,23,13258
Knightfall,2017,Action,6.8,Movie,60,17970
Okja,2017,Action,7.3,Movie,120,111004
On My Block,2018,Comedy,8,Movie,30,12097
Ófærð,2015,Crime,8.1,Movie,60,17309
Easy Rider,1969,Adventure,7.3,Movie,95,104511
Roman Empire,2016,Documentary,7,Movie,48,6536
Hollywood,2020,Drama,7.5,Movie,347,32278
A Walk to Remember,2002,Romance,7.3,Movie,101,203383
The Chair,2021,Comedy,7.1,Movie,30,789
Moxie,2021,Comedy,6.7,Movie,111,20638
Torchwood,2006,Mystery,7.7,Movie,50,39266
To All the Boys I've Loved Before,2018,Romance,7.1,Movie,99,94786
The Silence,2019,Horror,5.3,Movie,90,40712
Jurassic World: Camp Cretaceous,2020,Animation,7.5,Movie,24,5414
Lilo & Stitch,2002,Animation,7.3,Movie,85,175052
Gypsy,2017,Thriller,6.8,Movie,51,14978
Zone Blanche,2017,Horror,7.5,Movie,52,8771
Apostle,2018,Horror,6.3,Movie,130,46866
Breakfast at Tiffany's,1961,Romance,7.6,Movie,115,171297
Operation Finale,2018,Biography,6.6,Movie,122,36593
Le Guide de la famille parfaite,2021,Comedy,6.4,Movie,102,611
Locke,2013,Drama,7.1,Movie,85,140930
A Cinderella Story,2004,Romance,5.9,Movie,95,82876
Glitch,2015,Horror,7.3,Movie,45,15882
To Kill a Mockingbird,1962,Crime,8.3,Movie,129,301591
Escape Plan,2013,Thriller,6.7,Movie,115,233030
Alias Grace,2017,Biography,7.7,Movie,267,28424
Algoissjiman,2021,Romance,7.7,Movie,70,472
Hachi: A Dog's Tale,2009,Biography,8.1,Movie,93,263445
Bad Trip,2021,Comedy,6.6,Movie,86,19931
Sacred Games,2018,Crime,8.6,Movie,50,80715
Happy!,2017,Comedy,8.2,Movie,60,35020
Gi-eok-ui bam,2017,Horror,7.5,Movie,108,24377
Generazione 56K,2021,Romance,7.4,Movie,30,1200
Geçen Yaz,2021,Romance,6.4,Movie,101,1663
Staged,2020,Comedy,8.6,Movie,22,5037
Life of Brian,1979,Comedy,8.1,Movie,94,378134
Control Z,2020,Thriller,6.9,Movie,37,5710
Icarus,2017,Documentary,7.9,Movie,120,43265
Blonde,2022,Romance,7.1,Movie,69,789
Trinkets,2019,Comedy,7.1,Movie,30,8312
Criminal: UK,2019,Thriller,7.6,Movie,43,15941
Colombiana,2011,Thriller,6.4,Movie,108,97146
Resident Evil: The Final Chapter,2016,Horror,5.5,Movie,107,87437
The Whole Truth,2016,Crime,6.2,Movie,93,26541
Death Note,2017,Crime,4.4,Movie,101,79452
Shigatsu wa kimi no uso,2014,Animation,8.6,Movie,23,21095
Collateral,2018,Crime,6.8,Movie,230,15562
Hannah Montana,2006,Musical,5.2,Movie,23,38015
One Day at a Time,2017,Comedy,8.2,Movie,30,14209
Easy,2016,Comedy,6.9,Movie,30,12779
Wizards,2020,Animation,8.2,Movie,233,2795
The Poison Rose,2019,Thriller,4.7,Movie,98,7413
I Am Mother,2019,Sci-Fi,6.7,Movie,113,81421
Man Like Mobeen,2017,Comedy,8,Movie,21,1996
Shtisel,2013,Drama,8.6,Movie,45,5881
My Octopus Teacher,2020,Documentary,8.1,Movie,85,42025
Dirty Grandpa,2016,Comedy,5.9,Movie,102,117026
The Dragon Prince,2018,Animation,8.4,Movie,26,18512
Late Night,2019,Comedy,6.5,Movie,102,33065
The Dark Crystal: Age of Resistance,2019,Family,8.4,Movie,60,22469
The Ridiculous 6,2015,Action,4.8,Movie,119,46072
The Spy,2019,Historical,7.9,Movie,53,35965
Tribes of Europa,2021,Action,6.8,Movie,69,10043
Deadly Class,2018,Action,7.6,Movie,60,15025
#Saraitda,2020,Horror,6.3,Movie,98,30530
The Duff,2015,Romance,6.5,Movie,101,86929
Durante la tormenta,2018,Fantasy,7.4,Movie,128,47502
You're Next,2011,Horror,6.6,Movie,95,92232
Borgen,2010,Drama,8.5,Movie,58,21123
The Lincoln Lawyer,2011,Crime,7.3,Movie,118,222054
Pixels,2015,Fantasy,5.5,Movie,105,135509
Lost Girls,2020,Thriller,6.1,Movie,95,18958
The Ten Commandments,1956,Adventure,7.9,Movie,220,66532
Live by Night,2016,Crime,6.4,Movie,129,54010
Sabotage,2014,Crime,5.7,Movie,109,61545
Despicable Me 2,2013,Animation,7.3,Movie,98,377936
Extinction,2018,Sci-Fi,5.8,Movie,95,49162
Spartacus: Gods of the Arena,2011,Action,8.5,Movie,331,130057
Oz the Great and Powerful,2013,Fantasy,6.3,Movie,130,201707
Secret City,2016,Thriller,7.4,Movie,49,7001
All the Bright Places,2020,Romance,6.5,Movie,107,24223
Violet Evergarden,2018,Animation,8.5,Movie,24,14942
CHIPS,2017,Comedy,6,Movie,100,44487
Tuca & Bertie,2019,Animation,7.4,Movie,26,5730
Mako Mermaids,2013,Adventure,6.8,Movie,30,3445
The School for Good and Evil,2022,Fantasy,7.1,Movie,69,789
Security,2021,Thriller,4.9,Movie,118,1272
Wanted,2016,Crime,7.7,Movie,60,5050
Malevolent,2018,Horror,4.8,Movie,89,11672
Acts of Violence,2018,Crime,5.3,Movie,86,11683
The Kissing Booth 2,2020,Romance,5.8,Movie,134,24006
Da 5 Bloods,2020,War,6.5,Movie,154,46703
Taken 3,2014,Thriller,6,Movie,108,183595
Roma,2018,Drama,7.7,Movie,135,146484
Out of the Furnace,2013,Crime,6.8,Movie,116,110076
October Faction,2020,Fantasy,6.2,Movie,39,9432
Noah,2014,Action,5.7,Movie,138,247033
Takers,2010,Thriller,6.2,Movie,107,59882
White Lines,2020,Crime,6.6,Movie,60,15362
Lord of War,2005,Crime,7.6,Movie,122,300344
Blue Jasmine,2013,Comedy,7.3,Movie,98,195580
Trouble,2019,Animation,5.9,Movie,87,2729
The Expendables 2,2012,Action,6.6,Movie,103,296948
SAS: Red Notice,2021,Thriller,4.9,Movie,124,6563
MILF,2018,Comedy,4.7,Movie,101,5187
Seungriho,2021,Action,6.6,Movie,136,20522
El Chapo,2017,Biography,7.8,Movie,43,16037
Cuckoo,2012,Comedy,7.2,Movie,30,8399
Conan the Barbarian,2011,Action,5.2,Movie,113,96638
The Loud House,2021,Animation,7.1,Movie,83,789
What/If,2019,Thriller,6.3,Movie,55,13714
Peppa Pig,2004,Animation,6.2,Movie,9,4125
Battle of Britain,1969,Historical,7,Movie,132,21366
The Cloverfield Paradox,2018,Horror,5.5,Movie,102,98742
Close Enough,2020,Animation,7.8,Movie,23,6457
The Rain,2018,Sci-Fi,6.3,Movie,45,32861
River,2015,Crime,8,Movie,60,21497
2067,2020,Sci-Fi,4.9,Movie,114,6977
Begin Again,2013,Comedy,7.4,Movie,104,147794
Newness,2017,Romance,6.3,Movie,117,15240
The Invitation,2015,Thriller,6.6,Movie,100,100313
Eli,2019,Horror,5.7,Movie,98,31499
Flashdance,1983,Musical,6.2,Movie,95,49826
Hummingbird,2013,Crime,6.2,Movie,100,68546
Navarasa,2021,Drama,7.1,Movie,69,789
Still Game,2002,Comedy,8.8,Movie,30,6624
Valeria,2020,Romance,6.2,Movie,47,3229
The Musketeers,2014,Adventure,7.8,Movie,55,21223
Paddington 2,2017,Animation,7.8,Movie,103,66462
Gake no ue no Ponyo,2008,Animation,7.7,Movie,101,131204
Mechanic: Resurrection,2016,Action,5.7,Movie,98,79668
Hit and Run,2021,Crime,7.1,Movie,69,789
Grand Army,2020,Drama,7.6,Movie,69,4640
Kaguya-sama wa kokurasetai ~ Tensai tachi no ren'ai zunô sen ~,2019,Animation,8.4,Movie,24,6665
The English Game,2020,Historical,7.6,Movie,281,12846
Ma Rainey's Black Bottom,2020,Musical,7,Movie,94,44829
The Prom,2020,Musical,5.9,Movie,130,24451
In the Tall Grass,2019,Horror,5.4,Movie,101,50124
The Adam Project,2022,Sci-Fi,7.1,Movie,69,789
Bronx,2020,Crime,6.1,Movie,116,7517
Scary Movie 5,2013,Comedy,3.5,Movie,88,67762
Sseulsseulhago Chalranhashin: Dokkaebi,2016,Comedy,8.6,Movie,60,14034
The War of the Worlds,2019,Sci-Fi,5.1,Movie,48,8131
The Thundermans,2013,Comedy,5.8,Movie,23,4055
Black Space,2020,Thriller,6.8,Movie,45,1074
Salem,2014,Horror,7.2,Movie,60,22579
Kill Me Three Times,2014,Comedy,5.9,Movie,90,22359
Killers,2010,Romance,5.5,Movie,100,89080
Teen Titans Go!,2013,Animation,5.4,Movie,10,18481
Cosmos: A Spacetime Odyssey,2014,Documentary,9.3,Movie,557,114386
White Noise,2022,Mystery,7.1,Movie,69,789
Trese,2021,Animation,7.1,Movie,33,2521
The I-Land,2019,Mystery,4.6,Movie,281,15743
Ferry,2021,Crime,7,Movie,106,8077
Seulgiroun Euisasaenghal,2020,Comedy,8.7,Movie,84,2903
Norsemen,2016,Comedy,7.8,Movie,30,15751
The Valhalla Murders,2019,Crime,7.1,Movie,50,10077
Teenage Bounty Hunters,2020,Comedy,7.7,Movie,69,9250
Terrifier,2016,Horror,5.7,Movie,82,15459
El desorden que dejas,2020,Crime,6.8,Movie,56,7362
The Suite Life of Zack & Cody,2005,Family,6.5,Movie,30,33934
Klaus,2019,Animation,8.2,Movie,96,116438
Majo no takkyûbin,1989,Animation,7.9,Movie,103,130851
Havoc,2022,Thriller,7.1,Movie,69,789
Hot Girls Wanted,2015,Documentary,6.1,Movie,84,16677
Operation Brothers,2019,Historical,6.6,Movie,129,25897
My Little Pony: Friendship Is Magic,2010,Animation,7.6,Movie,22,19523
Itaewon Keullasseu,2020,Romance,8.2,Movie,70,8028
Fresh Meat,2011,Comedy,7.8,Movie,50,16355
The Mist,2017,Horror,5.4,Movie,42,23195
The Fundamentals of Caring,2016,Comedy,7.3,Movie,97,65440
Sharknado,2013,Action,3.3,Movie,86,47705
De slag om de Schelde,2020,War,7.5,Movie,124,1937
Elize Matsunaga: Era Uma Vez Um Crime,2021,Documentary,5.8,Movie,197,1241
The Lorax,2012,Animation,6.4,Movie,86,103009
Crashing,2016,Comedy,7.7,Movie,30,16276
The War Next-Door,2021,Comedy,5.8,Movie,69,228
DARLING in the FRANXX,2018,Animation,7.4,Movie,24,6631
Akame ga Kill!,2014,Animation,7.8,Movie,24,19158
Naomi Osaka,2021,Documentary,6.2,Movie,113,760
Circle,2015,Horror,6,Movie,87,48882
Alice Through the Looking Glass,2016,Fantasy,6.2,Movie,113,98302
Continuum,2012,Sci-Fi,7.6,Movie,45,58762
Macbeth,2015,War,6.6,Movie,113,54067
Blood of Zeus,2020,Animation,7.5,Movie,30,14272
Fawlty Towers,1975,Comedy,8.7,Movie,30,87386
Flowers,2016,Comedy,8.2,Movie,30,4751
Over the Moon,2020,Animation,6.4,Movie,95,18533
Dota: Dragon's Blood,2021,Animation,8,Movie,25,11971
The Infiltrator,2016,Biography,7,Movie,127,70858
Giri/Haji,2019,Crime,7.9,Movie,461,11847
The Do-Over,2016,Action,5.7,Movie,108,42672
Tales of the City,2019,Drama,7.4,Movie,60,6914
Doom,2005,Horror,5.2,Movie,105,110028
Snabba Cash,2021,Crime,7.6,Movie,52,6551
3%,2016,Sci-Fi,7.4,Movie,49,22943
How It Ends,2018,Action,5,Movie,113,46842
Deadly Illusions,2021,Thriller,3.7,Movie,114,10519
Man Down,2013,Comedy,7.6,Movie,30,3520
Kaze no tani no Naushika,1984,Animation,8.1,Movie,117,157520
The Last Stand,2013,Thriller,6.3,Movie,107,135448
De rouille et d'os,2012,Romance,7.5,Movie,120,65455
Young Guns II,1990,Western,6.5,Movie,104,33616
My Little Pony: A New Generation,2021,Animation,7.1,Movie,90,789
The Unicorn,2019,Family,7.2,Movie,22,3689
Pan,2015,Family,5.7,Movie,111,61772
Voces,2020,Horror,6.1,Movie,97,11470
Vikings: Valhalla,2018,Action,7.1,Movie,69,789
The Protector,2018,Sci-Fi,6.7,Movie,40,32936
The Outsider,2018,Crime,6.3,Movie,120,22393
The One,2021,Crime,6.6,Movie,69,10810
"Shin seiki Evangelion Gekijô-ban: Air/Magokoro wo, kimi ni",1997,Animation,8.1,Movie,87,43888
Paranoid,2016,Crime,6.7,Movie,45,7413
The Iceman,2012,Biography,6.8,Movie,106,72326
Las chicas del cable,2017,Drama,7.6,Movie,50,12876
Hannibal Rising,2007,Action,6.2,Movie,121,106197
Living with Yourself,2019,Sci-Fi,7.2,Movie,26,27102
The Laundromat,2019,Comedy,6.3,Movie,96,46757
The Package,2018,Thriller,5.5,Movie,94,15474
Cocomelon,2019,Animation,4.5,Movie,69,273
Kodachrome,2017,Drama,6.8,Movie,105,14021
Reckoning,2019,Thriller,6.6,Movie,460,4209
Mute,2018,Thriller,5.5,Movie,126,32496
Messiah,2020,Thriller,7.6,Movie,43,39729
Mowgli,2018,Fantasy,6.5,Movie,104,58420
Bungou Stray Dogs,2016,Animation,7.8,Movie,24,3754
The Day the Earth Stood Still,2008,Sci-Fi,5.5,Movie,104,165900
Miseuteo Shunshain,2018,Historical,8.8,Movie,80,5228
Anon,2018,Thriller,6.1,Movie,100,40017
Always Be My Maybe,2019,Romance,6.8,Movie,101,49867
Ridley Jones,2021,Animation,4.8,Movie,27,108
Suburra - La serie,2017,Crime,7.9,Movie,50,12933
Fire Force,2019,Animation,7.7,Movie,23,4529
The Adventures of Sharkboy and Lavagirl 3-D,2005,Action,3.7,Movie,93,34853
One of Us,2016,Thriller,7,Movie,231,7338
Taken 2,2012,Thriller,6.3,Movie,92,295140
Bonding,2018,Comedy,7.2,Movie,107,14488
The Last Thing He Wanted,2020,Thriller,4.3,Movie,115,13680
The Ugly Truth,2009,Romance,6.4,Movie,96,209052
Aftermath,2021,Horror,6.5,Movie,114,20
The Professor,2018,Comedy,6.7,Movie,90,27464
Seven Seconds,2018,Crime,7.7,Movie,60,14101
Kota Factory,2019,Comedy,9.2,Movie,45,52724
Seishun Buta Yaro wa Bunny Girl-senpai no Yume wo Minai,2018,Animation,8.2,Movie,24,6463
The Daily Life of the Immortal King,2020,Animation,7.4,Movie,18,559
Dumplin',2018,Comedy,6.6,Movie,110,30553
Sweet Virginia,2017,Thriller,6.2,Movie,93,9324
Making a Murderer,2015,Documentary,8.6,Movie,60,89223
To the Bone,2017,Drama,6.8,Movie,107,43863
The Perfection,2018,Horror,6.2,Movie,90,38531
The Sleepover,2020,Action,5.6,Movie,100,9040
"tick, tick...Boom!",2021,Biography,7.1,Movie,115,789
Devilman: Crybaby,2018,Animation,7.6,Movie,25,15076
Deliver Us from Evil,2014,Crime,6.2,Movie,118,73461
Set It Up,2018,Romance,6.5,Movie,105,45957
Baegabondeu,2019,Thriller,8.3,Movie,60,5333
Concrete Cowboy,2020,Drama,6.3,Movie,111,7008
Tae-yang-eui hoo-ye,2016,Comedy,8.3,Movie,60,11327
Bimilui Soop,2017,Crime,8.6,Movie,60,6339
The Human Centipede II (Full Sequence),2011,Horror,3.8,Movie,91,36912
Tate no Yuusha no Nariagari,2019,Animation,8.1,Movie,24,8129
Kara Para Ask,2014,Crime,7.3,Movie,90,5300
Shadowplay,2020,Thriller,6.5,Movie,45,1072
Selena: The Series,2020,Biography,6.8,Movie,40,3948
Skater Girl,2021,Sports,6.7,Movie,107,2947
Calibre,2018,Thriller,6.8,Movie,101,24891
Sightless,2020,Thriller,5.5,Movie,89,6552
Tiny Pretty Things,2020,Thriller,5.9,Movie,60,8033
Baki,2018,Animation,6.7,Movie,45,4329
Mudbound,2017,War,7.4,Movie,134,45231
Close,2019,Thriller,5.7,Movie,94,22708
Dead Man Down,2013,Crime,6.5,Movie,118,65672
Sexify,2021,Comedy,6.5,Movie,40,4053
Paradise PD,2018,Animation,6.9,Movie,28,15799
Selling Sunset,2019,Reality-TV,6.3,Movie,30,3693
Greenleaf,2016,Drama,7.4,Movie,60,4624
Raising Dion,2019,Sci-Fi,7.2,Movie,50,9560
Country Comfort,2021,Family,6.9,Movie,69,2617
Family Reunion,2019,Comedy,6.6,Movie,28,2049
A Week Away,2021,Musical,5.8,Movie,94,3565
Step Up,2006,Crime,6.5,Movie,104,113232
The Social Dilemma,2020,Documentary,7.6,Movie,94,72604
The Promise,2016,Action,6,Movie,133,174181
Mignonnes,2020,Drama,3.2,Movie,96,28451
Everything Sucks!,2018,Comedy,7.5,Movie,30,16163
Night Stalker: The Hunt for a Serial Killer,2021,Documentary,7.5,Movie,189,20124
Kakegurui,2017,Animation,7.2,Movie,24,6269
The Night Comes for Us,2018,Thriller,7,Movie,121,23261
Child 44,2015,Crime,6.5,Movie,137,67925
To All the Boys: Always and Forever,2021,Romance,6.3,Movie,109,19098
The Flower of Evil,2020,Romance,8.8,Movie,70,4151
Berlin Syndrome,2017,Horror,6.3,Movie,116,23476
Office Christmas Party,2016,Comedy,5.9,Movie,105,72433
White Girl,2016,Crime,5.7,Movie,88,10127
Pine Gap,2018,Thriller,7.2,Movie,360,4182
Cargo,2017,Horror,6.3,Movie,105,39943
Away,2020,Sci-Fi,6.6,Movie,498,22137
Mercury Rising,1998,Crime,6.1,Movie,111,70935
"Game Over, Man!",2018,Comedy,5.4,Movie,101,27756
Friends from College,2017,Comedy,6.9,Movie,30,19088
Limitless,2015,Comedy,7.7,Movie,42,63498
Spectral,2016,Sci-Fi,6.3,Movie,107,55165
The Siege of Jadotville,2016,Historical,7.2,Movie,108,35164
Velvet Buzzsaw,2019,Horror,5.7,Movie,113,56534
Secret Obsession,2019,Thriller,4.4,Movie,97,19545
Don't F**k with Cats: Hunting an Internet Killer,2019,Documentary,8,Movie,187,42827
Suburbicon,2017,Comedy,5.7,Movie,105,41867
Bajocero,2021,Action,6.2,Movie,106,16022
The Titan,2018,Romance,4.8,Movie,97,29407
W lesie dzis nie zasnie nikt,2020,Horror,4.8,Movie,102,8260
The King: Youngwonui Gunjoo,2020,Fantasy,8.3,Movie,70,8068
Horse Girl,2020,Thriller,5.9,Movie,103,15901
Small Town Crime,2017,Thriller,6.6,Movie,91,10480
The Two Popes,2019,Comedy,7.6,Movie,125,113825
A Fall from Grace,2020,Thriller,5.9,Movie,120,13360
Alexa & Katie,2018,Comedy,7.5,Movie,25,3660
Goosebumps,1995,Horror,7.7,Movie,22,12427
The Italian Job,1969,Comedy,7.3,Movie,99,43775
Better Watch Out,2016,Horror,6.5,Movie,89,33703
Safe,2012,Thriller,6.5,Movie,94,106164
Love Wedding Repeat,2020,Romance,5.5,Movie,100,18758
Killerman,2019,Thriller,5.4,Movie,112,4495
Blitz,2011,Thriller,6.2,Movie,97,83777
The Devil's Own,1997,Crime,6.2,Movie,111,62161
Kaze tachinu,2013,Animation,7.8,Movie,126,77732
Monster,2018,Crime,6.5,Movie,98,4559
The Boss Baby: Back in Business,2018,Animation,6.5,Movie,25,2948
Spinning Out,2020,Sports,7.6,Movie,48,11776
Tenkû no shiro Rapyuta,1986,Animation,8,Movie,125,155408
I Don't Feel at Home in This World Anymore,2017,Comedy,6.9,Movie,93,52197
The Meyerowitz Stories (New and Selected),2017,Comedy,6.9,Movie,112,45047
Alta mar,2019,Crime,6.8,Movie,50,6483
Super Dark Times,2017,Horror,6.6,Movie,103,20965
Clickbait,2021,Crime,7.1,Movie,69,789
Zwartboek,2006,War,7.7,Movie,145,74139
The Half of It,2020,Romance,6.9,Movie,104,31488
Flaked,2016,Romance,7.2,Movie,30,10782
Before I Wake,2016,Horror,6.2,Movie,97,42362
Gwimul,2021,Thriller,8.2,Movie,70,1153
Someone Great,2019,Romance,6.2,Movie,92,19530
Feel the Beat,2020,Family,6.3,Movie,109,9400
"See No Evil, Hear No Evil",1989,Comedy,6.9,Movie,103,51788
Aseudal Yeondaegi,2019,Fantasy,8.4,Movie,80,3266
Dare Me,2019,Thriller,6.7,Movie,42,4049
Dolemite Is My Name,2019,Biography,7.3,Movie,118,56613
Le Bazar de la Charité,2019,Historical,7.7,Movie,48,3736
Beasts of No Nation,2015,War,7.7,Movie,137,76530
Killjoys,2015,Sci-Fi,7.2,Movie,42,20794
Don't Trust the B---- in Apartment 23,2012,Comedy,7.3,Movie,22,35329
Vivir sin permiso,2018,Drama,7.5,Movie,75,3769
We Summon the Darkness,2019,Horror,5.2,Movie,91,8597
Voltron: Legendary Defender,2016,Animation,8.1,Movie,23,8043
Kalifat,2020,Thriller,8.2,Movie,46,15200
Final Score,2018,Thriller,5.8,Movie,104,10598
Sick Note,2017,Comedy,6.8,Movie,30,6468
When We First Met,2018,Romance,6.4,Movie,97,44822
Myth & Mogul: John DeLorean,2021,Documentary,7,Movie,69,213
Isn't It Romantic,2019,Musical,5.9,Movie,89,65584
Great News,2017,Comedy,7,Movie,22,5958
Karppi,2018,Crime,7.2,Movie,45,7267
La trêve,2016,Thriller,7.6,Movie,52,5936
Red Dot,2021,Horror,5.5,Movie,86,11555
The Midnight Gospel,2020,Animation,8.2,Movie,23,13931
Rise of Empires: Ottoman,2020,Documentary,7.9,Movie,44,20016
Ludo,2020,Comedy,7.6,Movie,149,33766
Derek,2012,Comedy,8,Movie,23,29242
Tyrant,2014,Thriller,7.8,Movie,60,22324
Athlete A,2020,Documentary,7.6,Movie,103,8827
Verónica,2017,Horror,6.2,Movie,105,37751
Chambers,2019,Horror,6.5,Movie,60,7794
The Frankenstein Chronicles,2015,Crime,7.3,Movie,48,10591
The Ghost Writer,2010,Crime,7.2,Movie,128,159090
The Boy Who Harnessed the Wind,2019,Biography,7.6,Movie,113,32661
Hoo-goong: Je-wang-eui cheob,2012,Historical,6.1,Movie,122,1756
War Machine,2017,War,6,Movie,122,43574
Traitors,2019,Thriller,6.6,Movie,60,2568
Welcome Home,2018,Thriller,5.2,Movie,97,6846
Big Timber,2020,Reality-TV,6.5,Movie,69,333
The Good Cop,2018,Comedy,7.1,Movie,60,5172
Chen qing ling,2019,Action,9,Movie,50,4650
Batman: The Movie,1966,Comedy,6.5,Movie,105,30610
Dark Places,2015,Crime,6.2,Movie,113,43273
6 Days,2017,Historical,6.2,Movie,94,19869
Toy Boy,2019,Thriller,6.4,Movie,69,5774
The Hour,2011,Drama,8,Movie,60,9753
Tall Girl,2019,Family,5.2,Movie,101,19380
The Real Housewives of New York City,2008,Reality-TV,4.5,Movie,44,3254
Being Human,2008,Comedy,7.8,Movie,60,24392
Psycho-Pass,2012,Animation,8.2,Movie,25,16859
Cam,2018,Horror,5.9,Movie,94,28739
Kono subarashii sekai ni shukufuku o!,2016,Animation,7.8,Movie,24,7626
Leyla ile Mecnun,2011,Adventure,9.1,Movie,80,90655
Boyka: Undisputed IV,2016,Sports,7,Video,86,26802
V-Wars,2019,Horror,6.1,Movie,60,12690
Between Two Ferns: The Movie,2019,Comedy,6.1,Movie,82,28298
Sijipeuseu: The Myth,2021,Fantasy,7.1,Movie,70,2359
A Perfect Ending,2012,Romance,5.7,Movie,110,4044
Das schaurige Haus,2020,Fantasy,5.4,Movie,100,2713
Nightflyers,2018,Horror,5.9,Movie,60,12288
Hotel Del Luna,2019,Horror,8.2,Movie,80,4854
The Baby-Sitters Club,2020,Family,7.4,Movie,69,2599
Rim of the World,2019,Action,5.2,Movie,98,20693
Crossing Lines,2013,Crime,7.3,Movie,43,12545
We Bare Bears,2014,Animation,7.9,Movie,30,12975
The Saint,2017,Action,4.9,Movie,91,6077
Night in Paradise,2020,Crime,6.7,Movie,131,4668
Ezel,2009,Thriller,8.6,Movie,90,29151
Kimbiseoga wae geureolkka,2018,Romance,8.1,Movie,60,7696
Amar,2017,Romance,5.2,Movie,105,4083
Le convoyeur,2004,Crime,6.6,Movie,95,3525
Soupçons,2004,Documentary,7.9,Movie,629,20200
Valley of the Dolls,1967,Musical,6,Movie,123,7900
Tidelands,2018,Crime,7,Movie,60,7104
The Shack,2017,Fantasy,6.3,Movie,132,31775
To the Lake,2019,Sci-Fi,7.3,Movie,69,10507
Escape From Spiderhead,2021,Sci-Fi,7.1,Movie,69,789
Yakuza and the Family,2020,Crime,7,Movie,136,1192
Maggie,2015,Horror,5.6,Movie,95,42895
Broken City,2013,Crime,6.2,Movie,109,77749
Delhi Crime,2019,Crime,8.5,Movie,50,15928
La Mante,2017,Thriller,7.4,Movie,52,12210
Step Up 2: The Streets,2008,Musical,6.2,Movie,98,82792
Move to Heaven,2021,Drama,8.7,Movie,60,2598
Baby,2018,Drama,6.8,Movie,50,9336
L'incredibile storia dell'Isola delle Rose,2020,Adventure,7,Movie,117,16127
Jeopardy!,1984,Game-Show,8.2,Movie,30,6528
Miracle in Cell No. 7,2019,Drama,8.2,Movie,132,41099
Contraband,2012,Crime,6.4,Movie,109,119261
The Client,1994,Crime,6.7,Movie,119,62748
Mirror Mirror,2012,Adventure,5.6,Movie,106,85615
Otherhood,2019,Comedy,6.1,Movie,100,10213
A.N.T. Farm,2011,Family,5.1,Movie,30,6347
Chappelle's Show,2003,Musical,8.7,Movie,22,57671
You Me Her,2016,Romance,7,Movie,28,9698
Heist,2015,Crime,6.1,Movie,93,28949
Órbita 9,2017,Sci-Fi,5.9,Movie,95,7123
Bitten,2014,Horror,7,Movie,44,16925
The World's Most Amazing Vacation Rentals,2021,Reality-TV,6.6,Movie,69,685
Black Mirror: Bandersnatch,2018,Fantasy,7.1,Movie,90,118074
Johnny Test,2005,Animation,5.1,Movie,30,7357
I Spit on Your Grave 2,2013,Horror,5.7,Movie,106,28118
The Boys in the Band,2020,Drama,6.8,Movie,121,13250
Une fille facile,2019,Comedy,5.6,Movie,92,4398
The Great Gatsby,1974,Romance,6.4,Movie,144,24087
Mimi wo sumaseba,1995,Animation,7.9,Movie,111,55741
Rebecka Martinsson,2017,Crime,7.2,Movie,45,2356
Avengement,2019,Crime,6.6,Movie,87,12996
Thelma,2017,Horror,7,Movie,116,28282
Step Up 3D,2010,Musical,6.2,Movie,107,56610
Seaspiracy,2021,Documentary,8.2,Movie,89,25217
Drop Dead Diva,2009,Comedy,7.4,Movie,60,18697
High-Rise Invasion,2021,Animation,6.7,Movie,25,1836
La casa de las flores,2018,Comedy,7.6,Movie,60,7172
Eung-dab-ha-ra 1988,2015,Family,9.1,Movie,90,4663
Triple Threat,2019,Thriller,5.6,Movie,96,10345
Are You the One?,2014,Reality-TV,6.5,Movie,41,2061
Dogs of Berlin,2018,Crime,7.6,Movie,542,11304
Dash & Lily,2020,Romance,7.5,Movie,69,12908
Rebellion,2016,War,7.2,Movie,258,3096
The Willoughbys,2020,Animation,6.4,Movie,90,15654
Inuyasha,2000,Animation,7.9,Movie,24,15149
Gyeongiroun Somun,2020,Horror,8.2,Movie,65,3546
Cidade Invisível,2021,Crime,7.4,Movie,60,4641
Kidô senshi Gandamu: Senkô no Hasauei,2021,Animation,6.8,Movie,95,734
Quicksand,2019,Crime,7.5,Movie,45,18397
Mine,2021,Mystery,7.8,Movie,70,580
Thomas the Tank Engine & Friends,1984,Animation,6.6,Movie,11,4153
RH Project,2021,Documentary,7,Movie,239,6171
Sand Castle,2017,War,6.3,Movie,113,21056
The Courier,2019,Crime,4.8,Movie,99,8955
Capitani,2019,Crime,6.6,Movie,312,3305
Prime Time,2021,Thriller,5.3,Movie,93,1257
Power Rangers: Dino Fury,2021,Action,6.7,Movie,21,234
Kari-gurashi no Arietti,2010,Animation,7.6,Movie,94,84951
Fate/Zero,2011,Animation,8.3,Movie,24,11162
Yasuke,2021,Animation,6.2,Movie,30,3807
Summertime,2020,Romance,5.5,Movie,40,2111
Jagame Thandhiram,2021,Crime,6,Movie,158,10209
Gakuen mokushiroku: HIGHSCHOOL OF THE DEAD,2010,Animation,7.2,Movie,24,11708
Dragons: Race to the Edge,2015,Animation,8.3,Movie,22,5220
The Lovebirds,2020,Comedy,6.1,Movie,86,23179
Dangerous Lies,2020,Thriller,5.3,Movie,96,15360
This Is Pop,2021,Musical,6.9,Movie,44,680
White Gold,2017,Comedy,7.4,Movie,30,9957
The Killer,2018,Crime,7.1,Movie,69,789
Hagane no renkinjutsushi,2017,Action,5.2,Movie,135,19082
Mosul,2019,War,7.2,Movie,86,23325
Radium Girls,2018,Historical,6.2,Movie,102,1188
The Crew,2021,Comedy,6.6,Movie,69,4478
The Devil Next Door,2019,Documentary,7.6,Movie,229,11484
Step Up Revolution,2012,Musical,6.4,Movie,99,54763
Damnation,2017,Western,7.7,Movie,60,7430
Heartbreak High,1994,Romance,7.8,Movie,50,2870
Bad Day for the Cut,2017,Crime,6.5,Movie,99,7311
Hustle,2018,Sports,7.1,Movie,69,789
Raketsonyeondan,2021,Sports,1.1,Movie,80,25629
The Girl with All the Gifts,2016,Action,6.6,Movie,111,56940
The Letter for the King,2020,Family,5.9,Movie,69,6661
Bir Baskadir,2020,Thriller,8.6,Movie,49,23472
Hellsing Ultimate,2006,Animation,8.3,Movie,50,20818
Black Lagoon,2006,Animation,8,Movie,25,13031
Kurenai no buta,1992,Animation,7.7,Movie,94,81880
Fast & Furious Spy Racers,2019,Animation,5.5,Movie,23,1148
Wild Wild Country,2018,Documentary,8.1,Movie,403,26746
AJ and the Queen,2020,Adventure,7.5,Movie,52,7137
The Discovery,2017,Sci-Fi,6.3,Movie,102,31299
Young Wallander,2020,Crime,6.8,Movie,69,7280
Boiseu,2017,Crime,7.7,Movie,60,1496
What Keeps You Alive,2018,Horror,5.7,Movie,98,7489
A Prayer Before Dawn,2017,Crime,6.9,Movie,116,21815
Go-Toubun no Hanayome,2019,Animation,7.6,Movie,24,2691
Midnight Mass,2021,Horror,7.1,Movie,40,789
Hogar,2020,Thriller,6.4,Movie,103,15329
Our Planet,2019,Documentary,9.3,Movie,403,36473
Shaman King,2021,Animation,7.7,Movie,23,412
Cowboy Bebop,2021,Action,7.1,Movie,69,789
Tau,2018,Thriller,5.8,Movie,97,28732
Isekai Mao to Shokan Shojo no Dorei Majutsu,2018,Animation,7.1,Movie,24,2350
World on Fire,2019,War,7.3,Movie,57,4473
Badla,2019,Crime,7.8,Movie,118,24679
El practicante,2020,Action,5.6,Movie,94,10363
DC Super Hero Girls,2019,Animation,7.1,Movie,11,950
American Murder: The Family Next Door,2020,Documentary,7.2,Movie,83,22404
Requiem,2018,Fantasy,6.5,Movie,60,5813
Dear White People,2017,Comedy,6.2,Movie,30,23061
Cloudy with a Chance of Meatballs 2,2013,Animation,6.4,Movie,95,94660
Gekijouban Violet Evergarden,2020,Animation,8.5,Movie,140,1755
Then Came You,2018,Adventure,7,Movie,97,10857
Monty Python's Flying Circus,1969,Comedy,8.8,Movie,30,69552
Somewhere Between,2017,Sci-Fi,6.3,Movie,41,5153
Ascension,2014,Sci-Fi,7.2,Movie,231,17926
Wasp Network,2019,Thriller,5.9,Movie,127,9135
Gumihodyeon,2020,Horror,8,Movie,70,2489
Brooklyn's Finest,2009,Crime,6.7,Movie,132,61994
Ride or Die,2021,Thriller,5.5,Movie,142,1261
Señora Acero,2014,Romance,7.1,Movie,69,309
The Guilty,2021,Action,7.1,Movie,90,789
Lab Rats,2012,Comedy,6.6,Movie,22,5125
The Last Days of American Crime,2020,Crime,3.7,Movie,148,10337
Byeol-e-seo on geu-dae,2013,Comedy,8.2,Movie,60,10146
Mirrors,2008,Horror,6.1,Movie,110,103973
Earthquake Bird,2019,Crime,5.9,Movie,107,13305
The Stand In,2020,Comedy,4.7,Movie,101,2636
"Luchshe, chem lyudi",2018,Sci-Fi,7.4,Movie,52,7450
Noragami,2014,Animation,7.9,Movie,24,12511
Honeymoon,2014,Horror,5.7,Movie,87,24861
Point Blank,2019,Crime,5.7,Movie,86,13085
Touch of Evil,1958,Noir,8,Movie,95,100664
Matilda,2022,Family,7.1,Movie,69,789
To All the Boys: P.S. I Still Love You,2020,Romance,6,Movie,101,32367
True Story,2015,Biography,6.3,Movie,99,65679
The Salisbury Poisonings,2020,Historical,7.2,Movie,58,4049
Dorohedoro,2020,Animation,8.2,Movie,25,6163
Mortel,2019,Crime,6.6,Movie,40,1175
Planes,2013,Animation,5.7,Movie,91,43335
Kiru ra kiru: KILL la KILL,2013,Animation,7.9,Movie,25,11962
Work It,2020,Musical,6.1,Movie,93,10977
The F**k-It List,2020,Comedy,5.1,Movie,103,5144
Law School,2021,Crime,8.2,Movie,65,1201
Sentinelle,2021,Crime,4.7,Movie,80,6853
Little Evil,2017,Horror,5.7,Movie,94,19827
Freud,2020,Crime,6.5,Movie,55,10568
Toradora!,2008,Animation,8,Movie,24,12030
Goblin Slayer,2018,Animation,7.5,Movie,30,5711
Wine Country,2019,Adventure,5.5,Movie,103,19850
Sigeuneol,2016,Crime,8.6,Movie,80,5077
Shutter,2004,Horror,7.1,Movie,97,42532
Pooreun Badaui Junsul,2016,Romance,8.1,Movie,60,6582
Monarca,2019,Drama,7.9,Movie,43,2801
Marianne,2019,Horror,7.5,Movie,50,12784
Madame Claude,2021,Biography,5.4,Movie,112,2642
Gojira shingyura pointo,2021,Animation,6.6,Movie,24,1054
Creep 2,2017,Horror,6.5,Movie,78,21809
Bap Jal Sajuneun Yeppeun Nuna,2018,Romance,8.1,Movie,75,4330
Omoide no Mânî,2014,Animation,7.7,Movie,103,35523
The One I Love,2014,Romance,7.1,Movie,91,37373
Running with the Devil,2019,Thriller,5.4,Movie,100,7026
The Circle,2020,Reality-TV,7.3,Movie,48,5276
Jeepers Creepers 3,2017,Horror,3.9,Movie,100,19260
Avlu,2018,Crime,7.2,Movie,120,1377
Love & Anarchy,2020,Romance,7.4,Movie,30,6788
Free Rein,2017,Action,7.3,Movie,26,1798
Tiempos de guerra,2017,Horror,7.6,Movie,70,2724
Geronimo: An American Legend,1993,Western,6.5,Movie,115,10096
Shimmer Lake,2017,Crime,6.3,Movie,86,12857
È stata la mano di Dio,2021,Drama,7.1,Movie,130,789
Wounds,2019,Horror,4,Movie,95,17232
The Immigrant,2013,Romance,6.6,Movie,120,30649
Wake Up,2019,Thriller,5,Movie,92,2995
The Liberator,2020,Animation,7.6,Movie,69,5219
The Worst Witch,2017,Fantasy,7.3,Movie,30,2087
Geunyeoui Sasaenghwal,2019,Romance,7.7,Movie,75,2222
The Mercy,2017,Biography,6,Movie,112,7898
Step Up All In,2014,Musical,6,Movie,112,33247
The Last Summer,2019,Romance,5.6,Movie,109,12059
La forêt,2017,Crime,7.2,Movie,313,8878
Animal Crackers,2017,Animation,5.8,Movie,105,2881
Pacific Rim,2021,Animation,7.1,Movie,24,3533
Kipo and the Age of Wonderbeasts,2020,Animation,8.4,Movie,24,3925
The Upshaws,2021,Comedy,6.9,Movie,69,1810
Kadaver,2020,Horror,5.1,Movie,86,8104
Naked,2017,Romance,5.4,Movie,96,18249
Let It Snow,2019,Romance,5.8,Movie,92,18925
Mr. Iglesias,2019,Comedy,7.1,Movie,30,5988
Parfum,2018,Thriller,7.1,Movie,45,7762
Hilda,2018,Animation,8.6,Movie,24,8072
Nayattu,2021,Thriller,8.2,Movie,124,4887
Aunty Donna's Big Ol' House of Fun,2020,Comedy,8,Movie,20,5312
Marauders,2016,Thriller,5.5,Movie,107,21162
The Woods,2020,Crime,6.5,Movie,306,4702
The K2,2016,Thriller,7.8,Movie,60,4433
Greenhouse Academy,2017,Drama,6.9,Movie,25,5351
I Still See You,2018,Horror,5.8,Movie,98,9078
Neko no ongaeshi,2002,Animation,7.2,Movie,75,51774
El baile de los 41,2020,Biography,6.8,Movie,99,3017
Demain tout commence,2016,Comedy,7.4,Movie,118,24703
Take Me,2017,Mystery,6.1,Movie,83,5088
Meteor Garden,2018,Romance,8.1,Movie,45,3217
Paranormal,2020,Horror,8.5,Movie,45,69190
IO,2019,Sci-Fi,4.7,Movie,96,32372
Kyle XY,2006,Romance,7.4,Movie,60,28464
Nakitai watashi wa neko o kaburu,2020,Animation,6.7,Movie,104,7045
Borgia,2011,Biography,7.8,Movie,52,6257
Un long dimanche de fiançailles,2004,Romance,7.6,Movie,133,71916
Dangshini Jamdeun Saie,2017,Comedy,8.4,Movie,30,5066
Kokuriko-zaka kara,2011,Animation,7.4,Movie,91,38625
Extremely Loud & Incredibly Close,2011,Mystery,6.9,Movie,129,99165
Red Riding Hood,2011,Horror,5.5,Movie,100,109473
Mirai nikki,2011,Animation,7.6,Movie,25,15313
Tengen toppa gurren lagann,2007,Animation,8.3,Movie,24,15693
Mystery Science Theater 3000,1988,Sci-Fi,8.5,Movie,92,23491
Suite Française,2014,Thriller,7,Movie,107,24684
El dragón,2019,Action,7,Movie,45,1611
Ajeeb Daastaans,2021,Romance,6.7,Movie,142,4649
Portlandia,2011,Comedy,7.8,Movie,22,19065
"Tiger King: Murder, Mayhem and Madness",2020,Documentary,7.5,Movie,358,70207
Fatma,2021,Thriller,7.5,Movie,40,6618
Vampires vs. the Bronx,2020,Horror,5.6,Movie,85,8618
Get Rich or Die Tryin',2005,Biography,5.4,Movie,117,45092
Rita,2012,Comedy,8.1,Movie,40,8057
Hit and Run,2012,Action,6.1,Movie,100,35252
Ask 101,2020,Romance,7.5,Movie,40,10299
Pagglait,2021,Comedy,6.9,Movie,114,7609
The Girl on the Train,2021,Crime,4.4,Movie,120,7821
Unsolved Mysteries,2020,Documentary,7.3,Movie,45,8190
Rocco,2016,Documentary,5.7,Movie,105,3700
Duck Butter,2018,Romance,5.3,Movie,93,3531
Liu lang di qiu,2019,Sci-Fi,6,Movie,125,28264
Philomena,2013,Biography,7.6,Movie,98,96244
Brain on Fire,2016,Biography,6.6,Movie,88,19354
Vexed,2010,Mystery,7.3,Movie,60,3263
Wanderlust,2018,Drama,7.1,Movie,60,4825
Secret Magic Control Agency,2021,Animation,6.2,Movie,103,2848
T-34,2018,War,6.7,Movie,139,10546
Queer Eye,2018,Reality-TV,8.5,Movie,45,16094
Republic of Doyle,2010,Comedy,7.4,Movie,60,3553
Naui Ajusshi,2018,Family,9.1,Movie,70,3944
Alvin and the Chipmunks: The Squeakquel,2009,Animation,4.5,Movie,88,45491
Glow Up: Britain's Next Make-Up Star,2019,Reality-TV,6.8,Movie,60,1440
La nuée,2020,Horror,6.5,Movie,101,338
The Bletchley Circle,2012,Crime,7.9,Movie,45,11331
The Windsors,2016,Comedy,7.1,Movie,30,2383
Alguien tiene que morir,2020,Thriller,6.3,Movie,149,3959
In the Name of the King: A Dungeon Siege Tale,2007,Action,3.8,Movie,127,46327
Dancing Queens,2021,Comedy,5.5,Movie,110,1156
The Little Mermaid,2018,Fantasy,4.3,Movie,85,8546
The Spectacular Spider-Man,2008,Animation,8.2,Movie,23,11421
The Lost Pirate Kingdom,2021,Documentary,6.6,Movie,69,2134
Joahamyeon Ullineun,2019,Romance,7.1,Movie,50,3786
Sniper: Ghost Shooter,2016,Thriller,5.4,Video,99,3512
Jinsimi Dadda,2019,Romance,7.7,Movie,60,1942
Miss Bala,2019,Crime,5.8,Movie,104,10048
John Dies at the End,2012,Horror,6.4,Movie,99,37007
Kengan Ashura,2019,Animation,8,Movie,24,3836
Passing,2021,Drama,7,Movie,98,200
Fire with Fire,2012,Thriller,5.6,Movie,97,25743
Ki Hwanghoo,2013,Historical,8.5,Movie,69,2072
No Good Nick,2019,Family,6,Movie,30,2486
Desperados,2020,Romance,5.2,Movie,105,9291
My Amanda,2021,Romance,5.7,Movie,89,214
The Week Of,2018,Comedy,5.2,Movie,116,20005
Scarface,1932,Crime,7.8,Movie,93,26365
Jugar con Fuego,2019,Drama,5.9,Movie,69,768
The Gabby Douglas Story,2014,Biography,7,Movie,86,1704
Kate,2021,Action,7.1,Movie,106,789
Ibiza,2018,Romance,5.2,Movie,94,16358
Boss,2011,Crime,8.1,Movie,56,17281
Message from the King,2016,Crime,6.4,Movie,102,15158
The Prince,2014,Thriller,4.6,Movie,93,17952
Day of the Dead: Bloodline,2017,Horror,3.4,Movie,90,10173
Kingdom,2012,Animation,8.1,Movie,69,900
The Kindergarten Teacher,2018,Thriller,6.7,Movie,96,13946
Father of the Year,2018,Comedy,5.2,Movie,94,10647
W - Du gaeui segye,2016,Romance,8.1,Movie,60,7644
Final Girl,2015,Horror,4.7,Movie,84,15269
Spooks: The Greater Good,2015,Thriller,6.2,Movie,104,21963
El caso Wanninkhof-Carabantes,2021,Documentary,6.5,Movie,88,1357
W/ Bob and David,2015,Comedy,7.4,Movie,30,3941
Kaguya-hime no monogatari,2013,Animation,8,Movie,137,41510
Two Distant Strangers,2020,Sci-Fi,6.9,Movie,32,12375
See You Yesterday,2019,Action,5.2,Movie,84,10004
ARQ,2016,Sci-Fi,6.4,Movie,88,36715
Dumbo,1941,Animation,7.2,Movie,64,124409
Yankee,2019,Drama,5.9,Movie,40,566
Resident Evil,2018,Horror,7.1,Movie,69,789
Elite Short Stories: Carla Samuel,2021,Romance,7,Movie,43,1669
Owari No Seraph,2015,Animation,7.5,Movie,24,4197
1899,2022,Horror,7.1,Movie,69,789
Le Petit Prince,2015,Animation,7.7,Movie,108,58668
Love is Blind: After the Altar,2021,Reality-TV,5.4,Movie,45,39
Tell Me Who I Am,2019,Documentary,7.6,Movie,86,12328
Anazâ,2012,Animation,7.6,Movie,300,12437
Operation Buffalo,2020,Adventure,6.6,Movie,52,551
Tangerine,2015,Comedy,7.1,Movie,88,28651
Le chalet,2017,Thriller,7,Movie,52,6352
Great Pretender,2020,Animation,8,Movie,23,3419
"Love, Guaranteed",2020,Romance,5.6,Movie,90,15183
Sandy Wexler,2017,Comedy,5.2,Movie,130,15619
Raat Akeli Hai,2020,Crime,7.3,Movie,149,16281
Bitter Daisies,2018,Thriller,7.2,Movie,70,2864
The Starling,2021,Comedy,7.1,Movie,102,789
Survivor,2015,Thriller,5.6,Movie,96,32250
Top Chef,2006,Reality-TV,7.6,Movie,44,5774
A Man Apart,2003,Crime,6.1,Movie,109,46040
Znaki,2018,Thriller,6.3,Movie,69,1300
Love Hard,2021,Romance,7.1,Movie,69,789
Beruseruku,2016,Animation,6.8,Movie,24,4953
Romeo & Juliet,2013,Romance,5.8,Movie,118,11411
Think Like a Dog,2020,Family,5.2,Movie,91,1350
The Christmas Chronicles: Part Two,2020,Family,6,Movie,112,24413
You Get Me,2017,Romance,4.7,Movie,89,12119
Aterrados,2017,Horror,6.5,Movie,87,12989
Edge of Fear,2018,Thriller,4.4,Movie,91,2652
Equinox,2020,Fantasy,6.1,Movie,69,5326
Mongol,2007,Action,7.2,Movie,126,45408
Yi Guyeokui Michin X,2021,Romance,7.9,Movie,30,718
Hap and Leonard,2016,Crime,7.7,Movie,60,7034
Bullet Head,2017,Thriller,5.4,Movie,93,9317
The Gunman,2015,Thriller,5.8,Movie,115,39993
Winx Club,2004,Animation,6.2,Movie,25,5202
Odd Squad,2014,Action,6.5,Movie,27,946
Chewing Gum,2015,Comedy,7.7,Movie,23,8245
Persuasion,2022,Romance,7.1,Movie,69,789
Bright 2,2018,Action,7.1,Movie,69,789
Swedish Dicks,2016,Comedy,6.8,Movie,30,3064
Fate/stay night: Unlimited Blade Works,2014,Animation,8,Movie,24,6739
Private Life,2018,Comedy,7.2,Movie,123,17616
The Beyond,2017,Sci-Fi,4.9,Movie,103,5839
Avatar: The Last Airbender,2018,Action,7.1,Movie,69,789
After Porn Ends 2,2017,Documentary,5.5,Movie,90,2512
Sierra Burgess Is a Loser,2018,Romance,5.8,Movie,105,36624
Yu yu hakusho,1992,Animation,8.4,Movie,24,12214
Ingobernable,2017,Crime,7.1,Movie,40,2858
Disjointed,2017,Comedy,6.8,Movie,30,9330
Home Team,2018,Sports,7.1,Movie,69,789
Steins;Gate 0,2018,Animation,8.4,Movie,30,6559
Kung Fury,2015,Comedy,8,Movie,31,57319
The Division,2018,Action,7.1,Movie,69,789
Between,2015,Sci-Fi,6,Movie,60,8647
Gantz: O,2016,Animation,7.1,Movie,95,13531
Inside Man: Most Wanted,2019,Thriller,5.6,Movie,105,3439
Ghost Stories,2020,Horror,4.3,Movie,144,4750
Luckiest Girl Alive,2022,Mystery,7.1,Movie,69,789
The Get Down,2016,Musical,8.3,Movie,52,21504
The Last Czars,2019,Documentary,7.3,Movie,45,6983
The Perfect Date,2019,Romance,5.8,Movie,89,35113
Sergio,2020,Biography,6.1,Movie,118,8858
Yin-Yang Master I,2020,Fantasy,6.5,Movie,132,4028
Comedians in Cars Getting Coffee,2012,Animation,8.1,Movie,20,11473
The Keepers,2017,Documentary,8.1,Movie,436,19750
Hache,2019,Thriller,6.5,Movie,50,1368
Gokushufudo,2021,Animation,7.3,Movie,16,2437
World Without End,2012,Historical,7,Movie,374,8271
The Paradise,2012,Drama,7.7,Movie,60,10883
The Open House,2018,Horror,3.2,Movie,94,32382
Yeokdoyojeong Gim Bokju,2016,Romance,8.4,Movie,60,6035
"Crouching Tiger, Hidden Dragon: Sword of Destiny",2016,Action,6.1,Movie,96,18540
All Together Now,2020,Drama,6.5,Movie,92,3578
Yip Man 3,2015,Action,7.1,Movie,105,51648
Mugen no jûnin,2017,Fantasy,6.8,Movie,140,16248
Sexy Beasts,2014,Comedy,5.5,Movie,69,53
Monster: The Jeffrey Dahmer Story,2022,Biography,7.1,Movie,69,789
Irreplaceable You,2018,Romance,6.4,Movie,96,8778
Cocaine Cowboys: The Kings of Miami,2021,Documentary,7.1,Movie,69,789
Chef's Table,2015,Documentary,8.5,Movie,50,14082
Kal Hee,1991,Animation,7.6,Movie,118,28969
First They Killed My Father,2017,Biography,7.2,Movie,136,16871
Hot Girls Wanted: Turned On,2017,Documentary,6.6,Movie,280,2061
Le chant du loup,2019,Sci-Fi,6.9,Movie,115,15211
Extracurricular,2020,Crime,7.7,Movie,50,3538
Hasta el cielo,2020,Action,5.6,Movie,121,2880
True Memoirs of an International Assassin,2016,Comedy,5.9,Movie,98,21442
Carmen Sandiego,2019,Animation,7.9,Movie,22,4796
Plus/Minus,2018,Fantasy,7.1,Movie,69,789
The New Legends of Monkey,2018,Action,6.5,Movie,24,3894
Bo Burnham: Make Happy,2016,Musical,8.4,TV Special,60,12350
Kahaani,2012,Thriller,8.1,Movie,122,59675
A Babysitter's Guide to Monster Hunting,2020,Fantasy,5.4,Movie,98,3434
Pray Away,2021,Documentary,6.2,Movie,101,159
Haunted,2018,Horror,4.7,Movie,24,2934
Q-Force,2021,Animation,7.1,Movie,30,789
Unbreakable Kimmy Schmidt: Kimmy vs the Reverend,2020,Mystery,7,Movie,80,4302
Arbitrage,2012,Thriller,6.6,Movie,107,51051
A Suitable Boy,2020,Romance,5.7,Movie,60,4567
The Innocents,2018,Horror,6.3,Movie,60,5470
Premium Rush,2012,Thriller,6.5,Movie,91,111533
La valla,2020,Sci-Fi,6.8,Movie,50,2911
Champions,2018,Comedy,6.1,Movie,30,3361
Like Father,2018,Comedy,6.1,Movie,98,20183
Pretend It's a City,2021,Documentary,8.1,Movie,203,5915
Ask-i Memnu,2008,Romance,7.4,Movie,90,12276
La vita davanti a sé,2020,Drama,6.8,Movie,94,12655
Yummy,2019,Horror,5.9,Movie,88,4301
My Babysitter's a Vampire,2011,Fantasy,7.1,Movie,22,3986
Day Shift,2018,Fantasy,7.1,Movie,69,789
Tramps,2016,Romance,6.5,Movie,82,5016
Unité 42,2017,Thriller,7,Movie,52,1997
Why Are You Like This?,2018,Comedy,6.5,Movie,69,1142
Gedo senki,2006,Animation,6.4,Movie,115,37082
Gekijouban Bishoujo Senshi Sailor Moon Eternal,2021,Animation,7.1,Movie,160,932
Homunculus,2021,Fantasy,5.6,Movie,115,1819
We Have A Ghost,2018,Horror,7.1,Movie,69,789
The Painted Veil,2006,Romance,7.5,Movie,125,90212
Enola Holmes 2,2018,Action,7.1,Movie,69,789
Beirut,2018,Crime,6.5,Movie,110,20085
Teströl és lélekröl,2017,Fantasy,7.6,Movie,116,25551
An Interview with God,2018,Mystery,5.8,Movie,97,3470
Sangre en la boca,2016,Sports,5.6,Movie,97,647
Luis Miguel: La Serie,2018,Biography,8,Movie,60,3695
Jamtara: Sabka Number Ayega,2020,Crime,7.3,Movie,29,5236
Article 15,2019,Crime,8.2,Movie,130,26537
Return to Sender,2015,Thriller,5.1,Movie,92,12670
Degrassi: Next Class,2016,Romance,6.9,Movie,30,2876
Hoops,2020,Animation,6,Movie,25,4896
Sangsogjadeul,2013,Romance,7.5,Movie,55,8525
O Vendedor de Sonhos,2016,Drama,5.8,Movie,98,1191
Players,2018,Romance,7.1,Movie,69,789
Into the Forest,2015,Thriller,5.8,Movie,101,19853
Somebody Feed Phil,2018,Documentary,8.3,Movie,60,3936
Smurfs: The Lost Village,2017,Animation,6,Movie,90,19549
Wheelman,2017,Thriller,6.4,Movie,82,18749
Lethal Seduction,2015,Thriller,5.1,Movie,80,824
The Other Side of the Wind,2018,Drama,6.8,Movie,122,6717
The Indian Detective,2017,Comedy,6.5,Movie,44,2906
El ministerio del tiempo,2015,Fantasy,8.2,Movie,70,4623
She's Gotta Have It,2017,Comedy,6.8,Movie,30,4322
Girlboss,2017,Comedy,7,Movie,26,16285
Kon-Tiki,2012,Biography,7.2,Movie,118,47166
Next Gen,2018,Animation,6.6,Movie,106,15524
Moesha,1996,Family,5.8,Movie,30,3430
Unsolved,2018,Crime,7.9,Movie,60,7032
De nærmeste,2015,Drama,5.6,Movie,106,1192
Arifureta Shokugyou de Sekai Saikyou,2019,Animation,7,Movie,23,1613
Under the Shadow,2016,Horror,6.9,Movie,84,25632
Satsuriku no Tenshi,2018,Animation,6.4,Movie,24,1411
A Man for All Seasons,1966,Biography,7.7,Movie,120,32729
Wednesday,2018,Fantasy,7.1,Movie,69,789
Nabillera,2021,Drama,8.8,Movie,60,1161
La Révolution,2020,Action,6.5,Movie,69,4901
Spaceman of Bohemia,2018,Sci-Fi,7.1,Movie,69,789
Sniper: Assassin's End,2020,Thriller,5.4,Video,95,1649
Grand Designs,1999,Documentary,8.5,Movie,50,2855
Hope Gap,2019,Romance,6.7,Movie,100,4085
Million Dollar Arm,2014,Biography,7,Movie,124,44546
Run On,2020,Romance,7.6,Movie,70,1638
The Dawn Wall,2017,Documentary,8.1,Movie,100,16824
Tabula Rasa,2017,Horror,8,Movie,60,9128
Evil Genius: The True Story of America's Most Diabolical Bank Heist,2018,Documentary,7.5,Movie,192,25186
Alex Strangelove,2018,Romance,6.3,Movie,99,15972
Down to Earth with Zac Efron,2020,Documentary,8.1,Movie,69,5754
The Rational Life,2021,Romance,8.2,Movie,45,192
Winchester '73,1950,Western,7.6,Movie,92,18670
Big Game,2014,Action,5.4,Movie,90,31914
The Bookshop,2017,Drama,6.5,Movie,113,13939
Zoe,2018,Sci-Fi,6.1,Movie,104,8146
Clinical,2017,Horror,5.1,Movie,104,7392
D-Tox,2002,Thriller,5.3,Movie,96,25639
AlRawabi School for Girls,2021,Drama,7.1,Movie,69,789
Our Souls at Night,2017,Romance,6.9,Movie,103,12344
The Toys That Made Us,2017,Documentary,8.1,Movie,46,5161
Down a Dark Hall,2018,Horror,5.1,Movie,96,12631
Zheng tu,2020,Action,6.1,Movie,110,3578
A Boy Called Christmas,2021,Family,7.1,Movie,69,789
Clarence,2013,Animation,6.6,Movie,23,7736
Fyre,2019,Documentary,7.2,Movie,97,39575
El bar,2017,Horror,6.3,Movie,102,24421
Black Earth Rising,2018,Thriller,7.5,Movie,60,4361
Self Made: Inspired by the Life of Madam C.J. Walker,2020,Biography,7.3,Movie,191,10219
Stree,2018,Horror,7.6,Movie,128,30544
Death to 2020,2020,Comedy,6.8,TV Special,70,34649
Word of Honor,2021,Fantasy,9.1,Movie,45,2166
Romaenseuneun Byulchaekboorok,2019,Romance,8.1,Movie,62,3704
Green Eggs and Ham,2019,Animation,8.2,Movie,26,2030
A United Kingdom,2016,Biography,6.9,Movie,111,15365
Small Crimes,2017,Thriller,5.8,Movie,95,7416
PJ Masks,2015,Animation,5.5,Movie,24,1024
Christmas in the Wild,2019,Romance,6.1,Movie,85,13005
Pokémon Journeys,2019,Animation,6.2,Movie,69,177
Curon,2020,Horror,5.8,Movie,69,3586
Naissance des pieuvres,2007,Romance,6.7,Movie,85,10813
Falsa Identidad,2018,Thriller,7.2,Movie,69,262
The Princess Switch: Switched Again,2020,Family,5.4,Movie,96,8340
Jue di tao wang,2016,Action,5.7,Movie,107,19872
The Hurricane Heist,2018,Action,5.1,Movie,103,19776
Flight 7500,2014,Horror,4.8,Movie,80,15349
Elisa y Marcela,2019,Romance,6.6,Movie,118,3984
Sanyangeui sigan,2020,Crime,6.3,Movie,134,4458
Men Behaving Badly,1992,Comedy,7.7,Movie,45,7550
Balle perdue,2020,Thriller,6.2,Movie,92,8228
Ji hun,2021,Sci-Fi,6.6,Movie,130,1926
Yangguang puzhao,2019,Crime,7.6,Movie,156,6542
Xin shen bang: Ne Zha chong sheng,2021,Animation,6.9,Movie,118,2212
"Bom Dia, Verônica",2020,Crime,7.6,Movie,49,2893
Crime Scene: The Vanishing at the Cecil Hotel,2021,Documentary,5.9,Movie,219,15072
The Night Before,2015,Fantasy,6.4,Movie,101,68503
En affære,2018,Thriller,5.5,Movie,92,1682
The Bubble,2018,Comedy,7.1,Movie,69,789
Get Even,2020,Thriller,6.5,Movie,28,1904
Fi,2017,Romance,7.8,Movie,60,9721
Coffee & Kareem,2020,Comedy,5.1,Movie,88,12524
The World of the Married,2020,Romance,8.1,Movie,80,1863
Looking Glass,2018,Thriller,4.6,Movie,103,6155
The Debt Collector,2018,Comedy,5.8,Movie,95,6619
Laggies,2014,Romance,6.4,Movie,99,42740
Kôkaku kidôtai: Stand Alone Complex,2002,Animation,8.5,Movie,24,18383
The Double,2011,Crime,5.9,Movie,98,29333
Bo Burnham: what.,2013,Musical,8.4,TV Special,60,9995
Nightworld,2017,Horror,4.4,Movie,92,2155
I Am the Pretty Thing That Lives in the House,2016,Horror,4.6,Movie,89,13685
Tower of God,2020,Animation,7.8,Movie,23,4059
Dirty Money,2018,Documentary,8.1,Movie,60,8359
Love/Hate,2010,Crime,8.5,Movie,51,6346
Pieles,2017,Comedy,6.2,Movie,77,5206
Malang - Unleash the Madness,2020,Crime,6.5,Movie,135,9236
Seulgirowun Gamppangsaenghwal,2017,Comedy,8.4,Movie,90,2163
Dolly Parton's Heartstrings,2019,Comedy,7.6,Movie,62,1920
Kagittan Hayatlar,2021,Drama,6.7,Movie,96,10210
Mark Felt: The Man Who Brought Down the White House,2017,Biography,6.4,Movie,103,12491
Forces spéciales,2011,War,6.4,Movie,109,18275
Death Warrant,1990,Crime,5.7,Movie,89,17926
Eden,2021,Animation,6.6,Movie,25,821
Beyond a Reasonable Doubt,2009,Crime,5.9,Movie,106,12570
1983,2018,Thriller,6.8,Movie,60,3882
Ergo Proxy,2006,Animation,8,Movie,25,13098
The Flemish Bandits,2018,Historical,6.8,Movie,45,2114
La belva,2020,Crime,5.2,Movie,97,3858
Disparu à jamais,2021,Crime,7.1,Movie,69,789
Sun Dogs,2017,Comedy,6.3,Movie,94,2065
The Real Housewives of Atlanta,2008,Reality-TV,4.4,Movie,44,3413
Alhambeura Goongjeonui Chooeok,2018,Sci-Fi,7.8,Movie,60,4367
Breaking Boundaries: The Science of Our Planet,2021,Documentary,7.8,Movie,73,1462
Lenox Hill,2020,Documentary,8.7,Movie,69,2044
Leave the World Behind,2018,Drama,7.1,Movie,69,789
6 Years,2015,Romance,5.6,Movie,79,12049
#BlackAF,2020,Comedy,6.8,Movie,36,4200
Bulbbul,2020,Horror,6.6,Movie,94,10484
Slugterra,2012,Animation,6.5,Movie,22,1209
The Warrior's Way,2010,Western,6.3,Movie,100,25758
Power Rangers Ninja Steel,2017,Action,5.9,Movie,21,758
Goo-hae-jwo,2017,Thriller,8.1,Movie,60,1046
Rurouni Kenshin: Meiji Kenkaku Romantan: Tsuioku Hen,1999,Animation,8.6,Movie,118,13766
Conversations with a Killer: The Ted Bundy Tapes,2019,Documentary,7.8,Movie,236,25740
Sharknado 4: The 4th Awakens,2016,Action,3.9,Movie,95,7719
Bolívar: Una lucha admirable,2019,Action,7.5,Movie,52,668
Creeped Out,2017,Fantasy,6.6,Movie,30,1562
The Machine,2013,Sci-Fi,6.1,Movie,91,30553
Frequency,2016,Fantasy,7.5,Movie,42,13090
Taineun Jiokida,2019,Horror,7.9,Movie,60,2423
Unicorn Store,2017,Comedy,5.5,Movie,92,18304
Lazzaro felice,2018,Fantasy,7.5,Movie,128,16536
Hwayugi,2017,Horror,8.1,Movie,75,3664
The Debt Collector 2,2020,Comedy,5.8,Movie,97,3581
Trigun,1998,Animation,8.3,Movie,24,20026
Sonic Prime,2022,Animation,7.1,Movie,69,789
Strangers,2018,Comedy,7.1,Movie,69,789
Monsoon,2019,Historical,6,Movie,85,1621
La noche de 12 años,2018,Biography,7.5,Movie,122,9150
Charité,2017,Historical,7.9,Movie,45,2873
2gether,2020,Romance,7.9,Movie,50,1276
Luna Nera,2020,Thriller,5.6,Movie,43,2533
Security,2017,Thriller,5.7,Movie,88,16390
A Madea Homecoming,2022,Comedy,7.1,Movie,69,789
Murder Mountain,2018,Documentary,6.9,Movie,43,2771
Perdida,2020,Crime,7.1,Movie,50,2003
Zui quan,1978,Comedy,7.5,Movie,111,38076
There's Someone Inside Your House,2021,Horror,7.1,Movie,69,789
Watership Down,2018,Animation,7.2,Movie,204,5587
The Chronicles of Narnia: The Silver Chair,2018,Fantasy,7.1,Movie,69,789
Er ist wieder da,2015,Comedy,7.1,Movie,116,43083
The Christmas Chronicles,2018,Family,7,Movie,104,63607
This Is a Robbery: The World's Biggest Art Heist,2021,Documentary,6.4,Movie,210,3443
Gundala,2019,Action,6.2,Movie,123,4153
Higurashi no naku koro ni,2006,Animation,7.9,Movie,24,5045
The Mothership,2018,Sci-Fi,7.1,Movie,69,789
Scissor Seven,2018,Animation,8.3,Movie,13,1553
The Trials of Gabriel Fernandez,2020,Documentary,8.1,Movie,331,9411
Mahouka koukou no rettousei,2014,Animation,7.2,Movie,22,2698
Charming,2018,Animation,5.6,Movie,85,3144
iBoy,2017,Sci-Fi,6,Movie,90,21589
David Attenborough: A Life on Our Planet,2020,Documentary,9,Movie,83,28445
Super Mario Bros: The Movie,2022,Animation,7.1,Movie,69,789
Freelancers,2012,Crime,4.6,Movie,96,9949
Pan-dola,2016,Thriller,6.7,Movie,136,6508
B: The Beginning,2018,Animation,7.2,Movie,25,4285
Copenhagen,2014,Romance,7.1,Movie,98,12623
Life Unexpected,2010,Drama,7.5,Movie,60,14088
Jeffrey Epstein: Filthy Rich,2020,Documentary,7.1,Movie,227,19935
Los favoritos de Midas,2020,Thriller,6.6,Movie,316,3498
Naui Nara,2019,Historical,8.3,Movie,80,1414
King Cobra,2016,Crime,5.6,Movie,91,8572
Kotaro Lives Alone,2021,Drama,9.2,Movie,69,62
The Hard Way,2019,Action,4.8,Movie,92,2891
Fatal Affair,2020,Thriller,4.5,Movie,89,5257
The Pale Blue Eye,2018,Horror,7.1,Movie,69,789
Mirai no Mirai,2018,Animation,7,Movie,98,13651
Skjelvet,2018,Thriller,6.2,Movie,106,10622
Drinking Buddies,2013,Romance,6.1,Movie,90,56754
Precious Cargo,2016,Thriller,4.6,Movie,90,8885
Sweet & Sour,2021,Romance,6.7,Movie,101,1469
What Is Life Worth,2020,Biography,6.6,Movie,118,287
Bumperkleef,2019,Horror,5.7,Movie,86,2394
The Yinyang Master,2021,Action,6.4,Movie,113,2013
The Angel,2018,Biography,6.6,Movie,114,12911
J'ai perdu mon corps,2019,Animation,7.6,Movie,81,28790
Munich: The Edge of War,2021,Biography,7.1,Movie,69,789
A California Christmas,2020,Romance,5.8,Movie,106,6943
Chungchungirok,2020,Romance,7.3,Movie,70,1641
Power Rangers Beast Morphers,2019,Action,6.8,Movie,21,479
Black Beach,2020,Thriller,5.5,Movie,110,1299
Ala Vaikunthapurramuloo,2020,Comedy,7.3,Movie,163,10091
Alvinnn!!! And the Chipmunks,2015,Animation,4.5,Movie,11,1226
Ghoul,2018,Horror,7.1,Movie,45,13031
Maestro,2018,Biography,7.1,Movie,69,789
Amanda Knox,2016,Documentary,6.9,Movie,92,22474
Little Britain,2003,Comedy,7.6,Movie,29,22619
Age of Samurai: Battle for Japan,2021,Documentary,7.4,Movie,69,3234
The Coldest Game,2019,Historical,6.2,Movie,102,9330
The Ripper,2020,Documentary,7.1,Movie,195,7810
Love (ft. Marriage & Divorce),2021,Romance,6,Movie,70,224
Kidnapping Stella,2019,Thriller,4.8,Movie,89,5487
Skylines,2019,Crime,7.6,Movie,56,2406
Pee-wee's Big Holiday,2016,Family,6.1,Movie,90,7582
Doshinamnyeoui Sarangbeob,2020,Romance,7.8,Movie,30,1407
"Ssam, Maiwei",2017,Romance,8.1,Movie,70,4325
Teoneol,2017,Thriller,8.3,Movie,60,2228
Inventing Anna,2021,Drama,7.1,Movie,69,789
Jungle Beat: The Movie,2020,Animation,5.5,Movie,88,760
The Duchess,2020,Comedy,6.8,Movie,30,4651
Last Breath,2019,Documentary,7.7,Movie,90,4608
Toc Toc,2017,Comedy,6.8,Movie,90,16228
Ginny Weds Sunny,2020,Romance,5.7,Movie,125,4083
Sanglyusahoe,2018,Drama,5.5,Movie,120,793
Abducted in Plain Sight,2017,Documentary,6.8,Movie,91,17078
Untitled Sandra Bullock/Nora Fingscheidt Project,2021,Drama,7.1,Movie,69,789
Car Masters: Rust to Riches,2018,Reality-TV,8.8,Movie,40,8412
The Chef Show,2019,Documentary,8.2,Movie,30,4476
El fotógrafo de Mauthausen,2018,Biography,6.8,Movie,110,9308
The Jurassic Games,2018,Horror,3.8,Movie,86,2447
Blue Jay,2016,Romance,7.3,Movie,80,15777
Maid,2021,Comedy,7.1,Movie,69,789
Hey Duggee,2014,Animation,8.9,Movie,7,881
Schumacher,2021,Documentary,7.1,Movie,112,789
Medical Police,2020,Comedy,6,Movie,242,3755
Gabby's Dollhouse,2021,Animation,7.1,Movie,24,173
Deadman Wonderland,2011,Animation,7.2,Movie,24,9539
The After Party,2018,Musical,5.8,Movie,120,3990
"Berlin, I Love You",2019,Romance,4.6,Movie,120,2822
Mahô shôjo Madoka magika: Puella Magi Madoka Magica,2011,Animation,8.3,Movie,24,8089
Inrang,2018,Sci-Fi,6,Movie,139,4572
Jui kuen II,1994,Comedy,7.6,Movie,102,44060
Neoneun Naeui Bom,2021,Romance,7.6,Movie,70,53
Il legame,2020,Horror,4.7,Movie,93,3162
Bleach: Burîchu,2018,Action,6.4,Movie,108,10897
"Welcome to Demon-School, Iruma-kun",2019,Animation,7.7,Movie,23,876
Post Mortem: No One Dies in Skarnes,2021,Thriller,7.1,Movie,69,789
The Last Legion,2007,War,5.4,Movie,101,34726
Thumbelina,1994,Animation,6.4,Movie,86,16055
Arlo the Alligator Boy,2021,Animation,6.7,Movie,90,794
Riaru onigokko,2015,Fantasy,6.1,Movie,85,6015
Wheel of Fortune,1983,Family,6.7,Movie,30,2827
Trial by Media,2020,Documentary,7.2,Movie,69,2606
Wendell and Wild,2022,Animation,7.1,Movie,69,789
Tau man ji D,2005,Comedy,6.4,Movie,107,7994
Masum,2017,Crime,8.4,Movie,60,16763
Masameer County,2021,Animation,8.2,Movie,69,1307
Operation Mincemeat,2022,War,7.1,Movie,128,789
Tremors II: Aftershocks,1996,Horror,6,Video,100,28873
Other People,2016,Comedy,6.8,Movie,97,10487
Touch,2012,Sci-Fi,7.3,Movie,43,42007
Untitled 365 Days Sequel,2022,Romance,7.1,Movie,69,789
El Recluso,2018,Thriller,7,Movie,60,2332
Celeste & Jesse Forever,2012,Romance,6.6,Movie,92,30382
The Council,2018,Biography,7.1,Movie,69,789
Roped,2020,Romance,5.4,Movie,91,1140
The Old Guard 2,2018,Action,7.1,Movie,69,789
War Party,2018,Action,7.1,Movie,69,789
Remember Sunday,2013,Romance,7,Movie,96,11425
De Twaalf,2019,Thriller,7.5,Movie,50,4335
Heisei tanuki gassen ponpoko,1994,Animation,7.3,Movie,119,27073
Yasamayanlar,2018,Action,5.3,Movie,60,2716
"Oh, Ramona!",2019,Romance,4.9,Movie,109,8308
Ultraviolet,2017,Crime,7,Movie,60,1437
Cinderellawa Ne Myungui Gisa,2016,Romance,7.3,Movie,60,2996
Gore,2018,Drama,7.1,Movie,69,789
Dragons: Riders of Berk,2012,Animation,8,Movie,22,10046
Grenseland,2017,Thriller,6.8,Movie,60,3493
After Porn Ends,2012,Documentary,5.7,Movie,94,7703
Mandela,2021,Comedy,8.5,Movie,140,4826
Monkey Man,2022,Thriller,7.1,Movie,69,789
Sala samobójców. Hejter,2020,Thriller,7.1,Movie,135,13144
Umi ga kikoeru,1993,Animation,6.7,Movie,72,14787
"My Teacher, My Obsession",2018,Thriller,4.4,Movie,90,2035
Ke zai ni xindi de mingzi,2020,Romance,7.3,Movie,118,4358
Dude,2018,Comedy,5.1,Movie,97,6600
High Flying Bird,2019,Sports,6.2,Movie,90,8041
SKY Castle,2018,Mystery,8.7,Movie,75,2103
Dirty Teacher,2013,Thriller,4.7,Movie,85,1885
Racing Stripes,2005,Adventure,5.2,Movie,102,16506
So Not Worth It,2021,Comedy,7.7,Movie,35,806
Jusqu'au déclin,2020,Thriller,5.9,Movie,83,7835
I'll Be Home for Christmas,2016,Romance,6.1,Movie,84,2150
Loco por ella,2021,Romance,6.6,Movie,102,4651
GTO,1999,Animation,8.5,Movie,24,7710
Paddleton,2019,Comedy,7.2,Movie,89,12331
Girl,2018,Drama,7.1,Movie,105,13163
Secuestro,2016,Action,6.4,Movie,105,8537
Setup,2011,Crime,4.4,Movie,85,20760
Dry Martina,2018,Comedy,5.8,Movie,95,842
Wszyscy moi przyjaciele nie zyja,2020,Comedy,5.8,Movie,96,5024
Unrecorded Night,2018,Mystery,7.1,Movie,69,789
Sextuplets,2019,Comedy,4.4,Movie,97,7826
Beverly Hills Cop 4,2018,Comedy,7.1,Movie,69,789
Wolfblood,2012,Fantasy,7.6,Movie,30,3335
Night Teeth,2021,Horror,7.1,Movie,69,789
Vault,2019,Crime,5.5,Movie,99,2117
Love Island Australia,2018,Reality-TV,5.4,Movie,50,470
The Octonauts,2010,Animation,7.6,Movie,11,883
Sharknado 2: The Second One,2014,Action,4,Movie,95,18485
Team Foxcatcher,2016,Documentary,7.3,Movie,90,5804
Eitin Eogein,2020,Romance,8.3,Movie,70,1037
Heartthrob,2017,Thriller,5.4,Movie,86,2536
El árbol de la sangre,2018,Drama,6.4,Movie,130,2665
Middle School: The Worst Years of My Life,2016,Animation,6.1,Movie,92,8256
Kotetsujo no Kabaneri,2016,Animation,7.2,Movie,23,4656
Bard of Blood,2019,Action,6.9,Movie,45,10752
Spirit Riding Free,2017,Animation,6.6,Movie,23,904
Turn Up Charlie,2019,Musical,7.1,Movie,30,6711
Untitled Hulk Hogan Biopic,2018,Biography,7.1,Movie,69,789
Rattlesnake,2019,Horror,4.6,Movie,85,7999
The Cuphead Show!,2021,Animation,7.1,Movie,69,789
Mubeop Byeonhosa,2018,Thriller,7.6,Movie,60,1001
I.T.,2016,Crime,5.5,Movie,95,15373
Banana Split,2018,Comedy,6.2,Movie,88,2774
Halo 4: Forward Unto Dawn,2012,Family,6.9,Movie,100,23691
Soundtrack,2019,Musical,6.8,Movie,56,1910
The Innocent Man,2018,Documentary,7.3,Movie,284,5402
The Characters,2016,Comedy,5.4,Movie,30,765
College Romance,2018,Romance,8.8,Movie,30,24635
Riphagen,2016,Biography,7.1,Movie,131,7016
Club de Cuervos,2015,Comedy,8.2,Movie,40,5161
Last Chance U,2016,Documentary,8.4,Movie,55,6416
People Like Us,2012,Comedy,7.1,Movie,114,42162
Nailed It!,2018,Reality-TV,7.4,Movie,33,4113
Au service de la France,2015,Comedy,7.8,Movie,26,3115
Dilwale,2015,Comedy,5.1,Movie,158,32707
Little Einsteins,2005,Animation,6.3,Movie,69,1501
The ABCs of Death,2012,Horror,4.7,Movie,129,18559
Kuzu no honkai,2017,Animation,6.8,Movie,22,1437
David Brent: Life on the Road,2016,Musical,6.3,Movie,96,19129
Systemsprenger,2019,Drama,7.8,Movie,125,11388
Trigger Warning,2018,Thriller,7.1,Movie,69,789
Put Your Head on My Shoulder,2019,Romance,8,Movie,45,1356
Mercy Black,2019,Horror,4.9,Movie,88,3110
Kekkai Sensen,2015,Animation,7.3,Movie,24,1784
The Parisian Agency: Exclusive Properties,2021,Reality-TV,7,Movie,69,211
Edens Zero,2021,Animation,7.2,Movie,69,251
50M2,2021,Thriller,7,Movie,45,4632
The Breadwinner,2017,Animation,7.7,Movie,94,22504
Roboti Aniya,2017,Sci-Fi,8,Movie,35,3743
Ghost Lab,2021,Horror,5.2,Movie,117,973
Murder Among the Mormons,2021,Documentary,7,Movie,160,4914
Naboer,2005,Horror,6.5,Movie,75,9475
Pieces of Her,2021,Thriller,7.1,Movie,69,789
Ask the StoryBots,2016,Animation,8.4,Movie,24,750
Greatest Events of WWII in Colour,2019,Documentary,8.7,Movie,50,6940
13th,2016,Documentary,8.2,Movie,100,33496
Boku dake ga inai machi,2017,Fantasy,7.8,Movie,30,3231
Afro Samurai,2007,Animation,7.7,Movie,26,15625
Archive 81,2018,Horror,7.1,Movie,69,789
Trash Truck,2020,Animation,8.4,Movie,69,340
After Porn Ends 3,2018,Documentary,5.3,Movie,86,1551
Plan Coeur,2018,Comedy,7.2,Movie,27,4246
The Lincoln Lawyer,2018,Crime,7.1,Movie,60,789
Furie,2019,Horror,5.6,Movie,97,2413
Spycraft,2021,Documentary,6.7,Movie,271,1496
Gantz,2004,Animation,7.2,Movie,22,7273
Lust Stories,2018,Romance,6.4,Movie,120,10169
American Factory,2019,Documentary,7.4,Movie,110,19411
The Eddy,2020,Musical,7.2,Movie,69,2646
Tales of the City,1993,Romance,8.3,Movie,360,3813
Blue Mountain State: The Rise of Thadland,2016,Sports,5.7,Movie,90,15091
Gleipnir,2020,Animation,6.9,Movie,24,994
Acrimony,2018,Thriller,5.8,Movie,120,8263
Secrets of the Saqqara Tomb,2020,Documentary,7.2,Movie,113,5433
Operation Varsity Blues: The College Admissions Scandal,2021,Documentary,7,Movie,100,6745
LBJ,2016,Biography,6.5,Movie,98,6303
Zapped,2014,Fantasy,5.2,Movie,102,4517
The Bag Man,2014,Crime,5.2,Movie,108,16620
The Princess Switch,2018,Family,6.1,Movie,101,23879
Dragon's Dogma,2020,Animation,6.3,Movie,69,2776
Viceroy's House,2017,Biography,6.7,Movie,106,7296
The Letdown,2017,Comedy,7.5,Movie,30,2908
Family Business,2019,Comedy,7.4,Movie,69,2711
Ibeon Saengeun Cheoeumira,2017,Romance,8.1,Movie,70,3166
Crip Camp,2020,Documentary,7.7,Movie,106,6466
El marginal,2016,Crime,8.2,Movie,60,3022
Dogs,2018,Documentary,8.1,Movie,50,1151
Advokaten,2018,Crime,7,Movie,45,1393
Ultraman,2019,Animation,6.9,Movie,25,1688
Pets United,2019,Animation,3.8,Movie,89,2200
Cat People,2021,Documentary,6.2,Movie,69,152
Slumberland,2022,Family,7.1,Movie,69,789
Eastsiders,2012,Drama,6.9,Movie,115,2460
Heaven Official's Blessing,2020,Animation,8.4,Movie,69,781
Barbie Dreamhouse Adventures,2018,Animation,6.8,Movie,22,414
The Witcher: Blood Origin,2018,Action,7.1,Movie,69,789
Extraction 2,2018,Thriller,7.1,Movie,69,789
Life's Too Short,2011,Comedy,7.5,Movie,30,14912
Zero Chill,2021,Family,5.7,Movie,69,1108
Shin'ya shokudô: Tokyo Stories,2016,Drama,8.4,Movie,24,3713
Une chance de trop,2015,Thriller,7.2,Movie,52,1198
El tiempo entre costuras,2013,Historical,8.3,Movie,853,3876
Penguin Town,2021,Documentary,8,Movie,69,539
The Defiant Ones,2017,Documentary,8.5,Movie,60,12686
The Most Hated Woman in America,2017,Biography,6.1,Movie,91,5968
Shinya shokudô,2009,Drama,8.6,Movie,24,1680
Inside Job,2021,Animation,7.1,Movie,69,789
Joshua,2007,Horror,5.9,Movie,106,12266
Haters Back Off!,2016,Family,6,Movie,30,6956
I Am a Killer,2018,Documentary,7.4,Movie,52,3524
Berserk: Ougon Jidai-hen I - Haou no Tamago,2012,Animation,7.6,Movie,76,11327
The Knight Before Christmas,2019,Adventure,5.6,Movie,92,15522
The Returned,2015,Horror,7.1,Movie,42,11602
One Piece,2018,Action,7.1,Movie,69,789
Shinibsagwan Goohaeryung,2019,Historical,8.2,Movie,35,1391
Twilight of the Gods,2018,Animation,7.1,Movie,69,789
The InBESTigators,2019,Family,8.1,Movie,69,568
Merlí,2015,Romance,8.6,Movie,58,7545
Le jeu,2018,Comedy,6.8,Movie,90,13364
The Perfect Host,2010,Comedy,6.8,Movie,93,26028
Ya no estoy aqui,2019,Drama,7.3,Movie,112,6672
Hitler's Circle of Evil,2018,Documentary,8,Movie,52,3579
Talking Tom and Friends,2014,Animation,6.3,Movie,11,337
Herushingu,2001,Animation,7.9,Movie,23,15227
The Body,2019,Thriller,5.4,Movie,101,3062
Ai-naki mori de sakebe,2019,Horror,6.3,Movie,151,2147
Free!,2013,Animation,7.4,Movie,24,2630
Special Correspondents,2016,Comedy,5.8,Movie,101,21512
The Bletchley Circle: San Francisco,2018,Crime,6.9,Movie,45,2072
El robo del siglo,2020,Thriller,7.3,Movie,69,2222
R.L. Stine's Monsterville: Cabinet of Souls,2015,Horror,5.7,Movie,86,2000
Kiss Me First,2018,Sci-Fi,6.3,Movie,46,3645
Marfa Girl,2012,Drama,5.2,Movie,105,1561
Rebirth,2016,Thriller,5,Movie,100,4772
Mindhorn,2016,Thriller,6.3,Movie,89,11856
Much Loved,2015,Drama,6.2,Movie,104,2535
Bombam,2019,Romance,7.9,Movie,35,1739
Fun Mom Dinner,2017,Comedy,5.3,Movie,81,5222
Il processo,2019,Crime,7,Movie,52,2545
Darwin's Game,2020,Animation,7.3,Movie,23,1344
Quien a hierro mata,2019,Thriller,6.6,Movie,107,6591
Hanma Baki: Son of Ogre,2021,Animation,7.1,Movie,69,789
Blood & Water,2020,Mystery,6.4,Movie,53,2080
The Mother,2022,Thriller,7.1,Movie,69,789
Homemade,2020,Drama,6,Movie,138,692
Saving Zoë,2019,Crime,5.3,Movie,95,1787
Akelarre,2020,Historical,6.3,Movie,92,3610
Dérapages,2020,Thriller,7.2,Movie,52,3340
Rust Valley Restorers,2018,Documentary,7.8,Movie,38,2373
Wormwood,2017,Documentary,7,Movie,241,3870
Keizersvrouwen,2019,Crime,6.2,Movie,47,749
Ghost Wars,2017,Horror,6.3,Movie,60,4430
S.W.A.T.: Firefight,2011,Thriller,5.3,Video,89,9818
Jingle Jangle: A Christmas Journey,2020,Musical,6.5,Movie,122,16081
Mismatched,2020,Romance,5.5,Movie,30,3261
Rosario Tijeras,2016,Crime,6.2,Movie,43,227
Boku wa tomodachi ga sukunai,2011,Animation,7.1,Movie,25,1975
The Land of Steady Habits,2018,Comedy,6.2,Movie,98,6916
Open Season 2,2008,Animation,5.6,Video,76,22618
The Scorpion King 3: Battle for Redemption,2012,Fantasy,3.7,Video,105,8178
Det som göms i snö,2018,Crime,7.4,Movie,43,1765
Baekilui Nanggoonnim,2018,Historical,7.7,Movie,75,1328
12 Rounds 3: Lockdown,2015,Thriller,5.2,Movie,90,4021
Girlfriend's Day,2017,Comedy,5.2,Movie,65,3707
The Big Show Show,2020,Comedy,6.4,Movie,69,2139
The Great Hack,2019,Documentary,7.1,Movie,114,21781
Gentefied,2020,Comedy,7.4,Movie,69,1786
L'ultimo paradiso,2021,Romance,5.6,Movie,107,1007
Bloodride,2020,Horror,6.4,Movie,69,3127
Tarde para la ira,2016,Crime,6.8,Movie,92,11231
Hataraku Saibou,2018,Animation,7.6,Movie,24,1825
Step Sisters,2018,Comedy,5.5,Movie,108,4220
BNA,2020,Animation,7.2,Movie,23,1893
Yeh Meri Family,2018,Family,9.1,Movie,30,21890
Lykke-Per,2018,Drama,7.2,Movie,162,5308
Full Count,2019,Sports,5.7,Movie,110,544
Isi & Ossi,2020,Romance,6.4,Movie,113,7200
Ugly,2013,Crime,8,Movie,128,20940
Tian sheng chang ge,2018,Historical,8.6,Movie,60,1311
Qi Huan Zhi Lv,2019,Fantasy,5.9,Movie,102,1086
El aviso,2018,Action,5.9,Movie,92,5863
Fast and Loose,2018,Thriller,7.1,Movie,69,789
Apollo 10 1/2: A Space Age Adventure,2022,Animation,7.1,Movie,69,789
Lo spietato,2019,Crime,6.1,Movie,111,5546
Ad Vitam,2018,Crime,6.5,Movie,60,1428
The Last Kids on Earth,2019,Animation,7.4,Movie,69,1034
Spotless,2015,Crime,7.8,Movie,60,3419
Les rivières pourpres,2018,Thriller,6.8,Movie,60,1236
Alien Warfare,2019,Sci-Fi,2.6,Movie,88,3185
El silencio de la ciudad blanca,2019,Action,5.2,Movie,110,4653
6 Below: Miracle on the Mountain,2017,Biography,5.7,Movie,98,6916
Ssawooja Gwishina,2016,Romance,7.6,Movie,60,1964
Viva La Madness,2018,Crime,7.1,Movie,69,789
Frontera Verde,2019,Thriller,7.3,Movie,41,2264
Misha and the Wolves,2021,Drama,7.1,Movie,90,93
Operation Christmas Drop,2020,Romance,5.8,Movie,95,9647
The Repair Shop,2017,Documentary,8.7,Movie,30,1104
Cowspiracy: The Sustainability Secret,2014,Documentary,8.2,Movie,90,23655
Ever After High,2013,Animation,8,Movie,25,821
Reality Z,2020,Horror,5.4,Movie,30,2183
The Sky Is Pink,2019,Romance,7.6,Movie,143,7901
Busted! I Know Who You Are!,2018,Reality-TV,7.7,Movie,90,747
Te3n,2016,Thriller,7.3,Movie,136,12303
Paava Kadhaigal,2020,Drama,8.1,Movie,36,5524
The Death and Life of Bobby Z,2007,Thriller,5.8,Movie,97,14346
OtherLife,2017,Crime,6.3,Movie,96,14895
Brews Brothers,2020,Comedy,5.1,Movie,69,1730
Girls with Balls,2018,Horror,3.8,Movie,77,2805
The Increasingly Poor Decisions of Todd Margaret,2009,Comedy,7.6,Movie,25,6233
Ali & the Queens,2021,Comedy,7.1,Movie,100,791
Braqueurs,2015,Crime,6.3,Movie,81,4641
The Main Event,2020,Family,4.8,Movie,101,2062
Coco avant Chanel,2009,Biography,6.7,Movie,105,39401
La Doña,2016,Romance,6.8,Movie,45,553
Richie Rich,2015,Comedy,3.3,Movie,22,912
All Day and a Night,2020,Drama,5.8,Movie,121,3301
Benji,2018,Family,6.3,Movie,87,4163
Atlantique,2019,Romance,6.7,Movie,106,8583
The Confession Killer,2019,Documentary,7.4,Movie,240,7618
Violetta,2012,Musical,5.3,Movie,45,2207
Kemono Jihen,2021,Animation,7.5,Movie,24,922
Dongbaekkkot Pil Muryeop,2019,Romance,8,Movie,30,1793
Eojjeoda Balgyeonhan Haru,2019,Romance,7.9,Movie,35,1868
Killer Inside: The Mind of Aaron Hernandez,2020,Documentary,7.4,Movie,202,14805
The House of Flowers: The Movie,2021,Comedy,5.5,Movie,86,594
Shin seiki Evangelion Gekijô-ban: Shito shinsei,1997,Animation,7.5,Movie,101,12635
All Hail King Julien,2014,Animation,7.1,Movie,23,1708
100 días para enamorarnos,2020,Comedy,6.9,Movie,69,645
Human: The World Within,2021,Documentary,6.8,Movie,69,422
Have a Good Trip: Adventures in Psychedelics,2020,Documentary,6.8,Movie,85,6753
The Hollow,2018,Animation,7.2,Movie,24,3712
Irul,2021,Thriller,5.8,Movie,91,2627
L'immortel,2010,Crime,6.7,Movie,117,33510
Power Rangers Dino Charge,2015,Family,6.5,Movie,21,1200
When Heroes Fly,2018,Action,7.2,Movie,45,2666
Little Things,2016,Romance,8.3,Movie,16,4958
Les affamés,2017,Action,5.8,Movie,104,8625
Hardy Bucks,2010,Comedy,8.3,Movie,30,773
Tokyo Trial,2016,Historical,7.4,Movie,45,1381
Ashes of Love,2018,Romance,8.4,Movie,45,1577
Project Mc²,2015,Family,6,Movie,26,838
Out in the Dark,2012,Romance,7.5,Movie,96,8009
The Expanding Universe of Ashley Garcia,2020,Comedy,6.8,Movie,69,960
Once Upon a Time in London,2019,Crime,5.6,Movie,111,5578
Namjachingoo,2018,Romance,7.2,Movie,60,940
Merry Happy Whatever,2019,Comedy,6.3,Movie,26,4010
A Shaun the Sheep Movie: Farmageddon,2019,Animation,6.8,Movie,86,12154
Il Divin Codino,2021,Biography,6.1,Movie,91,3523
Anima,2019,Musical,7.7,Movie,15,10114
Jonas,2018,Romance,7,Movie,82,4948
Errementari,2017,Horror,6.4,Movie,98,10462
If Anything Happens I Love You,2020,Animation,7.8,Movie,13,13086
Was wir wollten,2020,Drama,5.8,Movie,93,1545
The Swimmers,2022,Drama,7.1,Movie,69,789
The Perfect Find,2018,Romance,7.1,Movie,69,789
Hanyô no Yashahime,2020,Animation,7.2,Movie,69,705
Pokémon: Mewtwo Strikes Back - Evolution,2019,Animation,5.7,Movie,98,4870
ADN,2020,Drama,5.9,Movie,90,733
Ssanggabpocha,2020,Mystery,8.1,Movie,70,1414
The Stranger,1946,Noir,7.4,Movie,95,25188
Home for Christmas,2019,Romance,7.7,Movie,29,11139
Walk. Ride. Rodeo.,2019,Biography,6.4,Movie,100,2114
Marseille,2016,Drama,6.9,Movie,41,4830
Wildflower,2014,Thriller,5.3,Movie,92,866
A Cinderella Story: Christmas Wish,2019,Fantasy,5.3,Video,85,5237
Damascus Cover,2017,Thriller,5.2,Movie,93,2574
Yojôhan shinwa taikei,2010,Animation,8.5,Movie,253,3362
Ofrenda a la tormenta,2020,Thriller,6.2,Movie,139,5473
Heartstopper,2018,Romance,7.1,Movie,69,789
Jenni Rivera: Mariposa de Barrio,2017,Musical,7.3,Movie,45,211
Bruised,2020,Sports,7.2,Movie,129,47
Shinchô yûsha ~ kono yûsha ga ore TUEEE kuse ni shinchô sugiru ~,2019,Animation,7.4,Movie,23,1657
The Disciple,2020,Musical,7.2,Movie,129,1686
Pariah,2011,Drama,7.2,Movie,86,6525
Bonusfamiljen,2017,Comedy,7.6,Movie,44,2864
Historia de un crimen: Colmenares,2019,Crime,7.3,Movie,69,735
Boy Meets Girl,2014,Romance,7.1,Movie,95,4391
Børning 3,2020,Comedy,5.1,Movie,100,1916
Sonic Boom,2014,Animation,6.9,Movie,11,5452
Video Game High School,2012,Sci-Fi,7.6,Movie,42,12922
Berserk: Ougon jidai-hen III - Kourin,2013,Animation,7.9,Movie,110,8987
My Perfect Landing,2020,Family,6.3,Movie,69,131
Operation Avalanche,2016,Thriller,6.1,Movie,94,6983
AK vs AK,2020,Comedy,6.9,Movie,108,12797
Some Assembly Required,2014,Family,3.7,Movie,69,788
Rugal,2020,Sci-Fi,6.4,Movie,60,672
Yojo Senki: Saga of Tanya the Evil,2017,Animation,7.6,Movie,24,2461
Legado en los huesos,2019,Thriller,6.3,Movie,121,7865
Rebel Ridge,2018,Thriller,7.1,Movie,69,789
El vecino,2019,Comedy,6.6,Movie,30,1945
Stay Close,2018,Crime,7.1,Movie,69,789
Inside the World's Toughest Prisons,2016,Documentary,7.1,Movie,47,2457
Higurashi: When They Cry - GOU,2020,Animation,7.1,Movie,69,356
Windfall,2022,Thriller,7.1,Movie,69,789
Mobeomhyungsa,2020,Mystery,7.5,Movie,60,488
Midnight at the Magnolia,2020,Romance,5.8,Movie,87,4392
Betaal,2020,Horror,5.4,Movie,46,8261
Dealin' with Idiots,2013,Comedy,5.4,Movie,88,1306
Trailer Park Boys: The Animated Series,2019,Animation,7.5,Movie,25,2531
Smurfs,1981,Animation,7.2,Movie,30,16790
The Good Nurse,2022,Crime,7.1,Movie,69,789
Glacé,2016,Crime,6.3,Movie,52,3384
Yuyeolui eumagaelbeom,2019,Romance,7.1,Movie,122,2822
Love on the Spectrum,2019,Documentary,8.5,Movie,69,3333
Ju-on: Origins,2020,Horror,6.1,Movie,30,3932
Coisa Mais Linda,2019,Romance,7.9,Movie,45,3071
Mercy,2016,Thriller,4.2,Movie,90,3165
Sisters,2017,Drama,7.5,Movie,60,1554
Bankier van het verzet,2018,Biography,6.9,Movie,123,8574
Kiss the Ground,2020,Documentary,8.3,Movie,84,5736
Habaekui Shinboo,2017,Romance,6.9,Movie,70,1921
Zero,2021,Comedy,5.7,Movie,27,1047
Shimoneta to Iu gainen ga sonzai shinai taikutsu na sekai,2015,Animation,7,Movie,22,1797
Misaeng,2014,Drama,8.6,Movie,60,1509
Mr. Roosevelt,2017,Comedy,6.3,Movie,90,3033
She,2020,Crime,6.5,Movie,36,3086
Si shi qing chun,2018,Animation,6.6,Movie,74,6342
Mystery Science Theater 3000: The Return,2017,Horror,8,Movie,90,3405
Carnaval,2021,Comedy,3.9,Movie,94,679
Geunyeoneun yeppeodda,2015,Romance,7.7,Movie,60,4012
Fariña,2018,Thriller,7.9,Movie,95,3399
True Spirit,2018,Biography,7.1,Movie,69,789
Why Did You Kill Me?,2021,Documentary,5.6,Movie,83,3378
Rodney & Sheryl,2018,Unknown,7.1,Movie,69,789
Bombay Begums,2021,Drama,4.9,Movie,50,3615
First Kill,2018,Horror,7.1,Movie,60,789
Blanche comme neige,2019,Comedy,5.3,Movie,112,921
Ban-deu-si jab-neun-da,2017,Crime,6.6,Movie,110,2511
Roohi,2021,Horror,4.3,Movie,134,6809
Contracted,2013,Horror,5.3,Movie,84,14668
Uncorked,2020,Drama,6.3,Movie,104,4839
Vaioretto evâgâden gaiden: Eien to jidou shuki ningyou,2019,Animation,7.5,Movie,90,3148
XX,2017,Horror,4.6,Movie,80,11394
Iris,2016,Thriller,6.1,Movie,99,3831
Tallulah,2016,Romance,6.7,Movie,111,19219
100 metros,2016,Biography,7.5,Movie,108,5856
Marlon,2017,Comedy,7.1,Movie,22,3738
La Corazonada,2020,Thriller,5.4,Movie,116,2361
Hou lai de wo men,2018,Romance,7.4,Movie,120,3425
Palmeras en la nieve,2015,Romance,7.4,Movie,163,11309
Mascots,2016,Comedy,5.8,Movie,89,6973
Enrico Piaggio: Vespa,2019,Romance,6.9,Movie,102,2353
Nobel,2016,War,8.1,Movie,45,6041
Gnome Alone,2017,Animation,5.6,Movie,85,3115
Monster Hunter: Legends of the Guild,2021,Animation,7.1,Movie,58,789
Revenger,2018,Thriller,5.7,Movie,101,3950
Sudden Fear,1952,Noir,7.5,Movie,110,5679
Sonic X,2003,Animation,6.2,Movie,30,3994
Ajin,2016,Animation,7.6,Movie,24,5606
Fearless,2020,Animation,4.9,Movie,89,1420
Sebelum Iblis Menjemput,2018,Horror,6,Movie,110,3765
The Investigator: A British Crime Story,2016,Documentary,5.7,Movie,47,1652
Zeitgeist,2007,Documentary,8.1,Video,118,48656
Temple,2017,Horror,3.6,Movie,78,4761
Life in Colour,2021,Documentary,8.3,Movie,59,2173
Onisciente,2020,Sci-Fi,6.4,Movie,69,1802
Swiped,2018,Romance,3,Movie,93,11048
Fear City: New York vs the Mafia,2020,Documentary,7.1,Movie,156,6352
How to Plan an Orgy in a Small Town,2015,Comedy,5.5,Movie,101,3172
Rolling Thunder Revue: A Bob Dylan Story by Martin Scorsese,2019,Documentary,7.6,Movie,142,5987
Yuragi-sou no Yuuna-san,2018,Animation,6.8,Movie,24,333
Bala,2019,Comedy,7.3,Movie,133,12716
Rozario to banpaia,2008,Animation,7,Movie,25,2732
Clark,2018,Crime,7.1,Movie,69,789
Cheese in the Trap,2016,Romance,7.4,Movie,60,3348
Kidou Senshi Gundam: Tekketsu no Orphans,2015,Animation,7.9,Movie,24,1382
"Money, Explained",2021,Documentary,6.9,Movie,23,1451
Eulachacha Waikiki,2018,Comedy,8.3,Movie,65,1499
The Cabin with Bert Kreischer,2020,Reality-TV,6.9,Movie,69,1388
Frozen Planet,2011,Documentary,9,Movie,333,27986
Si no t'hagués conegut,2018,Romance,7.7,Movie,60,1936
Amend: The Fight for America,2021,Documentary,7.9,Movie,69,1068
The Last Laugh,2019,Comedy,5.6,Movie,98,5277
Serious Men,2020,Comedy,6.8,Movie,114,6610
Ball and Chain,2018,Action,7.1,Movie,69,789
Hot Bot,2016,Sci-Fi,3.4,Movie,86,3581
Knives Out 3,2018,Comedy,7.1,Movie,69,789
Untold: Malice at the Palace,2021,Documentary,7.1,Movie,68,789
El Final del Paraíso,2019,Action,5.5,Movie,44,164
La dictadura perfecta,2014,Comedy,7.2,Movie,143,4902
Jack Whitehall: Travels with My Father,2017,Documentary,7.7,Movie,30,4249
Lady Driver,2020,Sports,5.9,Movie,104,1115
Intramural,2014,Sports,4.4,Movie,100,1411
The Breaker Upperers,2018,Comedy,5.9,Movie,90,5672
Typewriter,2019,Horror,6.5,Movie,48,3596
Lady Dynamite,2016,Comedy,7.4,Movie,30,3414
The Polka King,2017,Biography,5.9,Movie,95,9662
Ares,2020,Horror,5.6,Movie,32,3974
Ghost in the Shell SAC_2045,2020,Animation,6.3,Movie,25,1718
Osmosis,2019,Sci-Fi,5.9,Movie,55,2733
Der kommer en dag,2016,Drama,7.9,Movie,119,4234
Je ne suis pas un homme facile,2018,Comedy,6.3,Movie,98,13208
Dick Johnson Is Dead,2020,Documentary,7.5,Movie,89,5454
The Wiggles,1998,Family,5.9,Movie,30,805
Diablero,2018,Fantasy,6.7,Movie,40,2318
Deadly Switch,2019,Thriller,4.5,Movie,87,1124
Oktoberfest: Beer & Blood,2020,Historical,6.8,Movie,288,1795
La influencia,2019,Horror,4.5,Movie,99,3340
Aggretsuko,2018,Animation,8.1,Movie,15,5196
Solo,2018,Biography,5,Movie,91,2546
Love Jacked,2018,Romance,5.8,Movie,100,1775
Audible,2021,Documentary,5.3,Movie,39,119
Und morgen die ganze Welt,2020,Romance,6,Movie,111,1928
Just Say Yes,2021,Romance,4.5,Movie,97,1630
Power Rangers Megaforce,2000,Family,5.7,Movie,24,1495
Skylanders Academy,2016,Animation,6.6,Movie,25,636
The Millionaire Detective: Balance - Unlimited,2020,Animation,7.4,Movie,23,1105
The Chestnut Man,2021,Crime,7.1,Movie,50,789
XOXO,2016,Musical,5.3,Movie,92,6809
High Score,2020,Documentary,7.4,Movie,252,6851
The Numbers Station,2013,Thriller,5.6,Movie,89,19590
The Unauthorized Bash Brothers Experience,2019,Musical,6.9,Movie,30,4732
TharnType,2019,Romance,8.2,Movie,52,917
Fake or Fortune?,2010,Documentary,8.6,Movie,63,504
13: The Musical,2018,Musical,7.1,Movie,69,789
Zombieland Saga,2018,Animation,7,Movie,24,893
One Strange Rock,2018,Documentary,8.8,Movie,47,7223
Barry,2016,Biography,5.8,Movie,104,6821
The Trap,2019,Comedy,4.3,Movie,90,1417
We the People,2021,Animation,4.6,Movie,3,202
Killer Ratings,2019,Documentary,7.7,Movie,351,1423
Mademoiselle de Joncquières,2018,Romance,6.9,Movie,109,3033
Huge in France,2019,Comedy,6.8,Movie,30,2594
Abzurdah,2015,Romance,5.4,Movie,90,1945
Digimon Adventure,2020,Animation,7.4,Movie,69,415
Pup Academy,2019,Family,6.6,Movie,69,424
Guilt,2016,Crime,6,Movie,60,2540
El Club,2019,Comedy,6.3,Movie,30,748
The Forty-Year-Old Version,2020,Comedy,7.2,Movie,123,4348
Ma-yak-wang,2018,Crime,6.2,Movie,139,2719
Bling Empire,2021,Reality-TV,5.8,Movie,38,2271
Miss Americana,2020,Documentary,7.4,Movie,85,17209
An Affair to Die For,2019,Horror,4.8,Movie,82,1853
"Sex, Explained",2020,Documentary,6.9,Movie,111,2758
Dark Tourist,2018,Documentary,7.5,Movie,40,6507
Madre Solo hay Dos,2021,Comedy,7.4,Movie,69,1222
Selva trágica,2020,Mystery,5.6,Movie,96,621
Seis Manos,2019,Animation,7.2,Movie,27,1295
Nihon Chinbotsu 2020,2020,Animation,6.4,Movie,25,2553
Win It All,2017,Comedy,6.2,Movie,88,8626
Sardar Ka Grandson,2021,Romance,4.2,Movie,139,4007
Disclosure: Trans Lives on Screen,2020,Documentary,8.2,Movie,108,4586
Gangcheolbi,2017,Thriller,7.1,Movie,139,4928
Kureyon Shinchan,1992,Animation,8.2,Movie,25,449
V/H/S Viral,2014,Horror,4.2,Movie,81,15520
Inosensu: Innocence,2004,Animation,7.5,Movie,100,37017
The Pharmacist,2020,Documentary,7.7,Movie,217,6140
Paquita Salas,2016,Comedy,8,Movie,69,2699
Bajo la piel de lobo,2017,Action,5.8,Movie,110,2744
Mrs. Serial Killer,2020,Thriller,4.8,Movie,106,13494
100-man no Inochi no Ue ni Ore wa Tatte Iru,2020,Animation,6.4,Movie,23,439
Eerie,2018,Horror,4.7,Movie,101,2100
Sul più bello,2020,Romance,5.4,Movie,91,333
Sulla Stessa Onda,2021,Sports,5.7,Movie,99,961
Qu'est-ce qu'on a encore fait au bon Dieu?,2019,Comedy,6.1,Movie,99,6690
The Lizzie Borden Chronicles,2015,Horror,7,Movie,337,3945
"Jim & Andy: The Great Beyond - Featuring a Very Special, Contractually Obligated Mention of Tony Clifton",2017,Documentary,7.7,Movie,94,24231
Giruti kuraun: Guilty Crown,2011,Animation,7.1,Movie,23,4447
Bir Denizalti Hikayesi,2018,Action,7.1,Movie,69,789
The Cuba Libre Story,2016,Documentary,7.7,Movie,52,1432
Wolkenbruchs wunderliche Reise in die Arme einer Schickse,2018,Comedy,6.6,Movie,94,3856
The Incredible Shrinking Man,1957,Horror,7.6,Movie,81,16821
Beneath the Leaves,2019,Thriller,4.6,Movie,90,1389
Devils Line,2018,Animation,6.9,Movie,24,876
Manny & Lo,1996,Comedy,6.6,Movie,88,1944
Gekijô-ban Sôdo Âto Onrain: Sword Art Online - Ôdinaru sukêru -,2017,Animation,7.4,Movie,119,7054
"Gate: Jieitai Kanochi nite, Kaku Tatakaeri",2015,Animation,7.5,Movie,24,2886
The Seven Deadly Sins: Prisoners of the Sky,2018,Animation,7.1,Movie,99,4007
O Mecanismo,2018,Thriller,8.4,Movie,41,35732
Shéhérazade,2018,Thriller,7.1,Movie,109,1810
Five Came Back,2017,Documentary,8.3,Movie,60,4261
Crazyhead,2016,Horror,7.3,Movie,60,4613
Keopi peurinseu 1-hojeom,2007,Romance,8.2,Movie,55,4606
Code Lyoko,2003,Animation,7.3,Movie,26,4782
Darc,2018,Thriller,5.8,Movie,97,4109
Guilty,2020,Thriller,5.4,Movie,119,4014
Brotherly Love,2015,Drama,6.7,Movie,89,1787
Catfight,2016,Comedy,5.9,Movie,95,5779
Betonrausch,2020,Comedy,5.8,Movie,94,4387
No te puedes esconder,2019,Crime,6.5,Movie,44,918
The Legacy of a Whitetail Deer Hunter,2018,Comedy,5.5,Movie,83,3691
Citrus,2018,Animation,6.3,Movie,24,1621
K,2012,Animation,7.1,Movie,24,2091
Tu hijo,2018,Action,6.1,Movie,103,4290
Barbie: Life in the Dreamhouse,2012,Animation,7.4,Movie,3,1474
Killer Under the Bed,2018,Horror,5.2,Movie,90,330
Black Crab,2022,Action,7.1,Movie,69,789
Sthlm Rekviem,2018,Crime,6.5,Movie,45,1294
The Deep,2015,Animation,7.9,Movie,22,575
A Christmas Prince,2017,Romance,5.8,Movie,92,17515
Il était une seconde fois,2019,Sci-Fi,6.2,Movie,192,774
High on the Hog: How African American Cuisine Transformed America,2021,Documentary,7.7,Movie,210,501
Grégory,2019,Documentary,7.4,Movie,60,2505
Bloom Into You,2018,Animation,7.8,Movie,24,954
Florida Man,2018,Drama,7.1,Movie,69,789
Distrito Salvaje,2018,Crime,8.3,Movie,45,1727
Haereul poomeun dal,2012,Romance,8,Movie,69,2022
Gumbeobnamnyeo,2018,Thriller,8.3,Movie,35,484
Surviving Death,2021,Documentary,6.1,Movie,50,1654
Gunjan Saxena: The Kargil Girl,2020,Action,5.3,Movie,112,26036
The Joel McHale Show with Joel McHale,2018,Comedy,7.2,Movie,30,2277
The Epic Tales of Captain Underpants,2018,Animation,6.7,Movie,24,737
Christmas Inheritance,2017,Romance,5.7,Movie,104,10292
Sabrina,2018,Horror,4.2,Movie,113,1583
The Maus,2017,Horror,4.7,Movie,90,4377
Nae Aidineun Gangnammiin,2018,Romance,7.5,Movie,60,2715
The Nailbomber,2021,Documentary,6.3,Movie,72,1599
Byuti Insaideu,2018,Romance,7.5,Movie,70,1347
Desenfrenadas,2020,Comedy,7.3,Movie,43,796
Eobiseu,2019,Romance,7.1,Movie,60,1487
#Realityhigh,2017,Romance,5.2,Movie,99,5947
Syucheu,2018,Thriller,7.4,Movie,60,558
Ashby,2015,Comedy,6.4,Movie,100,15197
Frères ennemis,2018,Thriller,6.4,Movie,111,2248
Trolls: The Beat Goes On!,2018,Animation,5.9,Movie,25,731
Rosemary's Baby,2014,Horror,5.5,Movie,170,5230
Back to the Outback,2021,Animation,7.1,Movie,69,789
Little Witch Academia,2017,Animation,7.9,Movie,25,2619
Wakfu,2008,Animation,8.2,Movie,24,1289
Nero a metà,2018,Crime,6.6,Movie,60,822
Gridlocked,2015,Action,5.8,Movie,110,4295
Perdida,2018,Crime,5.6,Movie,103,4468
Shot in the Dark,2017,Documentary,8,Movie,37,1677
Waffles + Mochi,2021,Family,7.6,Movie,69,347
La Marca del Demonio,2020,Horror,3.2,Movie,82,2062
Arcane,2021,Animation,7.1,Movie,69,789
Go!,2020,Sports,5.9,Movie,102,2436
El hombre de las mil caras,2016,Thriller,6.9,Movie,123,7515
Svaha: The Sixth Finger,2019,Horror,6.3,Movie,122,3219
Carmel: ¿Quién mató a María Marta?,2020,Documentary,7.1,Movie,229,1979
X-Men,2011,Animation,6.9,Movie,69,1933
Beauty,2021,Romance,7.1,Movie,69,789
Made You Look: A True Story About Fake Art,2020,Documentary,7,Movie,94,3096
History of Swear Words,2021,Documentary,6.4,Movie,124,4167
La trinchera infinita,2019,Historical,7.2,Movie,147,5405
Elite Short Stories: Omar Ander Alexis,2021,Drama,7.4,Movie,35,1261
Go! Vive a Tu Manera,2019,Musical,7.1,Movie,40,491
Roll Red Roll,2018,Documentary,7.1,Movie,80,2377
Freaks: You're One of Us,2020,Fantasy,5.4,Movie,92,5256
Las muñecas de la mafia,2009,Drama,6.6,Movie,69,246
Hip-Hop Evolution,2016,Documentary,8.4,Movie,90,5411
Milosc do kwadratu,2021,Romance,5,Movie,102,2489
Sunderland 'Til I Die,2018,Documentary,8.1,Movie,39,7196
Eungyo,2012,Romance,6.7,Movie,129,1877
El Camino Christmas,2017,Western,5.7,Movie,89,7695
Son: The Guest,2018,Horror,8.2,Movie,65,1098
Rebel Moon,2018,Fantasy,7.1,Movie,69,789
Lo chiamavano Jeeg Robot,2015,Sci-Fi,7,Movie,112,13904
Siempre Bruja,2019,Fantasy,6.3,Movie,40,2191
Tonari no kaibutsu-kun,2012,Animation,7.3,Movie,24,3293
Karakai Jouzu no Takagi-san,2018,Animation,7.7,Movie,23,1330
Aetaneun Romaenseu,2017,Romance,7.1,Movie,47,2365
To aru majutsu no indekkusu,2008,Animation,6.9,Movie,23,1674
Handsome: A Netflix Mystery Movie,2017,Mystery,5.2,Movie,80,4161
Leila,2019,Sci-Fi,4.8,Movie,48,8306
Glitch Techs,2020,Animation,7.9,Movie,25,869
A Love So Beautiful,2020,Romance,7.4,Movie,69,522
Private Network: Who Killed Manuel Buendía?,2021,Documentary,6.8,Movie,100,123
Painkiller,2018,Crime,7.1,Movie,69,789
Cooking with Paris,2021,Reality-TV,7.1,Movie,69,789
Swearnet: The Movie,2014,Comedy,5.9,Movie,112,2536
The Midnight Club,2018,Horror,7.1,Movie,69,789
Medal of Honor,2018,Documentary,8.4,Movie,60,1510
Results,2015,Romance,5.4,Movie,105,6774
Invader ZIM: Enter the Florpus,2019,Animation,7.5,Movie,71,5167
Pee Mak Phrakanong,2013,Horror,7.3,Movie,115,5185
Iriwa Anajwo,2018,Crime,8,Movie,35,826
Married to Medicine,2013,Reality-TV,5.2,Movie,43,332
Al Hayba,2017,Romance,7.4,Movie,45,982
Ailiseu,2009,Romance,7.9,Movie,60,1810
Dong wu shi jie,2018,Sci-Fi,6.5,Movie,132,3985
Voyeur,2017,Documentary,6.2,Movie,95,5330
Echoes,2018,Thriller,7.1,Movie,69,789
Suzumiya Haruhi no yûutsu,2006,Animation,7.8,Movie,24,7848
Croc-Blanc,2018,Animation,7,Movie,85,3413
Lunatics,2019,Comedy,6.6,Movie,35,2884
Michiel de Ruyter,2015,Action,7,Movie,151,9359
One,2021,Thriller,6.6,Movie,151,2286
Blood Brother,2018,Crime,4.5,Movie,90,936
Kid Cosmic,2021,Animation,8,Movie,25,787
Dachra,2018,Horror,6.7,Movie,114,1263
Yeom-lyeok,2018,Fantasy,5.9,Movie,101,5130
Against the Ice,2021,Historical,7.1,Movie,69,789
Blackpink: Light Up the Sky,2020,Documentary,7.5,Movie,79,5531
El Reino,2021,Crime,7.1,Movie,69,789
Elite Short Stories: Guzmán Caye Rebe,2021,Crime,7.5,Movie,36,1545
Kadokyaputa Sakura,1998,Animation,8,Movie,30,4613
The Disappearance of Madeleine McCann,2019,Documentary,6.6,Movie,60,9309
The Guest House,2012,Romance,3.6,Movie,82,1449
This Film Is Not Yet Rated,2006,Documentary,7.5,Movie,98,27671
Mind Game,2004,Animation,7.8,Movie,103,8774
Do Do Sol Sol La La Sol,2020,Musical,7.4,Movie,60,1046
Happy New Year,2014,Comedy,5,Movie,180,35211
Hell and Back,2015,Animation,5.4,Movie,86,4823
Altered Carbon: Resleeved,2020,Animation,6.5,Movie,74,5301
Class of 83,2020,Crime,5.8,Movie,98,5197
From Scratch,2018,Drama,7.1,Movie,69,789
The Incredible Jessica James,2017,Comedy,6.5,Movie,85,6808
Neo Yokio,2017,Animation,5.9,Movie,23,3171
18 regali,2020,Drama,6.7,Movie,115,3312
Nightbooks,2021,Horror,7.1,Movie,69,789
Parallels,2015,Sci-Fi,6.1,Movie,83,14125
Gekkan Shojo Nozaki-kun,2014,Animation,7.6,Movie,24,2870
I Am Vengeance: Retaliation,2020,Action,3.4,Movie,82,1835
Street,2015,Action,4.6,Movie,85,973
37 sekanzu,2019,Drama,7.3,Movie,115,2345
Metegol,2013,Animation,6.5,Movie,106,9201
Sikago Tajagi,2017,Romance,8.3,Movie,70,1385
I Came By,2022,Thriller,7.1,Movie,69,789
Wu Assassins: Fistful of Vengeance,2018,Crime,7.1,Movie,69,789
Cheer,2020,Documentary,8.1,Movie,355,4270
Babylon,2014,Comedy,7.1,Movie,50,2142
Malibu Rescue,2019,Family,5.5,Movie,69,848
Geomsaekeoreul Ibryeokhaseyo: WWW,2019,Romance,7.9,Movie,70,833
Thriller,2018,Horror,3.6,Movie,87,1093
Tiempo compartido,2018,Thriller,6,Movie,96,2528
Beats,2019,Drama,6.4,Movie,109,4651
Yungnyong-i Nareusya,2015,Historical,8.9,Movie,69,803
Sulla mia pelle,2018,Biography,7.3,Movie,100,8345
Choked: Paisa Bolta Hai,2020,Drama,5.8,Movie,114,4967
Roku de nashi majutsu kôshi to akashic records,2017,Animation,7.1,Movie,24,1557
New Kids Turbo,2010,Comedy,6.4,Movie,84,15413
Mersal,2017,Thriller,7.8,Movie,172,30551
Bee and PuppyCat,2013,Animation,8.2,Movie,7,1555
Born to Raise Hell,2010,Thriller,4.4,Movie,98,4086
Marco Polo: One Hundred Eyes,2015,Historical,7.8,Movie,28,10146
Burn Out,2017,Thriller,6.2,Movie,107,3275
The Magic School Bus Rides Again,2017,Animation,6.2,Movie,26,719
The Maid,2020,Horror,5.7,Movie,102,560
Sadece Sen,2014,Romance,7.3,Movie,105,4752
Hyena,2020,Romance,7.8,Movie,60,598
Middleditch & Schwartz,2020,Comedy,8.6,Movie,51,4251
Against the Sun,2014,Biography,6.5,Movie,100,5503
Craig Ross Jr.'s Monogamy,2018,Drama,7.2,Movie,30,321
Girls Hostel,2018,Comedy,8.1,Movie,23,3566
Zbrodnia,2014,Crime,6.2,Movie,60,558
Vampires,2020,Horror,5.6,Movie,69,1081
Akjilkyungchal,2019,Crime,6.3,Movie,127,1768
Cinema Bandi,2021,Comedy,8,Movie,98,2001
Nappily Ever After,2018,Romance,6.4,Movie,98,8611
Neodo Inganini,2018,Romance,8,Movie,35,1802
La Reina de Indias y el Conquistador,2020,Historical,6.7,Movie,50,135
Shiny_Flakes: The Teenage Drug Lord,2021,Documentary,7.5,Movie,96,132
The Platform,2020,Drama,7,Movie,45,239
Widaehan Yuhokja,2018,Romance,7.2,Movie,32,1331
Houdini,2014,Biography,7.4,Movie,174,11302
Was It Love,2020,Romance,7.2,Movie,70,685
Super Why!,2007,Animation,6.1,Movie,30,693
"Michael Bolton's Big, Sexy Valentine's Day Special",2017,Musical,6.7,TV Special,54,1993
They Cloned Tyrone,2018,Sci-Fi,7.1,Movie,69,789
The Gruffalo,2009,Animation,7.5,Movie,27,6484
Danger Mouse,2015,Animation,7.1,Movie,22,499
Mother: Mazâ,2020,Thriller,6.8,Movie,126,2098
Truth or Dare,2012,Horror,5.6,Movie,96,8980
The Healing Powers of Dude,2020,Action,6.6,Movie,25,735
13 Geboden,2017,Thriller,7,Movie,46,2093
The Titan Games,2019,Reality-TV,7,Movie,60,3261
St. Agatha,2018,Horror,4.9,Movie,103,4873
The King's Avatar,2019,Action,8.2,Movie,45,826
Alien Worlds,2020,Documentary,6.5,Movie,69,3006
Transformers: Robots in Disguise,2014,Animation,5.9,Movie,22,930
The Holiday Movies that Made Us,2020,Documentary,7.1,Movie,44,725
Metal Lords,2021,Musical,7.1,Movie,69,789
Away,2016,Crime,6.8,Movie,105,2079
You Are My Home,2020,Animation,6.5,Movie,92,375
Lockwood & Co,2018,Action,7.1,Movie,60,789
Advantageous,2015,Sci-Fi,6.2,Movie,90,5140
Annyeong? Naya!,2021,Romance,7.2,Movie,65,344
Opening Night,2016,Musical,6,Movie,90,2458
Berserk: Ougon jidai-hen II - Dorudorei koryaku,2012,Animation,7.8,Movie,95,9421
Well-Intended Love,2019,Romance,7.3,Movie,45,1184
Stalked by My Doctor,2015,Thriller,5.5,Movie,88,1462
"Hi Bye, Mama!",2020,Comedy,8,Movie,70,1215
Nicky Jam: El Ganador,2018,Biography,7.8,Movie,45,1030
Crímenes de familia,2020,Thriller,6.6,Movie,99,3486
Gakusen toshi asterisk,2015,Animation,6.9,Movie,23,1696
My Perfect Romance,2018,Romance,4.7,Movie,91,2737
La víctima número 8,2018,Action,7,Movie,53,1760
Born to Be Blue,2015,Biography,6.9,Movie,97,8304
"Go, Dog. Go!",2021,Animation,7.4,Movie,69,126
Thus Spoke Kishibe Rohan,2017,Animation,7.7,Movie,97,673
The Pentaverate,2022,Comedy,7.1,Movie,69,789
Life Itself,2014,Documentary,7.8,Movie,121,15182
Tigertail,2020,Drama,6.5,Movie,91,3301
Real Rob,2015,Comedy,6.4,Movie,30,2650
Uisa Yohan,2019,Romance,8.2,Movie,35,857
Maria,2019,Crime,5,Movie,90,1872
Frozen Fever,2015,Animation,6.9,Movie,8,14945
Abstract: The Art of Design,2017,Documentary,8.4,Movie,45,5046
Sell By,2019,Romance,5.7,Movie,94,928
Bodyguard,2011,Comedy,4.7,Movie,130,24275
Super Buddies,2013,Family,4.3,Video,81,1278
Spivak,2018,Comedy,5.6,Movie,91,673
Inside Man,2018,Thriller,7.1,Movie,69,789
Maen Too Maen,2017,Thriller,7.4,Movie,80,1045
Adú,2020,Drama,6.7,Movie,119,4416
The Great Train Robbery,2013,Biography,7.4,Movie,90,3668
The Innocence Files,2020,Documentary,8,Movie,573,2335
Queen Sono,2020,Crime,6,Movie,43,1093
Johan Falk: GSI - Gruppen för särskilda insatser,2009,Thriller,6.9,Movie,118,3720
"Fresh, Fried and Crispy",2021,Reality-TV,6.3,Movie,69,417
"60 Il, Jijeongsaengjonja",2019,Thriller,8.1,Movie,70,910
What Did Jack Do?,2017,Comedy,6.5,Movie,17,11306
Betty en NY,2019,Comedy,7.7,Movie,60,477
Instant Hotel,2017,Reality-TV,7.3,Movie,45,1328
True Story,2018,Comedy,7.1,Movie,69,789
Henry Gamble's Birthday Party,2015,Drama,6.1,Movie,87,2753
Made in China,2019,Comedy,6.2,Movie,128,3947
Diagnosis,2019,Documentary,7.8,Movie,69,975
Minecraft: Story Mode,2018,Adventure,5.7,Movie,69,181
My Holo Love,2020,Sci-Fi,7.7,Movie,55,1779
2020 Golden Globe Awards,2020,Comedy,7.2,TV Special,134,703
Last Chance U: Basketball,2021,Documentary,8.4,Movie,69,1950
Dolly Kitty Aur Woh Chamakte Sitare,2019,Comedy,5.3,Movie,126,4946
Aelliseu,2020,Fantasy,7.2,Movie,70,792
Yeowoogakshibyeol,2018,Romance,7.1,Movie,35,617
Yeolhyeolsaje,2019,Comedy,8.2,Movie,35,585
The Adventures of Puss in Boots,2015,Animation,6.7,Movie,23,1491
Christmas with a View,2018,Romance,5.2,Movie,91,3906
Gireumjin Mello,2018,Romance,7.5,Movie,35,657
Super Wings!,2015,Animation,6.1,Movie,15,287
Anatomy of a Scandal,2018,Thriller,7.1,Movie,69,789
Criminal: Germany,2019,Crime,7.7,Movie,59,4577
Top Secret UFO Projects: Declassified,2021,Documentary,5.7,Movie,69,78
Walt Before Mickey,2015,Biography,5.9,Movie,107,5887
Sseo-ni,2011,Comedy,7.8,Movie,124,5405
Jinn,2019,Horror,3.5,Movie,30,9684
Gekijouban Fate/Stay Night: Heaven's Feel - I. Presage Flower,2017,Animation,7.5,Movie,120,2147
Biggie: I Got a Story to Tell,2021,Documentary,6.9,Movie,97,4347
Accidentally in Love,2018,Musical,7.6,Movie,30,933
Kyaputen Hârokku,2013,Animation,6.4,Movie,115,11876
Carole & Tuesday,2019,Animation,7.9,Movie,22,1694
Sirius the Jaeger,2018,Animation,6.8,Movie,25,1550
Hyperdrive,2019,Reality-TV,8,Movie,29,2371
Zhui bu,2017,Thriller,5.2,Movie,106,2915
Hasmukh,2020,Comedy,5.3,Movie,34,2479
BAC Nord,2020,Thriller,6.2,Movie,105,54
Le monde est à toi,2018,Comedy,6.4,Movie,102,3906
Hai Phuong,2019,Thriller,6.3,Movie,98,4265
Wir sind die Welle,2019,Drama,6.2,Movie,50,2389
The Neighbor,2016,Horror,5.8,Movie,87,7407
Archibald's Next Big Thing,2019,Animation,7.8,Movie,24,241
Sarah Cooper: Everything's Fine,2020,Comedy,5.6,TV Special,49,1592
Watashi ga Motete Dousunda,2016,Animation,6.6,Movie,23,919
Memories of a Murderer: The Nilsen Tapes,2021,Documentary,7.1,Movie,84,789
Barbie: Dolphin Magic,2017,Animation,5.7,Video,61,619
Superstition,2017,Horror,5.2,Movie,45,1779
Our Man Flint,1966,Action,6.5,Movie,108,6205
Cheongchunsidae,2016,Romance,8.3,Movie,60,1861
Boca a Boca,2020,Thriller,6.4,Movie,69,674
V.R. Troopers,1994,Family,5.8,Movie,30,971
Cuba and the Cameraman,2017,Documentary,8.3,Movie,113,4124
"That Winter, the Wind Blows",2013,Drama,7.7,Movie,65,1551
Prank Encounters,2019,Horror,5.2,Movie,24,2458
The Disastrous Life of Saiki K.: Reawakened,2019,Animation,7.9,Movie,69,1138
Elite Short Stories: Nadia Guzmán,2021,Romance,6.3,Movie,33,1254
Un-myeong-cheol-eom neol sa-rang-hae,2014,Romance,7.9,Movie,60,2027
Soaked in Bleach,2015,Documentary,7.4,Movie,90,12398
Numberblocks,2017,Animation,8.1,Movie,5,134
Floor Is Lava,2020,Reality-TV,5.3,Movie,38,1897
Candy Jar,2018,Comedy,5.8,Movie,92,4658
Orígenes secretos,2020,Action,6.1,Movie,96,5746
La terre et le sang,2020,Crime,4.9,Movie,80,2313
Sotto il sole di Riccione,2020,Romance,5.4,Movie,101,2060
"Gwaenchanhah, Sarangiya",2014,Romance,8.3,Movie,60,3454
Chemi Bednieri Ojakhi,2017,Drama,7.4,Movie,120,3482
Fate/Grand Order: Zettai Maju Sensen Babylonia,2016,Animation,7.3,Movie,69,526
"Dan, Hanaui Sarang",2019,Comedy,7.8,Movie,35,1420
Trial 4,2020,Documentary,7.4,Movie,437,1789
Meel patthar,2020,Drama,6.5,Movie,98,465
My First First Love,2019,Drama,7.5,Movie,50,1690
Chelsea Does,2016,Documentary,7.2,Movie,70,2395
Hurricane Bianca,2016,Comedy,5.9,Movie,84,6221
More Tales of the City,1998,Romance,7.9,Movie,330,1751
Wir können nicht anders,2020,Comedy,4.8,Movie,105,1086
Diamond City,2020,Crime,7.1,Movie,69,14
Ultimate Beastmaster,2017,Reality-TV,7.3,Movie,55,2242
Ku'damm 56,2016,Drama,7.6,Movie,100,1863
World's Most Wanted,2020,Documentary,7.2,Movie,69,2067
Ôkami to kôshinryô,2008,Animation,8,Movie,24,3959
Next in Fashion,2020,Reality-TV,7.3,Movie,50,3098
7Seeds,2019,Animation,6.4,Movie,25,1155
One of Us,2017,Documentary,7.1,Movie,95,6119
The Pentaverate,2018,Comedy,7.1,Movie,69,789
The Royal Treatment,2018,Romance,7.1,Movie,69,789
Ni no kuni,2019,Animation,6.1,Movie,106,2909
Da yu hai tang,2016,Animation,7.1,Movie,100,5365
Sundown,2016,Action,5.4,Movie,103,2278
Olaf's Frozen Adventure,2017,Animation,5.6,Movie,22,11969
Seoreunijiman Yeolilgobibmida,2018,Romance,7.9,Movie,35,1423
Seven in Heaven,2018,Horror,5.3,Movie,94,2522
Come Sunday,2018,Biography,6,Movie,106,2145
The Netflix Afterparty,2020,Talk-Show,3.7,Movie,69,431
Gojira: Kaijû Wakusei,2017,Animation,6,Movie,89,8108
Break,2018,Drama,5.9,Movie,96,1012
"Bon Cop, Bad Cop",2006,Comedy,6.8,Movie,117,12296
Plagi Breslau,2018,Crime,5.8,Movie,110,4401
Maya and the Three,2021,Animation,7.1,Movie,69,789
Berlin Calling,2008,Comedy,7.2,Movie,109,13984
eung-dab-hala 1994,2013,Romance,7.8,Movie,75,1091
Chicago Overcoat,2009,Action,6,Movie,94,1052
Isekai wa smartphone to tomo ni.,2017,Animation,6.6,Movie,24,1474
El Hilo Rojo,2016,Romance,5.4,Movie,100,2371
American Son,2019,Drama,5.8,Movie,90,6554
Savage Dog,2017,Action,5,Movie,94,3041
Itai no wa Iya nano de Bougyoryoku ni Kyokufuri Shitai to Omoimasu,2020,Animation,7.5,Movie,23,996
Go Go Squid!,2019,Romance,8,Movie,45,768
La casa de papel: El fenómeno,2020,Documentary,7.5,Movie,57,2634
Yarina Tek Bilet,2020,Romance,5.6,Movie,90,4492
Past Midnight,2018,Action,7.1,Movie,69,789
Rocky Handsome,2016,Crime,6.8,Movie,119,7782
Nae Dwie Teriuseu,2018,Romance,7.5,Movie,35,993
Win the Wilderness: Alaska,2020,Documentary,7,Movie,60,654
Amateur,2018,Sports,5.9,Movie,96,3972
Budapest,2018,Comedy,5.4,Movie,102,2506
My Next Guest Needs No Introduction with David Letterman,2018,Talk-Show,7.9,Movie,60,4945
God Eater,2015,Animation,7,Movie,24,1696
Hagane no renkinjutsushi: Mirosu no seinaru hoshi,2011,Animation,7,Movie,110,4653
Lovestruck: The Musical,2013,Musical,6.4,Movie,83,2313
Sahara,2017,Animation,5.6,Movie,86,2589
Hits,2014,Comedy,5.8,Movie,96,1860
Sora yori mo Tooi Basho,2018,Animation,8.3,Movie,23,1764
The Brawler,2018,Biography,4.8,Movie,95,495
Grizzy and the Lemmings,2007,Animation,7,Movie,7,445
True and the Rainbow Kingdom,2017,Animation,7.1,Movie,22,395
El silencio del pantano,2019,Action,4.9,Movie,92,3486
6 Balloons,2018,Drama,5.9,Movie,74,3865
Rotten,2018,Documentary,7.2,Movie,55,3330
Tout simplement noir,2020,Comedy,6.3,Movie,90,1444
Ugly Delicious,2018,Documentary,7.8,Movie,50,3268
Anatomy of a Love Seen,2014,Romance,4.7,Movie,80,2487
Lou,2018,Crime,7.1,Movie,69,789
Destry,1954,Western,6.7,Movie,95,1318
Home Is Where the Killer Is,2019,Thriller,4.4,Movie,87,486
Dakteo Peurijeuneo,2019,Thriller,7.8,Movie,35,446
Börü,2018,War,8.2,Movie,80,6607
Naeil Geudaewa,2017,Romance,7.5,Movie,60,766
The Present,2020,Drama,7.6,Movie,24,2573
"The Mind, Explained",2019,Documentary,8,Movie,20,4453
Challenger: The Final Flight,2020,Documentary,7.9,Movie,179,5904
Check Point,2017,War,3.2,Movie,97,1000
La sombra de la ley,2018,Action,6.3,Movie,126,3539
Dragon Quest: Your Story,2019,Animation,6.6,Movie,103,2541
Musarañas,2014,Horror,6.7,Movie,91,6598
Joseonroko Nokdujeon,2019,Historical,7.9,Movie,30,832
Use for My Talent,2021,Romance,7.1,Movie,45,103
Trailer Park Boys: Out of the Park,2016,Comedy,6.7,Movie,30,2144
Beat Bugs,2016,Animation,7.6,Movie,24,491
Find Me in Your Memory,2020,Fantasy,7.4,Movie,35,492
Naesungjukin Boseu,2017,Romance,7.3,Movie,70,1290
The Unlisted,2019,Thriller,6.7,Movie,22,698
The American Barbecue Showdown,2020,Reality-TV,7.2,Movie,69,957
Sword Art Online Alternative: Gun Gale Online,2018,Animation,6.9,Movie,24,1847
Dime Cuándo Tú,2020,Comedy,5.8,Movie,95,743
Radio Rebel,2012,Family,5.9,Movie,85,9016
7 Prisioneiros,2021,Drama,7.1,Movie,90,789
Eating Out: The Open Weekend,2011,Comedy,5.5,Movie,82,2277
Loaded,2017,Comedy,6.6,Movie,41,1294
Christmas on the Square,2020,Musical,5.2,Movie,98,2239
On the Verge,2021,Comedy,7.1,Movie,69,789
"Frankenstein's Monster's Monster, Frankenstein",2019,Comedy,5.9,Movie,32,2017
Vivir dos veces,2019,Comedy,7.2,Movie,101,5770
The Final Table,2018,Reality-TV,7.7,Movie,60,3574
Yo soy la felicidad de este mundo,2014,Drama,4.5,Movie,122,983
El autor,2017,Comedy,6.5,Movie,112,5276
Tribhanga,2021,Family,6.1,Movie,95,2588
Wheels of Fortune,2020,Comedy,5.4,Movie,106,618
Aneun Waipeu,2018,Romance,7.6,Movie,60,660
Blame!,2017,Animation,6.7,Movie,106,7432
The Boss Baby: Get That Baby!,2020,Animation,4.9,Movie,24,222
Dawn of the Croods,2015,Animation,6,Movie,23,595
Won't Back Down,2012,Drama,6.5,Movie,121,6317
Pelé,2021,Documentary,7,Movie,108,3513
Kidô Senshi Gundam Unicorn,2010,Animation,7.8,Movie,69,1145
Death Clique,2014,Crime,5.6,Movie,83,1271
Lost Ollie,2018,Animation,7.1,Movie,45,789
A Wish For Christmas,2016,Fantasy,6,Movie,84,4260
MeatEater,2012,Documentary,7.7,Movie,21,1247
Divines,2016,Crime,7.4,Movie,105,9245
Love and Redemption,2020,Fantasy,8.6,Movie,69,356
Torbaaz,2020,Sports,6.7,Movie,133,5886
Spellbinder,1995,Fantasy,8.2,Movie,24,1981
Blown Away,2019,Reality-TV,7.1,Movie,23,2438
Borderline,2016,Comedy,7.2,Movie,30,1432
Suzumiya Haruhi no shôshitsu,2010,Animation,8.1,Movie,162,6660
The Girls I've Been,2018,Thriller,7.1,Movie,69,789
Transformers: Cyberverse,2018,Animation,6.8,Movie,11,295
The Minimalists: Less Is Now,2021,Documentary,5.9,Movie,53,3415
Mob Psycho 100,2018,Thriller,5.1,Movie,24,462
Ninguém Tá Olhando,2019,Comedy,7.8,Movie,69,1590
Paradise Beach,2019,Crime,4.5,Movie,93,1948
Den enfaldige mördaren,1982,Drama,7.6,Movie,108,3065
The Big Combo,1955,Noir,7.4,Movie,87,7024
Sneakerheads,2020,Comedy,6.2,Movie,69,1169
Man vs. Bee,2018,Comedy,7.1,Movie,69,789
Zindagi inShort,2020,Romance,7.2,Movie,116,568
The Veil,2016,Horror,4.8,Movie,93,7495
Long Shot,2017,Documentary,7.4,Movie,40,7026
Prooi,2016,Horror,5.2,Movie,108,2118
Christmas Made to Order,2018,Romance,5.7,Movie,80,3759
Into the Inferno,2016,Documentary,7.2,Movie,104,7942
A Christmas Prince: The Royal Baby,2019,Romance,5.4,Movie,84,5594
The World's Most Extraordinary Homes,2017,Documentary,7.6,Movie,59,3123
The Goop Lab,2020,Documentary,2.5,Movie,30,3004
Hinamatsuri,2018,Animation,8,Movie,24,1551
Big Bear,2017,Comedy,5.1,Movie,88,1280
Private Life,2020,Romance,6.6,Movie,70,498
Toy Story That Time Forgot,2014,Animation,7.2,Movie,22,10644
Kakegurui,2018,Thriller,6.4,Movie,24,814
Thomas & Friends: All Engines Go!,2021,Animation,7.1,Movie,30,789
From the Dark,2014,Horror,4.9,Movie,90,3108
Interceptor,2022,Thriller,7.1,Movie,69,789
Zig & Sharko,2010,Animation,6.9,Movie,7,469
7 Ilui Wangbi,2017,Romance,7.8,Movie,69,388
7 Guardians of the Tomb,2018,Horror,4.5,Movie,90,3681
Criminal: France,2019,Crime,7.2,Movie,39,3576
Night on Earth,2020,Documentary,8.2,Movie,290,3690
Asobi Asobase,2018,Animation,7.9,Movie,24,875
Love Per Square Foot,2018,Romance,7.2,Movie,133,7730
Feed the Beast,2016,Crime,6.7,Movie,60,3309
History 101,2020,Documentary,6.8,Movie,22,3560
From,2022,Horror,7.1,Movie,69,789
Hôhokekyo tonari no Yamada-kun,1999,Animation,7.2,Movie,104,12928
Jinn,2014,Horror,4.2,Movie,97,4638
Ddo Oh Hae Yeong,2016,Romance,7.9,Movie,70,1479
Ajji,2017,Crime,6.9,Movie,104,1016
Indian Matchmaking,2020,Reality-TV,6.2,Movie,69,2785
Flint Town,2018,Documentary,7.9,Movie,45,3407
Elephant White,2011,Thriller,5.1,Movie,91,10586
Team Kaylie,2019,Comedy,4.5,Movie,69,270
Gharabeeb Soud,2017,War,5.6,Movie,69,239
Headspace: Guide to Meditation,2021,Documentary,8.5,Movie,173,1259
Pramface,2012,Comedy,7.5,Movie,69,2408
The Fix,2018,Comedy,7.1,Movie,30,1653
Schwarze Insel,2021,Thriller,7.1,Movie,104,789
Good Sam,2019,Comedy,5.7,Movie,89,2651
House of the Rising Sun,2011,Crime,4.4,Movie,90,3438
Kuromukuro,2016,Animation,7.2,Movie,24,1165
Chocolate,2019,Romance,7.7,Movie,70,910
Ore no imouto ga konna ni kawaii wake ga nai,2010,Animation,6.4,Movie,25,1310
Battlefish,2018,Reality-TV,7.1,Movie,42,385
Shang hai bao lei,2019,Sci-Fi,4.3,Movie,107,2131
The Booth at the End,2011,Mystery,8.3,Movie,30,4522
Tiny House Nation,2014,Reality-TV,7.1,Movie,43,963
The Family,2019,Documentary,6.4,Movie,249,3223
Wang-i doin nam-ja,2019,Historical,7.5,Movie,80,357
Kyungwooui Soo,2020,Romance,6.7,Movie,70,223
Chicago Party Aunt,2021,Animation,7.1,Movie,30,789
Eromanga Sensei,2017,Animation,5.4,Movie,24,1141
Melloga Chejil,2019,Romance,8.2,Movie,65,427
Extreme Engagement,2019,Reality-TV,5.7,Movie,69,350
Hotel Transylvania,2017,Animation,5.5,Movie,21,579
The Thing About Jellyfish,2018,Drama,7.1,Movie,69,789
Happy Anniversary,2018,Comedy,5.8,Movie,78,4026
Sen Hiç Atesböcegi Gördün mü?,2021,Comedy,6.2,Movie,113,4193
The Naked Civil Servant,1975,Biography,7.9,Movie,77,1630
The Silent Sea,2021,Horror,7.1,Movie,69,789
Romina,2018,Horror,2.2,Movie,77,2123
The Worthy,2016,Family,5.1,Movie,99,1806
Roxanne Roxanne,2017,Biography,6.2,Movie,100,2968
100 Humans,2020,Reality-TV,5.7,Movie,69,3456
Little Boxes,2016,Comedy,5.9,Movie,84,1785
Nocturama,2016,Thriller,6.4,Movie,130,4659
City of Tiny Lights,2016,Crime,5.5,Movie,110,2279
Ricos de Amor,2020,Romance,5.8,Movie,104,2288
Trippin' with the Kandasamys,2021,Romance,5.1,Movie,93,292
Selfie 69,2016,Romance,6.2,Movie,116,1597
Dave Chappelle: Sticks & Stones,2019,Comedy,8.5,TV Special,65,22574
"Bob Ross: Happy Accidents, Betrayal & Greed",2021,Documentary,7.1,Movie,92,789
"Strip Down, Rise Up",2021,Documentary,5.2,Movie,112,530
Sebelum Iblis Menjemput: Ayat Dua,2020,Horror,6,Movie,110,730
Dhamaka,2021,Thriller,7.1,Movie,103,789
Dragons: Rescue Riders,2019,Animation,6.1,Movie,24,236
Pigoin,2017,Crime,8.2,Movie,70,1157
The Princess Switch 3,2021,Family,7.1,Movie,69,789
L'uomo senza gravità,2019,Comedy,6.3,Movie,107,2281
Pants on Fire,2014,Family,5.2,Movie,85,921
Shei xian ai shang ta de,2018,Romance,7.4,Movie,100,4864
Guillermo del Toro Presents 10 After Midnight,2018,Horror,7.1,Movie,69,789
Mørke,2005,Thriller,6.7,Movie,124,3375
Tsuredure Children,2017,Animation,7.3,Movie,13,1288
Black Ink Crew,2012,Reality-TV,4.6,Movie,42,383
Kujira no kora wa sajô ni utau,2017,Animation,7.1,Movie,24,1400
Seoul Searching,2015,Comedy,7,Movie,105,1537
Beyblade Burst,2016,Animation,6.7,Movie,24,364
Guga-ui Seo,2013,Fantasy,8,Movie,69,1541
Middle of Nowhere,2012,Drama,6.4,Movie,97,1713
Zhen Huan Zhuan,2011,Historical,8.4,Movie,90,1382
17 filles,2011,Drama,6,Movie,86,3140
Brigada Costa del Sol,2019,Action,6.8,Movie,69,484
The Battered Bastards of Baseball,2014,Documentary,8,Movie,80,3648
Gyeolhongyeyak,2016,Drama,7.6,Movie,75,549
Shaitan,2011,Crime,7.2,Movie,121,8238
Fire Chasers,2017,Documentary,6.6,Movie,69,343
Onze Jongens in Miami,2020,Comedy,4.4,Movie,115,360
Latte Igel und der magische Wasserstein,2019,Animation,5.7,Movie,81,782
Jue Dai Shuang Jiao,2020,Action,8.2,Movie,69,512
The Who Was? Show,2018,Comedy,6.8,Movie,25,560
Cuando los ángeles duermen,2018,Action,5.5,Movie,91,3386
Loosideu deurim,2017,Thriller,6.2,Movie,101,3227
The Watcher,2018,Horror,7.1,Movie,69,789
A Very Murray Christmas,2015,Musical,5.5,TV Special,56,14605
Shadow,2019,Crime,6.6,Movie,45,885
End of the Road,2018,Thriller,7.1,Movie,69,789
'76,2016,Romance,7.2,Movie,118,58
Sense8: Creating the World,2015,Documentary,8.6,Movie,26,2429
Malibu Rescue,2019,Family,5,Movie,68,1090
The Task,2011,Horror,4.3,Movie,94,3389
Nadie Sabe Que Estoy Aquí,2020,Musical,6.5,Movie,91,3639
Angry Birds Toons,2013,Animation,6.2,Movie,3,684
Eizouken ni wa Te wo Dasu na!,2020,Animation,8.2,Movie,24,1144
Chatroom,2010,Thriller,5.5,Movie,97,8963
Hating Peter Tatchell,2021,Documentary,7.9,Movie,91,396
Strange Empire,2014,Western,6.4,Movie,60,1697
Forks Over Knives,2011,Documentary,7.7,Movie,96,11950
Bon Bini Holland,2015,Comedy,5.5,Movie,85,1211
O Matador,2017,Western,6.1,Movie,99,2428
Ultras,2020,Drama,6,Movie,108,4406
ReBoot: The Guardian Code,2018,Comedy,3.8,Movie,30,1130
Stereo,2014,Thriller,6.5,Movie,98,4733
Kanata no Astra,2019,Animation,8.1,Movie,24,1008
Adult Beginners,2014,Comedy,5.6,Movie,92,8169
Benvinguts a la família,2018,Comedy,6.7,Movie,69,385
Malibu Rescue: The Next Wave,2020,Family,4.8,Movie,68,692
El Camino de Xico,2020,Animation,5.2,Movie,85,407
Azizler,2021,Comedy,6,Movie,96,9497
Green Beret's Guide to Surviving the Apocalypse,2022,Comedy,7.1,Movie,69,789
Jin Xiu Wei Yang,2016,Historical,7.8,Movie,45,630
Publieke werken,2015,Historical,6.7,Movie,115,2124
Gaetmaeul Chachacha,2021,Romance,7.1,Movie,69,789
Still 2gether,2020,Romance,7.9,Movie,69,537
Kings of America,2018,Drama,7.1,Movie,69,789
Preservation,2014,Horror,4.7,Movie,90,5560
Wish You,2021,Musical,6.5,Movie,102,458
Hataraku Saibo Black,2021,Animation,7.5,Movie,24,291
Drag Race: Untucked!,2009,Reality-TV,7.8,Movie,21,3154
John Mulaney & the Sack Lunch Bunch,2019,Musical,7.5,TV Special,70,3313
Ricky Gervais: Humanity,2018,Comedy,8,TV Special,79,16246
Good Morning-Call: Guddo môningu kôru,2016,Romance,7.5,Movie,48,2877
Love Aaj Kal,2020,Romance,4.7,Movie,142,7937
A pesar de todo,2019,Comedy,5.4,Movie,78,4437
The Surgeon's Cut,2020,Documentary,8.5,Movie,69,850
Hot Date,2017,Comedy,7.2,Movie,20,574
Shakthi: The Power,2002,Action,6,Movie,170,4717
The Ghost Bride,2020,Drama,6,Movie,69,607
Dragon's Lair,2018,Action,7.1,Movie,69,789
Cocaine Cowboys: Reloaded,2014,Documentary,7.7,Movie,152,1359
Yat nim mou ming,2016,Drama,7.2,Movie,101,1780
Mata Batin,2017,Horror,5.2,Movie,107,1257
Southcliffe,2013,Thriller,7,Movie,188,2702
He Walked by Night,1948,Noir,7.1,Movie,79,5451
Finding Bliss,2009,Romance,5.3,Movie,96,2442
Myeongbulheojeon,2017,Romance,7.9,Movie,60,894
Horsin' Around,2014,Musical,7.4,Video,1,627
Nuestros amantes,2016,Romance,6.8,Movie,88,3890
Gakuen mokushiroku - HIGHSCHOOL OF THE DEAD: Dorifutâzu obu za deddo,2011,Animation,5.5,Video,16,269
Dive Club,2021,Mystery,7.6,Movie,69,14
Paranormal Investigation,2018,Horror,3.7,Movie,92,1434
Along for the Ride,2018,Romance,7.1,Movie,69,789
Saikometeuri Geunyeoseok,2019,Fantasy,7.8,Movie,65,1197
Menendez Parte 1: El día del Señor,2020,Horror,4.9,Movie,93,831
Little Big Women,2020,Drama,7.3,Movie,123,1790
Fugitiva,2018,Action,5.7,Movie,60,585
Colin in Black & White,2021,Biography,7.1,Movie,69,789
Kore wa Zombie desu ka?,2011,Animation,7.1,Movie,25,1562
Gente que viene y bah,2019,Romance,6.2,Movie,97,2758
Dead in Tombstone,2013,Horror,4.9,Video,100,5271
Puffin Rock,2015,Animation,8.7,Movie,7,783
El caso Alcàsser,2019,Documentary,7.1,Movie,303,1832
Stone of Destiny,2008,Comedy,6.8,Movie,96,3883
Saui Chanmi,2018,Historical,7.5,Movie,35,827
Destruction Los Angeles,2017,Action,4,Movie,93,2542
Christmas Wedding Planner,2017,Romance,4.4,Movie,86,5281
My Little Pony: Equestria Girls - Rainbow Rocks,2014,Animation,7,Movie,75,2735
La enfermedad del domingo,2018,Drama,6.9,Movie,113,3246
Home,2014,Horror,4.8,Movie,91,6949
Maximum Conviction,2012,Thriller,4.8,Movie,98,6627
Manson Family Vacation,2015,Thriller,5.8,Movie,84,2805
Rise of the Teenage Mutant Ninja Turtles,2021,Animation,7.1,Movie,69,789
Social Distance,2020,Comedy,5.7,Movie,69,586
Drive,2019,Thriller,3.6,Movie,147,6614
Nieve negra,2017,Crime,6.2,Movie,90,5553
Expelled,2014,Comedy,4.8,Movie,85,6592
Haunted: Latin America,2021,Horror,5.4,Movie,69,479
Kim Gwajang,2017,Comedy,7.7,Movie,60,687
Pottersville,2017,Comedy,5.4,Movie,84,4141
Mauvaises herbes,2018,Comedy,7.3,Movie,100,4780
A Christmas Prince: The Royal Wedding,2018,Romance,5.3,Movie,92,9527
Re: Mind,2017,Thriller,5,Movie,30,1337
Stove League,2019,Sports,8.4,Movie,60,488
The Great Canadian Baking Show,2017,Game-Show,7.5,Movie,44,281
Transferts,2017,Thriller,7.3,Movie,56,916
Taylor Swift: Reputation Stadium Tour,2018,Documentary,8.4,TV Special,125,4484
Casting JonBenet,2017,Documentary,6.1,Movie,80,5171
The King and I,1999,Animation,4.5,Movie,87,3922
Un Bandido Honrado,2019,Comedy,7.8,Movie,69,82
The School Nurse Files,2020,Comedy,6.5,Movie,51,915
Istanbul Kirmizisi,2017,Drama,5.5,Movie,110,4734
All Quiet on the Western Front,2022,Historical,7.1,Movie,69,789
Caïd,2021,Crime,6.2,Movie,69,568
Patriot Act with Hasan Minhaj,2018,Comedy,8.3,Movie,25,6817
"Haideu, Jikil, Na",2015,Romance,7,Movie,69,978
Uppena,2021,Romance,6.8,Movie,147,3232
Duck Duck Goose,2018,Animation,5.8,Movie,91,3335
Code 8: Part II,2018,Crime,7.1,Movie,69,789
Loev,2015,Romance,5.8,Movie,92,2491
Hollywood Darlings,2017,Comedy,6.7,Movie,21,493
The Stranded,2019,Mystery,6.3,Movie,40,1081
Cloudy with a Chance of Meatballs,2017,Animation,3.3,Movie,30,699
All the Queen's Men,2001,Comedy,4.9,Movie,99,2590
Been So Long,2018,Musical,5.5,Movie,100,996
Eung-dab-ha-ra 1997,2012,Romance,8.1,Movie,50,1775
Winter on Fire: Ukraine's Fight for Freedom,2015,Documentary,8.4,Movie,102,13492
Dating Around,2019,Reality-TV,6.3,Movie,30,1094
Le manoir,2017,Horror,4.6,Movie,100,2393
Scare Tactics,2003,Horror,6.7,Movie,69,2413
The Woman in the House,2018,Mystery,7.1,Movie,69,789
Ali's Wedding,2017,Romance,6.9,Movie,110,4644
The Magician's Elephant,2018,Animation,7.1,Movie,69,789
Aci Kiraz,2020,Drama,5,Movie,94,229
"What Happened, Miss Simone?",2015,Documentary,7.6,Movie,101,13071
A Secret Love,2020,Documentary,7.9,Movie,81,3816
The Fisherman's Diary,2020,Drama,6.5,Movie,143,480
Cabras da Peste,2021,Comedy,6.2,Movie,97,1433
The Confession Tapes,2017,Documentary,7.5,Movie,46,5017
Any Day Now,2012,Drama,7.5,Movie,98,6037
Hijacked,2012,Thriller,3.8,Movie,86,3608
How to Fix a Drug Scandal,2020,Documentary,7,Movie,211,2676
O Escolhido,2019,Thriller,5.8,Movie,40,611
Into the Beat - Dein Herz tanzt,2020,Musical,5.3,Movie,102,1063
Labrador,2011,Drama,5.7,Movie,73,231
Force 2,2016,Action,6.2,Movie,127,5138
Room 2806: The Accusation,2020,Documentary,7,Movie,197,2025
Smosh: The Movie,2015,Fantasy,3.3,Movie,84,6264
Rabbids Invasion,2013,Animation,5,Movie,69,1542
Inside Bill's Brain: Decoding Bill Gates,2019,Documentary,7.9,Movie,52,9928
Barbie & Chelsea the Lost Birthday,2021,Animation,6,Video,60,75
Laibeu,2018,Comedy,8.4,Movie,60,994
Quarantine Tales,2020,Thriller,6.5,Movie,87,90
Hard Breakers,2010,Comedy,2.8,Movie,99,1269
Cities of Last Things,2018,Crime,6.2,Movie,106,1432
1898. Los últimos de Filipinas,2016,War,6.5,Movie,105,3074
How Many Kilograms are the Dumbbells You Lift?,2019,Animation,7.1,Movie,69,584
Chaman Bahaar,2020,Comedy,7,Movie,111,6027
X: Past Is Present,2015,Romance,5.2,Movie,105,658
Lured,1947,Noir,7,Movie,102,3337
"Boo, Bitch",2018,Comedy,7.1,Movie,69,789
Human Resources,2018,Animation,7.1,Movie,69,789
Johan Falk: Kodnamn: Lisa,2012,Thriller,7.5,Movie,106,3033
Rock My Heart,2017,Drama,6.5,Movie,105,864
Let's Eat,2013,Romance,7.7,Movie,50,540
Go! Go! Cory Carson,2020,Animation,8.1,Movie,69,187
El incidente,2014,Horror,6.3,Movie,100,3417
Trollhunters: Happy Birthday to You!,2017,Animation,7.5,TV Special,1,24
Five Minarets in New York,2010,Action,5.8,Movie,119,14788
Prince of Peoria,2018,Family,5.9,Movie,25,392
Himlen är oskyldigt blå,2010,Drama,6.6,Movie,110,3484
Alles ist gut,2018,Drama,6.5,Movie,90,1293
Half Bad,2018,Fantasy,7.1,Movie,60,789
Pyaar Ka Punchnama 2,2015,Romance,7.2,Movie,137,14399
Nachthelle,2014,Mystery,5.1,Movie,86,1199
Hayop Ka!,2020,Animation,7.1,Movie,73,181
F.R.E.D.I.,2018,Sci-Fi,5.1,Movie,89,902
Oorlogswinter,2008,War,7,Movie,103,12479
Ri-eol,2017,Action,5,Movie,137,1115
Sidonia no Kishi,2014,Animation,7.8,Movie,69,4192
M'entends-tu?,2018,Comedy,7.7,Movie,30,552
"1,000,000 yen no Onnatachi",2017,Mystery,7.5,Movie,30,1636
El Hijo,2019,Thriller,5.5,Movie,92,3270
Single All the Way,2021,Romance,7.1,Movie,69,789
BRZRKR,2018,Action,7.1,Movie,69,789
Kaze ga tsuyoku fuiteiru,2018,Animation,8.4,Movie,23,916
Les de l'hoquei,2019,Sports,6.9,Movie,50,381
John Henry and the Statesmen,2018,Family,7.1,Movie,69,789
Rurôni Kenshin: Seisô hen,2001,Animation,8.2,Movie,83,4043
The Boulet Brothers' DRAGULA: Search for the World's First Drag Supermonster,2016,Horror,7.9,Movie,48,813
Kono Oto Tomare!,2019,Animation,8,Movie,23,538
Pretty Smart,2018,Comedy,7.1,Movie,69,789
Strange Weather,2016,Drama,6,Movie,92,1353
Heart of Stone,2018,Thriller,7.1,Movie,69,789
The Homeless World Cup,2018,Sports,7.1,Movie,69,789
Sword Gai: The Animation,2018,Animation,5.9,Movie,22,850
Rising Phoenix,2020,Documentary,8.1,Movie,105,1405
Ava's Possessions,2015,Horror,5.7,Movie,89,2990
Chopsticks,2019,Comedy,6.5,Movie,100,4382
The House Next Door,2017,Horror,6.8,Movie,137,2207
Take the 10,2017,Comedy,4.8,Movie,80,2926
"Ariana Grande: Excuse Me, I Love You",2020,Documentary,6.4,Movie,97,2141
Home: Adventures with Tip & Oh,2016,Animation,6,Movie,23,543
Afterlife of the Party,2021,Comedy,7.1,Movie,109,789
Kami-tachi ni Hirowareta Otoko,2020,Animation,7,Movie,23,448
Gaya sa pelikula,2020,Romance,8.6,Movie,69,581
Hangman,2015,Horror,4.7,Movie,85,2210
Samurai Rabbit: The Usagi Chronicles,2018,Animation,7.1,Movie,69,789
Sugar Rush,2018,Game-Show,7,Movie,69,1299
Pai em Dobro,2021,Family,5.6,Movie,103,1078
Chip and Potato,2018,Animation,6.2,Movie,23,117
Paskal: The Movie,2018,Action,6.8,Movie,115,2853
Drug Lords,2018,Documentary,6.8,Movie,42,1153
Conspiracy of Silence,2018,Thriller,6.5,Movie,45,491
Lego Jurassic World: Legend of Isla Nublar,2019,Animation,6.8,Movie,69,203
Under Suspicion: Uncovering the Wesphael Case,2021,Documentary,6.3,Movie,180,534
Circus of Books,2019,Documentary,7.1,Movie,92,4043
Deuces,2016,Crime,5.9,Movie,87,940
James Acaster: Repertoire,2018,Comedy,8.5,Movie,205,2950
Superlópez,2018,Sci-Fi,5.4,Movie,108,3326
Virunga,2014,Documentary,8.2,Movie,100,10789
The Mudge Boy,2003,Romance,7.1,Movie,94,4347
Geunyeoneun Geojitmaleul Neomoo Saranghae,2017,Musical,6.9,Movie,69,691
Mysterious Island,2010,Horror,3.5,Movie,91,1025
Siffredi Late Night - Hard Academy,2016,Documentary,5.9,Movie,25,86
Dinotrux,2015,Animation,6.9,Movie,69,417
Goedam,2020,Horror,5.8,Movie,10,694
BigBug,2018,Fantasy,7.1,Movie,69,789
It's Bruno!,2019,Comedy,7.5,Movie,15,2662
Criminal: Spain,2019,Crime,6.9,Movie,40,3675
Wedding Season,2018,Romance,7.1,Movie,69,789
Bread Barbershop,2020,Animation,8.6,Movie,69,83
The 39 Steps,2018,Thriller,7.1,Movie,69,789
Dirty John: The Dirty Truth,2019,Documentary,6.1,Movie,88,1798
"Crack: Cocaine, Corruption & Conspiracy",2021,Documentary,6.7,Movie,89,2795
The Imperfects,2021,Fantasy,7.1,Movie,69,789
The House,2021,Thriller,7.1,Movie,69,789
Sparta,2018,Thriller,6.6,Movie,53,173
Hate Story 3,2015,Thriller,4.5,Movie,126,3085
Otto no chinpo ga hairanai,2019,Romance,6.5,Movie,40,700
The Last of Robin Hood,2013,Romance,5.7,Movie,94,2131
Iliza Shlesinger: War Paint,2013,Comedy,6.7,TV Special,75,1924
Hannah Gadsby: Nanette,2018,Documentary,8.3,TV Special,69,10914
Son,2012,Mystery,7.4,Movie,90,789
Nooni Booshige,2019,Comedy,8.1,Movie,60,501
The Oscars,2020,Musical,6.6,TV Special,170,1024
Bill Burr: Paper Tiger,2019,Comedy,8.2,TV Special,67,9499
Yoake tsugeru Rû no uta,2017,Animation,6.8,Movie,112,1991
The Victims' Game,2020,Thriller,7.4,Movie,69,1100
King Jack,2015,Adventure,7,Movie,81,3119
Diecisiete,2019,Drama,7.2,Movie,99,3610
Gli infedeli,2020,Comedy,4.6,Movie,88,1378
Fed Up,2014,Documentary,7.7,Movie,92,11714
Untitled Kenya Barris/Jonah Hill Comedy Project,2018,Comedy,7.1,Movie,69,789
Memorias de Idhún,2020,Animation,5.4,Movie,25,475
"Te quiero, imbécil",2020,Comedy,5.8,Movie,87,2891
The Barkley Marathons: The Race That Eats Its Young,2014,Documentary,7.8,Movie,89,4828
Irmandade,2019,Thriller,7.6,Movie,50,1081
Maeumui sori,2016,Comedy,8.3,Movie,69,875
Ildan Ddeugeobge Chungsohara,2018,Romance,6.7,Movie,70,939
Tereddüt,2016,Drama,6.5,Movie,105,2160
El cuaderno de Sara,2018,Mystery,5.9,Movie,115,2554
D.P.,2021,Crime,7.1,Movie,69,789
Six Windows in the Desert,2020,Comedy,4.2,Movie,69,2898
Whitney,2018,Documentary,7.3,Movie,120,7004
Gaga: Five Foot Two,2017,Documentary,7,Movie,100,12114
Hellions,2015,Horror,4.2,Movie,80,3083
Santana,2020,Crime,3.8,Movie,106,876
Happy Old Year,2019,Romance,7.2,Movie,113,1812
A New York Christmas Wedding,2020,Romance,5.4,Movie,88,860
Teenage Cocktail,2016,Thriller,5.8,Movie,88,5070
Forbidden Ground,2013,War,4.9,Movie,95,1960
Ruby the Hero Dog,2022,Drama,7.1,Movie,69,789
Miss India,2020,Drama,3.6,Movie,136,1793
Modooui Geojitmal,2019,Thriller,7,Movie,60,260
Chupa,2018,Fantasy,7.1,Movie,69,789
Gamers!,2017,Animation,6.6,Movie,24,1121
Losers,2019,Documentary,7.7,Movie,30,1551
Under solen,1998,Romance,6.7,Movie,130,2510
Tiger & Bunny,2011,Animation,7.4,Movie,69,833
Stranded in Paradise,2014,Romance,5.5,Movie,86,1573
Ahiru no Sora,2019,Animation,7.5,Movie,69,451
The Secret Diary of an Exchange Student,2021,Romance,7.1,Movie,96,789
Harvey Street Kids,2018,Animation,6.6,Movie,23,219
Gigantosaurus,2019,Animation,7.2,Movie,22,124
Laipeu,2018,Thriller,7.6,Movie,60,528
QB1: Beyond the Lights,2017,Documentary,7.8,Movie,35,813
Damsels in Distress,2011,Romance,5.7,Movie,99,9343
Jiva!,2021,Drama,5.7,Movie,50,201
RuPaul's Secret Celebrity Drag Race,2020,Reality-TV,6.9,Movie,69,1223
The Holiday Calendar,2018,Romance,5.7,Movie,95,8871
Gojira: hoshi wo kû mono,2018,Animation,5.1,Movie,91,3856
Back Street Girls,2018,Animation,6.7,Movie,24,689
Kings of Jo'burg,2020,Thriller,5.4,Movie,69,439
Tomorrow Is Forever,1946,War,7.4,Movie,104,2456
Rhythm + Flow,2019,Musical,7.7,Movie,69,1409
Otwórz oczy,2021,Thriller,7.1,Movie,69,789
Connected: The Hidden Science of Everything,2020,Documentary,7.5,Movie,69,1450
¿A quién te llevarías a una isla desierta?,2019,Drama,5.3,Movie,93,2335
We Are the Champions,2020,Documentary,7.1,Movie,30,1181
Historia de un Crimen: La Busqueda,2020,Crime,5.5,Movie,69,561
Hold Your Breath,2012,Horror,3.3,Movie,87,1906
Song Exploder,2020,Documentary,7.4,Movie,69,630
Battle,2018,Musical,5.9,Movie,95,3918
Gap tung kei hap,2014,Historical,4.8,Movie,104,3436
Booba,2014,Animation,7,Movie,96,318
Rainbow High,2020,Animation,6.1,Movie,69,59
Chris Rock: Tamborine,2018,Comedy,6.6,TV Special,98,6488
Farewell Amor,2020,Musical,6.9,Movie,95,927
Preso No. 1,2019,Crime,6.9,Movie,69,62
Imperial Dreams,2014,Drama,6.7,Movie,87,4260
Pac-Man and the Ghostly Adventures,2013,Animation,4.9,Movie,30,555
Edha,2018,Drama,4.8,Movie,40,603
Madaari,2016,Thriller,7.6,Movie,133,13823
Go Jetters,2015,Animation,8,Movie,69,128
Plan de fuga,2016,Action,5.6,Movie,105,1755
Taj Mahal 1989,2020,Romance,7.5,Movie,33,1367
Audrie & Daisy,2016,Documentary,7.2,Movie,95,6227
The Playbook,2020,Documentary,7.5,Movie,69,1165
El Cuaderno de Tomy,2020,Drama,6.3,Movie,84,794
Muscle Shoals,2013,Documentary,7.8,Movie,111,3695
Las tres muertes de Marisela Escobedo,2020,Documentary,8.2,Movie,109,1381
4 latas,2019,Comedy,5.9,Movie,105,2903
Angkeumhan Dolshingnyeo,2014,Romance,7.6,Movie,55,817
Jak zostac gwiazda,2020,Musical,5.5,Movie,118,898
26 nyeon,2012,Thriller,6.3,Movie,135,1054
Silencer,2018,Thriller,3.9,Movie,88,1041
Cougar Hunting,2011,Romance,3.7,Movie,102,1103
Dream Home Makeover,2020,Reality-TV,5.6,Movie,69,913
The Submarine Kid,2015,Romance,5.8,Movie,109,822
Trotskiy,2017,Biography,7.1,Movie,50,1912
Kipper,1997,Animation,7.1,Movie,47,810
The Carer,2016,Comedy,6.6,Movie,89,1321
Svinalängorna,2010,Drama,7,Movie,99,3851
Reipu zonbi: Lust of the dead,2012,Horror,3.8,Movie,73,819
Crazy Delicious,2020,Documentary,6.7,Movie,69,780
Seinto Seiya: Knights of the Zodiac,2019,Animation,4.6,Movie,69,1700
I'm Reed Fish,2006,Romance,5.7,Movie,93,4283
Sisters on Track,2021,Documentary,5.7,Movie,96,129
La vie scolaire,2019,Comedy,6.4,Movie,111,2300
Dead Places,2021,Horror,6.8,Movie,45,757
Historical Roasts,2019,Comedy,5.3,Movie,30,1591
Dang Nan Ren Lian Ai Shi,2021,Romance,7.1,Movie,115,270
H2O: Mermaid Adventures,2015,Animation,5.6,Movie,25,157
Samurai Gourmet,2017,Comedy,8.1,Movie,20,1899
June & Kopi,2021,Family,6.3,Movie,90,417
The Golem,2018,Horror,5.6,Movie,95,5153
CURS>R,2018,Horror,7.1,Movie,69,789
Dark Summer,2015,Horror,4.3,Movie,81,3239
Her Infidelity,2015,Thriller,3.6,Movie,83,521
Cannon Busters,2019,Fantasy,6.8,Movie,69,1043
The Hunting Ground,2015,Documentary,7.4,Movie,103,6072
I Am Here,2014,Thriller,5,Movie,97,1713
Travis Scott: Look Mom I Can Fly,2019,Documentary,6.3,Movie,84,3979
Somm,2012,Documentary,7.1,Movie,94,4536
Howl,2010,Romance,6.7,Movie,84,12757
Kevin Hart: What Now?,2016,Documentary,5.9,Movie,96,9154
Our Man from Jersey,2018,Unknown,7.1,Movie,69,789
Brainchild,2018,Documentary,8.1,Movie,30,368
Bruna Surfistinha,2011,Biography,6.1,Movie,131,6999
Medicinen,2014,Comedy,5.5,Movie,114,896
LoliRock,2014,Animation,7.3,Movie,26,380
Freshman Year,2019,Drama,5.1,Movie,105,177
Duisburg - Linea di sangue,2019,Crime,5.5,Movie,100,306
Ladda Land,2011,Horror,6.3,Movie,125,2145
Elvis Presley: The Searcher,2018,Documentary,7.7,Movie,205,1892
"Bikram: Yogi, Guru, Predator",2019,Documentary,6.7,Movie,86,6232
Canvas,2020,Animation,6.5,Movie,9,2064
Llama Llama,2018,Animation,6.5,Movie,24,250
Khaani,2017,Romance,8.1,Movie,69,752
Miss Representation,2011,Documentary,7.6,Movie,85,3709
Exit West,2018,Sci-Fi,7.1,Movie,69,789
Detention,2020,Horror,6.3,Movie,50,383
Norm Macdonald Has a Show,2018,Comedy,8.7,Movie,30,3029
Uglies,2018,Sci-Fi,7.1,Movie,69,789
Kapi,2019,Comedy,7,Movie,110,1262
Lockwood,2018,Thriller,7.1,Movie,69,789
When My Love Blooms,2020,Romance,7.6,Movie,60,199
Untitled Ersan Kuneri Project,2018,Comedy,7.1,Movie,69,789
Mytho,2019,Drama,6.8,Movie,69,844
Amar y Vivir,2020,Romance,7,Movie,69,123
Heartbeats,2017,Comedy,5.4,Movie,107,761
Once Again,2020,Romance,8.5,Movie,35,178
Magic for Humans,2018,Reality-TV,7.2,Movie,23,3104
Burning Sands,2017,Drama,6.1,Movie,96,2682
El-Kanz: El-Haqiqah wa el-Khayal 1,2017,Action,7,Movie,157,1707
Mostly Sunny,2016,Documentary,5.4,Movie,83,694
Dope,2017,Documentary,7.3,Movie,45,1544
Magi: Shindobaddo no bôken,2016,Animation,7.6,Movie,24,1953
Persona,2019,Drama,6.6,Movie,20,975
Zumbo's Just Desserts,2016,Reality-TV,6.9,Movie,52,1935
Masameer: The Movie,2020,Animation,6,Movie,110,2068
Bad Boy Billionaires: India,2020,Documentary,8,Movie,59,2687
Organize Isler: Sazan Sarmali,2019,Comedy,6,Movie,121,13269
Daddy Issues,2018,Romance,4.2,Movie,81,695
Hakgyo 2017,2017,Drama,7.6,Movie,69,901
Tony Robbins: I Am Not Your Guru,2016,Documentary,6.7,Movie,115,4143
Courage & Stupidity,2005,Fantasy,7.5,Movie,25,3187
Sarangui Ondo,2017,Romance,7.2,Movie,69,465
One of Our Dinosaurs Is Missing,1975,Family,6,Movie,94,1701
Lost & Found Music Studios,2015,Family,6.8,Movie,30,569
Babies,2020,Documentary,7,Movie,69,661
Bing-ui,2019,Comedy,6.9,Movie,69,578
Bongwater,1998,Romance,5.4,Movie,97,3843
Switched,2018,Sci-Fi,7.1,Movie,35,1210
Selection Day,2018,Sports,7.4,Movie,23,2010
The Mr. Peabody & Sherman Show,2015,Animation,5.8,Movie,23,384
Rattlesnakes,2019,Thriller,5.5,Movie,85,393
The Big Flower Fight,2020,Reality-TV,7.4,Movie,69,964
Cooked with Cannabis,2020,Reality-TV,6.6,Movie,69,284
Beef,2018,Comedy,7.1,Movie,69,789
Amy Schumer: The Leather Special,2017,Comedy,2.9,TV Special,57,9496
Our Godfather,2019,Documentary,6.8,Movie,92,1442
I [Heart] Arlo,2021,Animation,7.1,Movie,11,789
Kaali Khuhi,2020,Horror,3.5,Movie,90,1072
Zeit der Geheimnisse,2019,Drama,6.5,Movie,69,986
Mighty Express,2020,Animation,5,Movie,69,87
Aala Kaf Ifrit,2017,Thriller,7,Movie,100,1912
Turbo FAST,2013,Animation,6.5,Movie,23,521
7 años,2016,Drama,6.8,Movie,77,4660
Running Wild,2017,Western,5.9,Movie,99,1327
Mohawk,2017,Historical,4.6,Movie,91,1446
Where on Earth Is Carmen Sandiego?,1994,Animation,7.3,Movie,21,1787
Yeh Kaali Kaali Ankhein,2018,Romance,7.1,Movie,69,789
Wang Qiu Shao Nian,2019,Sports,7.6,Movie,69,154
Historia de un Crimen: Colosio,2019,Thriller,7.6,Movie,45,732
Pandemic: How to Prevent an Outbreak,2020,Documentary,6.4,Movie,50,2627
Interior. Leather Bar.,2013,Drama,5.1,Movie,60,2472
Fightworld,2018,Documentary,7.6,Movie,40,735
Most Dangerous Game,2018,Comedy,7.1,Movie,69,789
Untitled Arnold Schwarzenegger/Skydance Project,2018,Action,7.1,Movie,69,789
Hundraettåringen som smet från notan och försvann,2016,Comedy,6.3,Movie,108,5595
Kaamyaab,2018,Drama,7.9,Movie,109,3875
Shirkers,2018,Documentary,7.4,Movie,97,4707
The Journey Is the Destination,2016,Drama,6.3,Movie,123,552
Limonata,2015,Comedy,7.4,Movie,110,13108
Littlest Pet Shop: A World of Our Own,2017,Animation,6.8,Movie,11,77
44 Gatti,2018,Animation,6.1,Movie,13,238
Millennials,2018,Drama,4.2,Movie,60,142
Angry Indian Goddesses,2015,Comedy,7,Movie,121,2774
Larva Island,2018,Animation,6.5,Movie,69,375
That Girl in Yellow Boots,2010,Crime,6.7,Movie,103,3667
46 Yok Olan,2016,Crime,8.4,Movie,60,4079
The Three-Body Problem,2018,Fantasy,7.1,Movie,69,789
The Puffy Chair,2005,Romance,6.5,Movie,85,4978
Word Party,2016,Animation,5.9,Movie,11,320
Byeonhyeokui Sarang,2017,Romance,7.1,Movie,69,536
Me Him Her,2015,Romance,5.3,Movie,98,1478
Il Sindaco pescatore,2016,Drama,7.1,Movie,104,208
Gojira: kessen kidô zôshoku toshi,2018,Animation,5.8,Movie,101,4578
Barbie Princess Adventure,2020,Animation,5.6,Movie,72,288
Dukhtar,2014,Thriller,7,Movie,93,2324
The Makeover,2013,Comedy,5.7,Movie,93,3042
Jonah: A VeggieTales Movie,2002,Animation,6.5,Movie,82,4038
Yucatán,2018,Comedy,5.6,Movie,129,1854
Be Here Now,2015,Documentary,8.6,Movie,100,3288
Terrace House: Boys & Girls in the City,2015,Drama,8.1,Movie,30,1494
The Legend of Cocaine Island,2018,Documentary,6.3,Movie,83,3058
Soni,2018,Crime,7.1,Movie,97,2594
Strong Island,2017,Documentary,6.4,Movie,107,3694
Chomyeone Saranghamnida,2019,Romance,7.4,Movie,35,788
My Dad the Bounty Hunter,2018,Animation,7.1,Movie,69,789
Todas las pecas del mundo,2019,Sports,5.2,Movie,91,1142
Erotica 2022,2020,Romance,3.4,Movie,137,223
Vinterviken,2021,Romance,7.1,Movie,69,789
Yeopgijeogin Geunyeo,2017,Romance,6.9,Movie,69,440
Alles is zoals het zou moeten zijn,2020,Comedy,5.7,Movie,108,665
Afflicted,2018,Documentary,5,Movie,69,1080
Ivy & Bean,2018,Family,7.1,Movie,69,789
Shingeki no Bahamut: Genesis,2014,Animation,7.4,Movie,24,1346
Hai Sukoa Garu,2018,Animation,8,Movie,25,1662
Back With the Ex,2018,Reality-TV,6.2,Movie,50,567
Wilbur Wants to Kill Himself,2002,Romance,6.8,Movie,111,7724
Puerta 7,2020,Thriller,5.7,Movie,45,495
Juanita,2019,Drama,6,Movie,90,2208
El faro de las orcas,2016,Romance,6.8,Movie,110,3646
Coin Heist,2017,Romance,4.8,Movie,97,2543
Let's Dance,2019,Family,6,Movie,109,1251
Unnatural Selection,2019,Documentary,8,Movie,66,1706
Chhota Bheem,2008,Animation,4.3,Movie,15,672
The Trial,2010,Crime,5.6,Movie,101,1462
Kevin Hart: Don't F**k This Up,2019,Documentary,6.5,Movie,30,1866
Grandmaster,2012,Thriller,7,Movie,100,2034
The Watcher,2016,Horror,5.4,Movie,89,2863
The Devil and Father Amorth,2017,Documentary,4.6,Movie,68,2202
Requiem for the American Dream,2015,Documentary,8.1,Movie,73,9193
Mutants,2009,Horror,5.6,Movie,95,4007
Hwanghooui Poomkyeok,2018,Drama,6.6,Movie,69,443
Avicii: True Stories,2017,Documentary,7.6,Movie,97,6482
I Hear You,2019,Romance,7.3,Movie,69,454
They'll Love Me When I'm Dead,2018,Documentary,7.4,Movie,98,4726
To Serve and Protect,1993,Crime,7.3,Movie,69,285
A Jazzman's Blues,2022,Drama,7.1,Movie,69,789
Sei mai stata sulla luna?,2015,Comedy,6,Movie,90,1543
The Forest of Love: Deep Cut,2020,Horror,6.8,Movie,40,311
Zambezia,2012,Animation,5.8,Movie,83,6867
Bottom of the World,2017,Thriller,5.2,Movie,85,4836
Particle Fever,2013,Documentary,7.4,Movie,99,7271
In Their Skin,2012,Horror,5.3,Movie,97,5287
A Plastic Ocean,2016,Documentary,8,Movie,102,2770
Bake Squad,2021,Reality-TV,7.1,Movie,69,789
Everything Will be Fine,2021,Comedy,7.1,Movie,69,789
The Oscars,2016,Musical,6.4,TV Special,175,2063
Tom Segura: Ball Hog,2020,Comedy,7.3,TV Special,70,2378
Milada,2017,Biography,6.3,Movie,124,1196
Modo Avião,2020,Romance,5,Movie,96,2306
Interior Design Masters,2019,Game-Show,6.5,Movie,44,1158
Quantum Quest: A Cassini Space Odyssey,2010,Animation,5.2,Movie,45,350
Sarah & Duck,2013,Animation,8.4,Movie,7,630
Long Nights Short Mornings,2016,Romance,5.4,Movie,100,920
Tiny Creatures,2020,Documentary,4.9,Movie,69,1063
Òlòturé,2019,Crime,5.5,Movie,106,705
Poliziotto sprint,1977,Crime,6.4,Movie,101,378
Fastest Car,2018,Documentary,7.2,Movie,45,1192
Murder to Mercy: The Cyntoia Brown Story,2020,Documentary,6.4,Movie,96,2395
Oh Baby...,2019,Comedy,7.4,Movie,161,2109
All Hail King Julien: Exiled,2017,Animation,7.5,Movie,23,474
The Keeper,2009,Thriller,5.1,Movie,94,4397
The Secrets of Emily Blair,2016,Horror,4.1,Movie,95,1332
Two Lovers and a Bear,2016,Romance,6.1,Movie,96,1823
Upstate,2018,Comedy,7.1,Movie,69,789
The Iliza Shlesinger Sketch Show,2020,Comedy,5,Movie,115,853
Money,2016,Thriller,5.5,Movie,86,2806
"Leal, solo hay una forma de vivir",2018,Crime,6,Movie,107,665
Dancing Queen,2018,Musical,7,Movie,45,1448
Tactical Force,2011,Action,4.8,Movie,91,5739
Como caído del cielo,2019,Musical,6.4,Movie,112,1274
Breathe,2018,Drama,7.1,Movie,69,789
The Monkey King,2023,Animation,7.1,Movie,69,789
Monkey Twins,2018,Action,7.9,Movie,69,81
Shu dan long wei,1995,Comedy,6.1,Movie,101,4082
Dragons: Rescue Riders: Secrets of the Songwing,2020,Animation,5.5,Movie,46,141
Intersections,2013,Thriller,5.9,Movie,101,3017
Stalked by My Doctor: The Return,2016,Thriller,5.7,Movie,97,766
In Our Mothers' Gardens,2021,Documentary,8.9,Movie,69,77
Axone,2019,Comedy,7,Movie,104,2026
Fuego negro,2020,Horror,2.7,Movie,81,502
Street Food: Asia,2019,Documentary,8,Movie,30,2447
Splatter,2009,Horror,3.2,Movie,29,518
Untitled Justin Hartley/Netflix Project,2018,Romance,7.1,Movie,69,789
DMT: The Spirit Molecule,2010,Documentary,7.2,Movie,75,4587
The Selection,2018,Romance,7.1,Movie,69,789
Amazing Hotels: Life Beyond the Lobby,2017,Documentary,7.8,Movie,60,329
Spy Kids: Mission Critical,2018,Animation,4.9,Movie,69,292
Bojwagwan,2019,Drama,7.9,Movie,60,337
Animales sin collar,2018,Thriller,5,Movie,96,455
The Trader,2018,Documentary,6.8,Movie,23,2312
First Ladies,2018,Comedy,7.1,Movie,69,789
The Chosen,2015,Horror,3.6,Movie,88,2076
Les Italiens,2018,Thriller,7.1,Movie,69,789
Pek Yakinda,2014,Romance,7.4,Movie,134,32708
Magic: The Gathering,2018,Animation,7.1,Movie,69,789
Sufat Chol,2016,Drama,6.8,Movie,87,3310
The Big Family Cooking Showdown,2017,Reality-TV,7,Movie,59,593
Restaurants on the Edge,2019,Reality-TV,6.8,Movie,69,885
Octonauts: The Ring of Fire,2021,Animation,7.1,Movie,72,89
Merry Kissmas,2015,Romance,5.4,Movie,89,3054
No One Gets Out Alive,2021,Horror,7.1,Movie,69,789
Miseuti,2018,Romance,8.2,Movie,60,421
The Black Room,2017,Horror,3.3,Movie,94,2734
Paranoid,2000,Horror,4,Movie,93,2253
Chiisana eiyû: Kani to tamago to tômei ningen,2018,Animation,6.6,Movie,53,2308
Let's Be Evil,2016,Horror,4.2,Movie,82,7067
WISH YOU: Your Melody from My Heart,2020,Romance,6.5,Movie,10,459
Smile PreCure!,2012,Animation,6.6,Movie,24,334
John Mulaney: Kid Gorgeous at Radio City,2018,Comedy,8,TV Special,65,6989
Yeok-jeok: baek-seong-eul hom-chin do-jeok,2017,Drama,8.3,Movie,69,295
Tales by Light,2015,Documentary,8.3,Movie,23,1829
One Night Stand,2016,Romance,3.1,Movie,97,1197
Mixtape,2018,Romance,7.1,Movie,69,789
Classmates Minus,2020,Comedy,7.2,Movie,122,1169
Twelve Forever,2019,Animation,6.7,Movie,69,510
Ashley Garcia: Genius in Love,2020,Comedy,6.9,TV Special,69,245
"Coronavirus, Explained",2020,Documentary,7.6,Movie,69,1927
Bhaag Beanie Bhaag,2020,Comedy,3.8,Movie,29,3806
Triad Princess,2019,Adventure,6.9,Movie,69,524
We Baby Bears,2022,Animation,7.1,Movie,69,789
Navy Seals vs. Zombies,2015,Horror,3.3,Movie,97,2057
The Curious Creations of Christine McConnell,2018,Horror,7.8,Movie,26,2220
Followers,2020,Romance,6.2,Movie,40,440
Boi,2019,Thriller,5,Movie,110,604
Toro,2016,Action,5.9,Movie,105,3076
The Legend of White Snake,2019,Fantasy,7.7,Movie,45,172
Hwanggeumbit Nae Insaeng,2017,Romance,6.3,Movie,65,236
"Fat, Sick & Nearly Dead",2010,Documentary,7.5,Movie,97,8590
Super Monsters,2017,Animation,6.5,Movie,23,356
Liberi di scegliere,2019,Crime,6.5,Movie,126,229
An Afternoon with SCTV,2018,Talk-Show,7.1,TV Special,69,789
The Weekend Away,2018,Thriller,7.1,Movie,69,789
Beuramseureul Joahaseyo,2020,Musical,7.7,Movie,65,500
Transformers: Rescue Bots Academy,2019,Animation,6.6,Movie,11,76
13 Reasons Why: Season 2 Date Announcement Commercial,2018,Drama,7.2,Movie,1,197
Atone,2019,Action,3.1,Movie,89,416
Open Heart,2015,Romance,7.1,Movie,22,653
Garoojigi,2008,Fantasy,5.4,Movie,120,662
The Edge of Democracy,2019,Documentary,7.2,Movie,121,13811
Juman,2019,Romance,5.4,Movie,40,79
You vs. Wild,2019,Adventure,6.7,Movie,20,2333
Wat Is Dan Liefde,2019,Comedy,6.9,Movie,103,1001
Untitled Lindsay Lohan/Netflix Project,2022,Romance,7.1,Movie,69,789
2:22,2008,Thriller,5.2,Movie,104,1361
Spirit Riding Free: Riding Academy,2020,Animation,7.1,Movie,69,66
Undefeated,2011,Documentary,7.7,Movie,113,6897
The King 2 Hearts,2012,Romance,7.8,Movie,65,1197
Struggle: The Life and Lost Art of Szukalski,2018,Documentary,8,Movie,115,3650
Citation,2020,Thriller,6.2,Movie,151,881
Papa Hemingway in Cuba,2015,Biography,6.3,Movie,110,1450
Yowamushi pedaru,2013,Animation,7.8,Movie,23,675
Wira,2019,Action,6.3,Movie,109,394
Ethan Frome,1993,Romance,6.2,Movie,99,2056
Naruto SD: Rock Lee no Seishun Full-Power Ninden,2012,Animation,7.4,Movie,24,787
Wet Hot American Summer: First Day of Camp - Featurette,2015,Documentary,7.8,Movie,69,62
Rajma Chawal,2018,Family,5.8,Movie,117,1725
Kabaneri of the Iron Fortress: Unato Decisive Battle,2019,Animation,6.8,Movie,82,924
Nackt unter Wölfen,2015,War,7.2,Movie,105,3845
Fate/Extra Last Encore,2018,Animation,5.4,Movie,24,664
Doctor X ~ Gekai Daimon Michiko ~,2012,Mystery,6.9,Movie,54,547
Chelsea,2016,Comedy,6,Movie,30,1995
Ahí te Encargo,2020,Romance,5.8,Movie,111,1101
O Silêncio do Céu,2016,Thriller,6.5,Movie,102,1938
Xia Yi Zhan Shi Xing Fu,2020,Romance,7.7,Movie,45,103
Johan Falk: Spelets regler,2012,Thriller,6.6,Video,96,2409
Pool Party,2007,Comedy,5.1,Movie,92,943
Shûmatsu nani shitemasu ka? Isogashii desu ka? Sukutte moratte ii desu ka?,2017,Animation,7.3,Movie,24,581
Shepherds and Butchers,2016,Drama,6.8,Movie,106,2931
Sound & Fury,2019,Animation,6.4,Movie,41,1587
The Pill,2011,Romance,5.4,Movie,83,3905
Alma Matters - Inside the IIT Dream,2021,Documentary,8.5,Movie,150,2107
VIP,2019,Romance,7.8,Movie,35,253
Homecoming: A Film by Beyoncé,2019,Documentary,7.5,Movie,137,6574
New Kids Nitro,2011,Comedy,6,Movie,74,9021
Further Tales of the City,2001,Romance,7.7,Movie,180,1469
Chasing Coral,2017,Documentary,8.1,Movie,93,4784
Shaun the Sheep: Adventures from Mossy Bottom,2020,Animation,8.1,Movie,14,376
Cyberpunk: Edgerunners,2022,Animation,7.1,Movie,69,789
Hate Story,2012,Thriller,5.3,Movie,140,3524
LUV,2012,Crime,6,Movie,94,2136
Keith Richards: Under the Influence,2015,Documentary,7.1,Movie,81,3093
Game On! A Comedy Crossover Event,2020,Family,5.7,Movie,30,171
Tukabseu,2017,Romance,7.2,Movie,69,335
Backlash,1956,Action,6.6,Movie,84,1530
Emicida: AmarElo - It's All for Yesterday,2020,Documentary,8.5,Movie,89,1178
The Great Father,2017,Crime,7.3,Movie,151,7367
Puen Tee Raluek,2017,Horror,6,Movie,114,1053
Tidying Up with Marie Kondo,2019,Reality-TV,6.6,Movie,40,3209
Suzzanna: Bernapas dalam Kubur,2018,Horror,5.6,Movie,125,834
The Upper World,2018,Unknown,7.1,Movie,69,789
Mere Pyare Prime Minister,2018,Drama,6.8,Movie,104,593
Absurd Planet,2020,Documentary,3.9,Movie,69,1349
Cinderela Pop,2019,Musical,4.6,Movie,95,865
Gordon Hemingway & The Realm of Cthulhu,2018,Horror,7.1,Movie,69,789
Revisions,2019,Animation,6,Movie,36,531
Welkkeom tu Dongmakgol,2005,War,7.7,Movie,133,6835
Blue Eye Samurai,2018,Animation,7.1,Movie,69,789
Munafik 2,2018,Horror,6.1,Movie,104,1572
Angela's Christmas Wish,2020,Animation,7,Movie,47,1085
Ha phraeng,2009,Horror,6.7,Movie,125,2454
Sotus the Series,2016,Romance,8,Movie,69,1020
2 Weeks,2013,Crime,8.1,Movie,65,628
Tiger Orange,2014,Drama,6.5,Movie,75,1259
Drifting Dragons,2020,Animation,6,Movie,23,487
Layla Majnun,2021,Romance,6.4,Movie,119,218
SSSS.Gridman,2018,Animation,7.1,Movie,23,550
A Perfect Crime,2020,Documentary,7.3,Movie,40,1210
Best Leftovers Ever!,2020,Reality-TV,5.7,Movie,69,423
A Castle for Christmas,2021,Family,7.1,Movie,69,789
Masaba Masaba,2020,Comedy,6.7,Movie,50,1525
Hector,2015,Drama,6.9,Movie,87,1619
Intrusion,2021,Thriller,7.1,Movie,69,789
Goonjoo-Gamyunui Jooin,2017,Historical,7.4,Movie,69,484
Dark Net,2016,Documentary,7.1,Movie,30,1447
Choose,2011,Horror,4.7,Movie,83,4262
1920,2008,Horror,6.4,Movie,138,3183
Fabulous Lives of Bollywood Wives,2020,Reality-TV,4.7,Movie,35,7070
House Arrest,2019,Comedy,5.5,Movie,104,1516
Chinatown,2018,Thriller,7.1,Movie,69,789
Nanti kita cerita tentang hari ini,2020,Family,7.5,Movie,121,964
Nazi Concentration Camps,1945,Documentary,8.3,Movie,59,1358
My Little Pony: Equestria Girls - Legend of Everfree,2016,Animation,6.5,Movie,73,1178
Molang,2015,Animation,8.6,Movie,69,263
Ungli,2014,Thriller,5.7,Movie,114,3715
Man Without a Star,1955,Western,6.9,Movie,89,3184
Quincy,2018,Documentary,7.6,Movie,124,4067
Dovlatov,2018,Biography,6.4,Movie,126,1822
Untitled Netflix/Mark Boal Project,2018,Drama,7.1,Movie,69,789
Los Parecidos,2015,Horror,5.9,Movie,89,3965
Ladies First,2017,Documentary,7.2,Movie,39,433
First Match,2018,Sports,6.4,Movie,102,2106
Johan Falk: Slutet,2015,Thriller,7.8,Video,103,1872
Terrace House: Tokyo 2019-2020,2019,Drama,7.4,Movie,40,623
Splinter Cell,2018,Animation,7.1,Movie,69,789
Ben X Jim,2020,Romance,6.6,Movie,69,60
Touchy Feely,2013,Comedy,5.3,Movie,88,3615
Choi-go-eui Han-bang,2017,Fantasy,7.3,Movie,30,625
Koi no tsuki,2018,Romance,7,Movie,69,452
City of Ghosts,2021,Animation,8,Movie,20,184
Ma-i On-li Leo-beu-song,2017,Romance,6.9,Movie,30,560
Seriously Single,2020,Romance,4.4,Movie,107,1155
Searching for Sheela,2021,Documentary,4.3,Movie,58,785
Abeojiga Isanghae,2017,Romance,8.3,Movie,66,391
Lost Tapes,2008,Horror,6.2,Movie,30,844
Paradox,2018,Fantasy,4,Movie,73,661
Johan Falk: Blodsdiamanter,2015,Thriller,7.1,Video,99,1751
Meomchoogo Sipeun Soongan: Eobawoottaim,2018,Fantasy,7,Movie,70,460
Yeolyeodeolui Soongan,2019,Romance,7.6,Movie,65,303
21 Thunder,2017,Drama,6.2,Movie,60,979
Ánimas,2018,Horror,4.8,Movie,83,1210
Lastman,2016,Animation,8.6,Movie,69,812
Treasures from the Wreck of the Unbelievable,2017,Documentary,6,Movie,90,1442
Funny Boy,2020,Drama,5.8,Movie,109,785
Shirobako,2014,Animation,8.1,Movie,69,823
November 13: Attack on Paris,2018,Documentary,8.3,Movie,55,2590
Worn Stories,2021,Documentary,6.6,Movie,30,267
The Accountant of Auschwitz,2018,Documentary,7.3,Movie,80,2710
Maoyuu Maou Yuusha,2013,Animation,7,Movie,23,495
Damsel,2018,Fantasy,7.1,Movie,69,789
Cong qian you zuo ling jian shan,2019,Action,7.7,Movie,69,209
Cult of the Cobra,1955,Horror,5.8,Movie,82,1154
Armed Girl's Machiavellism,2017,Animation,6.6,Movie,69,205
HaMossad: Sipur Kisuy,2017,Documentary,7.5,Movie,60,1056
Días de Navidad,2019,Drama,6.8,Movie,69,1057
Lego Marvel Super Heroes: Maximum Overload,2013,Animation,6.4,Movie,22,1234
Penthouse,2021,Thriller,7.1,Movie,69,789
9 Kere Leyla,2020,Comedy,3.7,Movie,112,7092
Brahman Naman,2016,Comedy,5.6,Movie,95,1798
Invisible,2017,Drama,6,Movie,87,717
The Bleeding Edge,2018,Documentary,7.6,Movie,99,2374
Dogs in Space,2021,Animation,7.1,Movie,69,789
Aenggeurimam,2015,Comedy,7.6,Movie,70,440
1994,2019,Documentary,7.6,Movie,69,442
Parked,2010,Drama,6.7,Movie,94,2459
The Politician's Husband,2013,Drama,7.2,Movie,180,1655
Carmen Sandiego: To Steal or Not to Steal,2020,Animation,7,Movie,31,628
You Don't Know Me,2018,Drama,7.1,Movie,69,789
Izakaya Bottakuri,2018,Drama,8.2,Movie,23,85
Kus uçusu,2018,Comedy,7.1,Movie,69,789
Super Drags,2018,Animation,5.6,Movie,30,1401
Lavaperros,2020,Comedy,5.7,Movie,107,528
Incir Reçeli 2,2014,Romance,6,Movie,103,4056
Kuntilanak,2018,Horror,4.8,Movie,105,593
Sing On!,2020,Game-Show,6.3,Movie,69,329
Sinister Squad,2016,Fantasy,2.1,Movie,90,1025
Loose Change 9/11: An American Coup,2009,Documentary,7.1,Video,99,3517
Andið eðlilega,2018,Drama,6.9,Movie,95,2678
Gipsy Queen,2019,Sports,6.1,Movie,117,409
Haechi,2019,Historical,7.9,Movie,35,222
Inspector Gadget,2015,Animation,4.6,Movie,22,492
Öldür Beni Sevgilim,2019,Romance,4.4,Movie,104,1568
Polly Pocket,2018,Animation,6.8,Movie,22,84
Juhong geulshi,2004,Thriller,6.5,Movie,115,1052
Lens,2016,Thriller,6.7,Movie,109,1142
Bon Cop Bad Cop 2,2017,Comedy,6.7,Movie,126,3956
Booba: Food Puzzle,2020,Animation,8.7,Movie,69,21
Riding Faith,2020,Family,4.4,Movie,81,196
Rodeo & Juliet,2015,Romance,4.7,Movie,88,987
Liu xing hua yuan,2001,Romance,7.8,Movie,60,789
The Creative Brain,2019,Documentary,6.3,Movie,52,836
Generation Iron,2013,Documentary,7.1,Movie,106,7715
The Witness,2015,Documentary,7,Movie,89,4122
"Sleep, My Love",1948,Noir,6.8,Movie,97,1631
Mushikago no Cagaster,2020,Animation,6.2,Movie,29,527
Garbage,2018,Thriller,3.4,Movie,105,974
Salt Fat Acid Heat,2018,Documentary,7.7,Movie,69,2138
Bethany Hamilton: Unstoppable,2018,Documentary,7.4,Movie,100,619
Huan tu,2018,Mystery,6.2,Movie,95,1202
Tree with Deep Roots,2011,Historical,8.3,Movie,69,431
Salir del ropero,2019,Comedy,4.2,Movie,94,942
Gumrah,1993,Crime,6.2,Movie,149,724
"Three Wives, One Husband",2014,Documentary,6.5,Movie,60,452
Fairy gone,2019,Animation,5.8,Movie,23,302
Sintonia,2019,Crime,6.8,Movie,40,850
Diana,2021,Biography,7.1,Movie,69,789
Mucho Mucho Amor: The Legend of Walter Mercado,2020,Documentary,7.3,Movie,96,2941
Untold: Deal with the Devil,2021,Documentary,7.1,Movie,77,789
Ossan's Love,2018,Romance,6.9,Movie,69,443
Pete Davidson: Alive from New York,2020,Comedy,6.1,TV Special,49,3278
All About The Washingtons,2018,Musical,4.5,Movie,25,653
World of Winx,2016,Animation,6.8,Movie,30,642
The Talisman,2018,Fantasy,7.1,Movie,69,789
Jerry Seinfeld: 23 Hours to Kill,2020,Comedy,6.7,TV Special,60,4647
Bakugan: Battle Planet,2018,Animation,4.9,Movie,24,190
Jeoldae Geui,2019,Romance,6.9,Movie,35,225
Bettie Page Reveals All,2012,Documentary,7.1,Movie,101,1459
Holiday Rush,2019,Family,4.9,Movie,92,2294
Hospital,2020,Horror,3,Movie,89,245
The Pact II,2014,Horror,4.4,Movie,96,3416
Inside the Criminal Mind,2017,Documentary,5.5,Movie,52,895
Cardboard Gangsters,2017,Crime,6.4,Movie,92,2788
Christiane Amanpour Sex & Love Around the World,2018,Documentary,7.4,Movie,69,785
How to Ruin Christmas: The Wedding,2020,Comedy,6.2,Movie,69,326
In from the Cold,2018,Thriller,7.1,Movie,69,789
Pitta Kathalu,2021,Romance,5,Movie,150,647
Dragon Age: Dawn of the Seeker,2012,Animation,5.8,Movie,90,2857
Twirlywoos,2015,Animation,7.4,Movie,15,119
Als de dijken breken,2016,Drama,6.6,Movie,45,778
#AnneFrank - Parallel Stories,2019,Historical,6.5,Movie,92,1296
Renesse,2016,Comedy,5.9,Movie,77,5635
Cek Toko Sebelah: The Series,2018,Comedy,8.3,Movie,22,96
The Testimony,2015,Documentary,7.3,Movie,28,155
Miseu Hammurabi,2018,Comedy,7.6,Movie,80,471
Aleksandr's Price,2013,Drama,4.9,Movie,108,687
Yesterday wo Utatte,2020,Animation,6.9,Movie,23,582
Rocko's Modern Life: Static Cling,2019,Animation,7,Movie,45,3623
Reipu zonbi: Lust of the dead 3,2013,Horror,3.8,Movie,68,308
Toon,2016,Comedy,7.7,Movie,25,798
Trailer Park Boys: Don't Legalize It,2014,Comedy,7.3,Movie,95,4562
Gun,2010,Thriller,3.8,Movie,82,3684
Last Hope,2018,Animation,5.8,Movie,24,389
SanPa: Sins of the Savior,2020,Documentary,7.8,Movie,69,1297
A Través De Mi Ventana,2018,Romance,7.1,Movie,69,789
"Barbie: Big City, Big Dreams",2021,Animation,7.1,Movie,69,789
Gosick,2011,Animation,7.4,Movie,24,1127
Kakushigoto,2020,Animation,7.5,Movie,23,558
Cupcake & Dino: General Services,2018,Animation,7.8,Movie,23,511
Les goûts et les couleurs,2018,Comedy,5.3,Movie,95,1553
Take Your Pills,2018,Documentary,6.4,Movie,87,4713
The Business of Drugs,2020,Documentary,7.2,Movie,69,1465
Apan,2009,Thriller,6,Movie,81,1608
Fuimos canciones,2021,Comedy,7.1,Movie,69,789
Best. Worst. Weekend. Ever.,2018,Family,6.4,Movie,191,254
Eyyvah Eyvah,2010,Comedy,7,Movie,104,19708
The Crash Reel,2013,Documentary,8.2,Movie,108,4744
H,1998,Comedy,7.4,Movie,26,1553
Kolejne 365 dni,2018,Romance,7.1,Movie,69,789
Kong: King of the Apes,2016,Animation,5.8,Movie,69,296
Dave Chappelle: Equanimity,2017,Comedy,8.2,TV Special,64,10450
Piano no Mori,2018,Animation,7.1,Movie,25,731
Ang probinsyano,2015,Thriller,4.1,Movie,99,179
John Mulaney: The Comeback Kid,2015,Comedy,8,TV Special,62,7706
Wings of Fire,2018,Animation,7.1,Movie,40,789
The Unlikely Murderer,2018,Crime,7.1,Movie,69,789
Becoming,2020,Documentary,6.8,Movie,89,5950
Milly & Mamet: Ini Bukan Cinta & Rangga,2018,Comedy,7.4,Movie,101,684
The App,2019,Sci-Fi,2.6,Movie,78,1229
The Last Bus,2018,Family,7.1,Movie,69,789
Kevin Hart: Zero F**ks Given,2020,Comedy,6,TV Special,69,2911
Chek dou,2015,Crime,5.6,Movie,118,1127
Reipu zonbi: Lust of the dead 2,2013,Horror,3.6,Movie,67,341
Sr. Pig,2016,Drama,5.8,Movie,100,1152
Se busca papá,2020,Family,5.7,Movie,102,953
El otro hermano,2017,Thriller,6.5,Movie,112,1604
Los herederos de la tierra,2021,Drama,7.1,Movie,69,789
Made in Mexico,2018,Reality-TV,4.1,Movie,49,739
El día menos pensado,2020,Documentary,7.4,Movie,69,659
Say Goodnight to the Bad Guys,2008,Comedy,7.9,Movie,47,3408
Tricked: The Documentary,2013,Documentary,6,Movie,73,1490
Huo Shen De Yan Lei,2021,Drama,8.3,Movie,50,150
American Violence,2017,Thriller,4.5,Movie,107,1727
The Road to El Camino: A Breaking Bad Movie,2019,Documentary,7.2,Movie,13,1059
Tijuana,2019,Crime,7.1,Movie,45,297
House of Bodies,2013,Thriller,4.6,Movie,79,2535
My Christmas Inn,2018,Romance,5.6,Movie,100,1944
Border Security: America's Front Line,2016,Reality-TV,6.6,Movie,69,104
Deidra & Laney Rob a Train,2017,Comedy,6.1,Movie,92,1740
Demoted,2011,Comedy,5.3,Movie,94,1918
Lovefucked,2018,Romance,5.9,Movie,106,382
The Short Game,2013,Documentary,7.3,Movie,99,1439
Shadow of Truth,2016,Documentary,8,Movie,40,1401
The Principal,2015,Drama,7.5,Movie,50,1257
Gekijouban Yuugiou: Chouyuugou! Jikuu o koeta kizuna,2010,Animation,6.4,Movie,49,1563
Secreto bien guardado,2019,Drama,4.9,Movie,69,162
Indiscretion,2016,Romance,4.9,Movie,99,984
Mea Maxima Culpa: Silence in the House of God,2012,Documentary,8,Movie,106,3599
Gaslit,2019,Thriller,4.4,Movie,84,280
No somos animales,2013,Comedy,5,Movie,90,574
Iron Man and Captain America: Heroes United,2014,Animation,5.5,Video,71,1632
"Ada Twist, Scientist",2021,Animation,7.1,Movie,12,789
Love Sick: The Series,2014,Romance,7.4,Movie,69,228
Money Heist Korea,2018,Crime,7.1,Movie,69,789
Scams,2019,Crime,6.3,Movie,69,289
Aelay,2021,Comedy,7.1,Movie,153,561
Trixie Mattel: Moving Parts,2019,Documentary,7.3,Movie,91,1677
Girls Incarcerated: Young and Locked Up,2018,Documentary,7.3,Movie,45,979
Rilakkuma to Kaorusan,2019,Animation,8.3,Movie,12,1443
Terrace House: Aloha State,2016,Drama,7.5,Movie,40,902
Danur: I Can See Ghosts,2017,Horror,5.4,Movie,74,740
8:46,2020,Comedy,8.1,TV Special,27,2042
Maska,2020,Romance,5.8,Movie,111,1340
Spriggan,2022,Animation,7.1,Movie,69,789
Zoolander: Super Model,2016,Animation,4.9,Movie,84,139
What Happened to Mr Cha?,2021,Comedy,4.3,Movie,102,278
Jay and Silent Bob's Super Groovy Cartoon Movie,2013,Animation,5,Movie,64,1840
Stash House,2012,Thriller,4.8,Movie,99,2655
How to Be a Man,2013,Comedy,6.9,Movie,85,3183
Uskyld,2012,Drama,5.9,Movie,105,720
Jopog manura 3,2006,Comedy,6.4,Movie,115,1550
S'parta,2018,Drama,6.6,Movie,50,250
Mon frère,2019,Drama,6.7,Movie,96,936
India's Daughter,2015,Documentary,8.2,Movie,63,2036
Ponysitters Club,2017,Family,7.1,Movie,69,104
Frank and Cindy,2015,Comedy,6.1,Movie,102,811
Out of Reach,2004,Crime,4,Video,86,4737
Görümce,2016,Romance,5,Movie,109,2915
The Final Girl,2010,Drama,3.5,Movie,80,241
Pinky Malinky,2018,Animation,5.7,Movie,12,378
1-Oct,2014,Thriller,6.6,Movie,148,368
Weg van jou,2017,Romance,6.4,Movie,98,1014
Heukgisa,2017,Romance,6,Movie,69,348
Pray for Rain,2017,Thriller,5.3,Movie,92,968
Rustin,2018,Biography,7.1,Movie,69,789
Daniel Sloss: Live Shows,2018,Comedy,8.6,Movie,118,2921
The Man in the Iron Mask,1998,Adventure,4.9,Movie,85,226
The Outlaws,2018,Comedy,7.1,Movie,69,789
The Age of Spin: Dave Chappelle Live at the Hollywood Palladium,2017,Comedy,8.1,TV Special,67,11131
Intimidad,2021,Drama,7.1,Movie,69,789
Mono,2016,Comedy,6.2,Movie,88,1365
Untitled Nora Roberts Project,2018,Thriller,7.1,Movie,69,789
Engineering Girls,2018,Comedy,7,Movie,20,1268
Kod Adi: Kulüp,2021,Unknown,7.1,Movie,69,789
The Great Interior Design Challenge,2014,Documentary,7.3,Movie,69,461
Solteras,2019,Comedy,5.9,Movie,95,2178
Living in Bondage: Breaking Free,2019,Fantasy,5.8,Movie,150,76
Crime of Passion,1956,Noir,6.5,Movie,86,2047
Night Owls,2015,Comedy,6.2,Movie,90,2248
Meerkat Manor,2005,Documentary,8.3,Movie,26,1168
Hashoter Hatov,2015,Comedy,7.7,Movie,30,302
Russell Madness,2015,Family,4.2,Movie,92,598
Mannen van Mars,2018,Comedy,6,Movie,91,409
The Russian Revolution,2017,Documentary,6.5,Movie,47,548
"El Pepe, Una Vida Suprema",2018,Documentary,7.1,Movie,74,1690
White Stork,2018,Drama,7.1,Movie,69,789
Al midan,2013,Documentary,8.1,Movie,108,8795
Bill Burr: I'm Sorry You Feel That Way,2014,Comedy,8.3,TV Special,80,7364
Stretch Armstrong & the Flex Fighters,2017,Animation,6.5,Movie,22,276
The Writer,2019,Crime,6.6,Movie,69,249
Ejen Ali,2016,Animation,8.3,Movie,69,208
Knock Down the House,2019,Documentary,7.1,Movie,87,11754
Stories from Our Future,2019,Sci-Fi,7.1,Movie,69,98
Music Teacher,2019,Romance,6.3,Movie,101,616
Einsatzgruppen: The Nazi Death Squads,2009,Documentary,7.6,Movie,45,544
Headspace Guide to Sleep,2021,Documentary,6.8,Movie,69,279
Staged Killer,2019,Thriller,3.5,Movie,88,264
Hulk: Where Monsters Dwell,2016,Animation,5.4,Video,75,1030
Plastic Cup Boyz: Laughing My Mask Off!,2021,Comedy,4.7,TV Special,69,10
Yashiknamnyeo,2020,Romance,7,Movie,65,67
Kkondae Intern,2020,Comedy,7.4,Movie,32,102
Aziz Ansari: Right Now,2019,Comedy,7.5,TV Special,65,4634
Thackeray,2019,Biography,5.2,Movie,120,3068
Ti mene nosis,2015,Action,7.1,Movie,155,1579
"Thi Mai, rumbo a Vietnam",2017,Family,6,Movie,99,2373
"Oh, Hello on Broadway",2017,Comedy,7.7,Movie,102,2892
Captive,2016,Documentary,6.9,Movie,60,649
Lady Killer,2018,Thriller,7.1,Movie,69,789
Das letzte Wort,2020,Comedy,7.1,Movie,40,816
Nate Bargatze: The Greatest Average American,2021,Comedy,7.3,TV Special,60,944
Sang krasue,2019,Horror,6.5,Movie,122,1464
White Rabbit Project,2016,Reality-TV,6.9,Movie,48,1594
Supermensch: The Legend of Shep Gordon,2013,Documentary,7.4,Movie,85,3218
Adam Sandler: 100% Fresh,2018,Musical,7.6,TV Special,73,4846
Too Funny to Fail: The Life & Death of The Dana Carvey Show,2017,Documentary,7.7,Movie,92,1369
El desconocido: la historia de El Cholo Adrián,2017,Crime,7.1,Movie,60,129
LEGO Friends: Girls on a Mission,2018,Animation,7.6,Movie,11,80
Flash Boys,2018,Drama,7.1,Movie,69,789
Slam: Tutto per una ragazza,2016,Romance,6,Movie,100,1252
Get Organized with the Home Edit,2020,Reality-TV,5.4,Movie,30,936
Death by Magic,2018,Reality-TV,6.1,Movie,35,587
Together with Me,2017,Family,8,Movie,50,380
Seperti Hujan yang Jatuh ke Bumi,2020,Fantasy,5,Movie,86,156
Nanking,2007,Biography,7.6,Movie,90,3416
Juuni Taisen,2017,Animation,6.6,Movie,24,703
Yeh Ballet,2020,Drama,7.6,Movie,117,1151
Get the Grift,2021,Comedy,5.4,Movie,94,586
Pui Pui Molcar,2021,Animation,8.2,Movie,69,171
Zeitgeist: Moving Forward,2011,Documentary,8.1,Movie,161,17918
Last Madame,2019,Drama,7.3,Movie,69,12
Oh My Ghost,2018,Comedy,7.4,Movie,65,100
Mater,2017,Drama,4.7,Movie,80,238
Bill Nye Saves the World,2017,Comedy,3.6,Movie,30,6722
Ben Platt Live from Radio City Music Hall,2020,Musical,8.4,TV Special,85,426
Japan with Sue Perkins,2019,Documentary,7.1,Movie,58,97
Kevin Hart: Irresponsible,2019,Comedy,6.5,TV Special,60,4011
Lionheart,2018,Comedy,5.7,Movie,95,1381
S Is for Stanley,2015,Documentary,6.9,Movie,78,1393
Saving Capitalism,2017,Documentary,6.8,Movie,73,2922
Nokdukkot,2019,Drama,8.3,Movie,69,99
Dancing with the Birds,2019,Documentary,8.3,Video,52,1957
The Axe Murders of Villisca,2016,Horror,4.2,Movie,78,1838
Untitled Jason Bateman/John Cena/Netflix Project,2018,Fantasy,7.1,Movie,69,789
The Degenerates,2018,Comedy,6.2,Movie,30,611
Chu lian na jian xiao shi,2019,Romance,8,Movie,69,266
Taylor Tomlinson: Quarter-Life Crisis,2020,Comedy,7.4,TV Special,61,2608
Royalteen,2022,Romance,7.1,Movie,69,789
Steve Martin and Martin Short: An Evening You Will Forget for the Rest of Your Life,2018,Comedy,7.1,TV Special,74,2322
Upin & Ipin,2007,Animation,5.8,Movie,7,313
Immigration Nation,2020,Documentary,7.4,Movie,69,1001
Verónica,2017,Thriller,5.9,Movie,81,1342
Le guetteur,2012,Thriller,5.7,Movie,89,2673
Apache: La vida de Carlos Tevez,2019,Biography,6.6,Movie,69,1426
Emily's Wonder Lab,2020,Family,8.7,Movie,69,147
Praia do Futuro,2014,Romance,6.4,Movie,106,2939
UnHung Hero,2013,Documentary,5.6,Movie,84,2638
The Chronicles of Narnia: The Magician's Nephew,2018,Action,7.1,Movie,69,789
Joan Didion: The Center Will Not Hold,2017,Documentary,7.4,Movie,94,2005
Monty Python: Almost the Truth - The Lawyer's Cut,2009,Documentary,8.1,Movie,54,1631
Groeten van Gerri,2020,Comedy,6.3,Movie,100,817
Hipersomnia,2016,Horror,4.9,Movie,90,1241
Joanna Lumley's Japan,2016,Documentary,8.3,Movie,46,357
El-Khaliyyah,2017,Thriller,6.4,Movie,126,1672
Can Dostlar,2019,Family,5.7,Movie,103,311
Dragnet,1954,Noir,6.7,Movie,88,904
Sila Samayangalil,2016,Drama,7.2,Movie,110,779
Radio Romaenseu,2018,Romance,6.6,Movie,70,754
Monty Python Live (Mostly),2014,Documentary,7.7,Movie,162,2479
I Do,2012,Romance,6.5,Movie,91,1124
Bad Investigate,2018,Comedy,6.6,Movie,120,651
Chef's Table: BBQ,2020,Documentary,7.8,Movie,69,811
La partita,2019,Drama,4.9,Movie,94,584
3 Geezers!,2013,Comedy,3.3,Movie,81,726
Who Killed Malcolm X?,2019,Documentary,7.6,Movie,43,1842
Sonora,2018,Western,6.3,Movie,94,532
Tom Segura: Disgraceful,2018,Documentary,7.6,TV Special,71,3340
Backstabbed,2016,Thriller,4.8,Movie,120,502
Here to Heart,2018,Romance,7.4,Movie,69,173
Nur,2018,Drama,7.3,Movie,69,16
Ali Wong: Baby Cobra,2016,Comedy,7.6,TV Special,60,6141
Million Pound Menu,2018,Reality-TV,6.7,Movie,60,506
Komt een vrouw bij de dokter,2009,Romance,6.8,Movie,113,5275
Carmen Sandiego,2018,Family,7.1,Movie,69,789
Morris from America,2016,Romance,6.2,Movie,91,5201
45 Revoluciones,2019,Musical,7.3,Movie,50,426
Headspace: Unwind Your Mind,2021,Documentary,7.6,Movie,15,46
Netflix Anime,2020,Animation,7.1,Movie,69,789
Castle & Castle,2018,Drama,8.6,Movie,69,76
Yanxi Palace: Princess Adventures,2019,Drama,5.8,Movie,69,232
Cleo & Cuquin,2018,Animation,8,Movie,7,84
23:59,2011,Horror,4.6,Movie,78,903
Moving Art,2014,Documentary,8.7,Movie,25,367
A.I.C.O. Incarnation,2018,Animation,6.4,Movie,25,1059
Hot Gimmick: Girl Meets Boy,2019,Drama,4.5,Movie,119,365
Animals on the Loose: A You vs. Wild Movie,2021,Adventure,5.8,Movie,90,762
Only for One Night,2016,Thriller,4.5,Movie,86,689
The Speed Cubers,2020,Documentary,7.4,Movie,39,2904
Maendorong Ttottos,2015,Romance,6.7,Movie,69,317
CM101MMXI Fundamentals,2013,Documentary,9.2,Movie,139,44464
The Rope Curse 2,2020,Horror,4.8,Movie,104,270
The Intent,2016,Crime,4.4,Movie,104,879
Ludo,2015,Horror,2.8,Movie,90,769
Kid-E-Cats,2016,Animation,7,Movie,5,70
Masameer,2011,Animation,8.3,Movie,69,604
Woman They Almost Lynched,1953,Western,6.6,Movie,90,311
Rainbow Ruby,2016,Animation,6.6,Movie,11,65
Swing State,2017,Musical,4,Movie,95,339
Ever After High: Way Too Wonderland,2015,Animation,7.9,Movie,90,249
Cooked,2016,Documentary,8.1,Movie,60,2797
Inside the Real Narcos,2018,Documentary,7.5,Movie,45,659
Cracked Up,2018,Documentary,7.3,Movie,95,676
A Killer Uncaged,2020,Documentary,5.2,Movie,104,681
La tribu,2018,Family,5.8,Movie,90,2445
Si Doel the Movie 2,2019,Romance,7,Movie,95,173
Maggie & Bianca: Fashion Friends,2016,Family,6.3,Movie,24,151
Family Leave,2018,Comedy,7.1,Movie,69,789
Generation Iron 2,2017,Documentary,6.1,Movie,106,2408
Untold: Crimes and Penalties,2021,Documentary,7.1,Movie,85,789
Orgasm Inc.,2009,Documentary,5.9,Movie,73,535
Yes or No: Yaak Rak Gaw Rak Loey,2010,Romance,6.8,Movie,102,1844
Fire in Paradise,2019,Documentary,7.4,Movie,39,741
Atelier,2015,Comedy,7.2,Movie,50,877
Xiaolin Chronicles,2013,Animation,6.7,Movie,22,963
Futmalls,2020,Sci-Fi,6.8,Movie,42,139
Robin Robin,2021,Animation,7.1,TV Special,30,789
A cambio de nada,2015,Drama,6.6,Movie,93,2347
Magmel of the Sea Blue,2019,Animation,6.1,Movie,24,511
Pi li shi jie,1985,Comedy,6.5,Movie,90,1855
Di-eo Ma-i Peu-ren-jeu,2016,Comedy,8.3,Movie,70,262
Paris est à nous,2019,Drama,4.6,Movie,83,1332
The Stig-Helmer Story,2011,Comedy,4.5,Movie,100,1717
Hasta los dientes,2018,Documentary,8,Movie,105,551
Paraíso Perdido,2018,Musical,7.1,Movie,110,587
Ribâzu ejji,2018,Crime,6.1,Movie,118,834
Nevenka,2021,Documentary,7,Movie,114,557
Dreamland,2016,Comedy,5.7,Movie,84,549
The Formula,2018,Sports,7.1,Movie,69,789
Hâ luô shàonû: Girl's Revenge,2020,Drama,5.6,Movie,81,153
Distancia de rescate,2021,Thriller,7.1,Movie,69,789
Promakhos,2014,Drama,4.8,Movie,91,294
The Death and Life of Marsha P. Johnson,2017,Documentary,7.3,Movie,105,2608
The White Helmets,2016,Documentary,7.5,Movie,41,7344
Secrets of Great British Castles,2015,Documentary,7.8,Movie,45,920
Hypnotic,2021,Horror,7.1,Movie,69,789
The 3rd Eye 2,2019,Horror,5.5,Movie,116,499
Bumi Manusia,2019,Historical,6.6,Movie,181,619
Chloe & Theo,2015,Comedy,5.8,Movie,81,1542
The Black Godfather,2019,Documentary,7.4,Movie,118,1198
Motown Magic,2018,Animation,7.7,Movie,15,268
Bulyaseong,2016,Drama,7,Movie,69,260
Hamlet,2018,Comedy,7.1,Movie,69,789
Unfreedom,2014,Romance,5,Movie,102,1911
Zeitgeist: Addendum,2008,Documentary,8.2,Video,123,18071
Pickpockets: Maestros del robo,2018,Crime,5.4,Movie,108,1109
Say I Do,2020,Reality-TV,7.8,Movie,69,455
Nerdland,2016,Animation,5.3,Movie,85,1012
Recovery Boys,2018,Documentary,6.6,Movie,89,654
Layla M.,2016,Drama,6.7,Movie,98,1578
Baahubali: Before the Beginning,2018,Action,7.1,Movie,69,789
Heavy Rescue: 401,2016,Documentary,7,Movie,46,279
Chosen,2017,Action,5.5,Movie,69,115
Bruno & Boots: Go Jump in the Pool,2016,Family,5.8,Movie,91,299
Toaru Kagaku no Akuserareta,2019,Animation,7.1,Movie,24,319
The Ivory Game,2016,Documentary,7.9,Movie,112,3057
Taco Chronicles,2019,Documentary,7.9,Movie,69,726
Doobunzzae Seumoosal,2015,Drama,7.7,Movie,62,294
The Philly Kid,2012,Sports,5.7,Movie,90,2138
Dave Chappelle: The Bird Revelation,2017,Comedy,7.9,TV Special,49,8662
Nu jing cha,1973,Crime,3.6,Movie,80,1446
Catching Feelings,2017,Romance,5.7,Movie,124,521
Angry Birds: Summer Madness,2018,Animation,7.1,Movie,69,789
Hero Mask,2018,Animation,6.2,Movie,25,602
Bill Burr: You People Are All the Same.,2012,Comedy,8.3,TV Special,69,6812
Tayo the Little Bus,2010,Animation,5.5,Movie,11,140
Jim Jefferies: Intolerant,2020,Comedy,7.2,TV Special,66,2394
Curtiz,2018,Biography,6,Movie,98,865
Peter and the Farm,2016,Documentary,7.1,Movie,91,713
Larceny,2017,Thriller,3.5,Movie,87,965
Period. End of Sentence.,2018,Documentary,7.4,Movie,26,5626
Mercury 13,2018,Documentary,6.9,Movie,78,1056
The Driver,2014,Crime,7,Movie,180,1814
Anjaan: Special Crimes Unit,2018,Horror,7.3,Movie,69,291
Dirty Lines,2022,Historical,7.1,Movie,69,789
The Night Agent,2018,Thriller,7.1,Movie,69,789
TIME: The Kalief Browder Story,2017,Documentary,8.5,Movie,69,2442
Julie's Greenroom,2017,Musical,8.4,Movie,27,310
Animal Farm,2018,Fantasy,7.1,Movie,69,789
Million Dollar Beach House,2020,Reality-TV,4.1,Movie,69,674
Chico Bon Bon: Monkey with a Tool Belt,2020,Animation,6.3,Movie,69,110
Pa-su-kkun,2017,Action,7.8,Movie,69,287
The Helicopter Heist,2018,Drama,7.1,Movie,69,789
Accomplice,2021,Documentary,7.3,Movie,52,230
Samantha!,2018,Comedy,6.7,Movie,27,489
Queer Eye: We're in Japan!,2019,Reality-TV,8.2,Movie,50,2149
This Beast,2018,Horror,7.1,Movie,69,789
Hannah Gadsby: Douglas,2020,Comedy,7.9,TV Special,72,3274
Levius,2019,Animation,7,Movie,25,443
Glória,2021,Historical,7.1,Movie,69,789
Andes Mágicos,2019,Documentary,7.8,Movie,69,447
Abby Hatcher,2018,Animation,6.2,Movie,23,133
Gyeongseonghakyoo: Sarajin sonyeodeul,2015,Horror,5.8,Movie,99,3279
Kulipari: An Army of Frogs,2016,Animation,7,Movie,20,235
Oorlogsgeheimen,2014,Historical,7.1,Movie,95,1859
La pequeña Suiza,2019,Comedy,4.8,Movie,86,1143
Lumea e a mea,2015,Drama,6.2,Movie,104,861
Tarzan and Jane,2017,Animation,4.8,Movie,22,242
The Forest,2016,Horror,6.4,Movie,109,276
Mission Blue,2014,Documentary,8,Movie,95,1825
Il giorno in più,2011,Romance,6.2,Movie,112,1004
21 Sarfarosh Saragarhi 1897,2018,War,8.2,Movie,18,364
Tig Notaro: Happy To Be Here,2018,Comedy,6.7,TV Special,58,1228
Bucin,2020,Romance,4.1,Movie,97,575
Untitled Vince Vaughn/Netflix Project,2018,Comedy,7.1,Movie,69,789
Alice in Wonderland,2018,Fantasy,7.1,Movie,69,789
Sordo,2019,Action,5.6,Movie,121,620
Delete,2013,Sci-Fi,5.6,Movie,180,1262
Bert Kreischer: The Machine,2016,Comedy,7.7,TV Special,70,1327
Trump: An American Dream,2017,Documentary,7.2,Movie,69,3798
The Killer Is Loose,1956,Noir,6.6,Movie,73,1695
My Love: Six Stories of True Love,2021,Documentary,7.5,Movie,418,228
Nowhere Man,2019,Crime,5.6,Movie,69,312
Flavorful Origins,2019,Documentary,7.8,Movie,12,515
Stay Here,2018,Reality-TV,7.5,Movie,69,1006
Aranyak,2018,Thriller,7.1,Movie,69,789
In Family We Trust,2018,Thriller,8.1,Movie,69,408
Torrente 4,2011,Comedy,5.4,Movie,93,4879
"Sí mi amor, la película",2020,Comedy,4.1,Movie,107,140
Joe Rogan: Strange Times,2018,Comedy,7.4,TV Special,63,3926
Astronomy Club,2019,Comedy,7.1,Movie,20,527
Six Years,2018,Thriller,7.1,Movie,69,789
Finding Agnes,2020,Drama,4.6,Movie,105,122
LA Originals,2020,Documentary,7.2,Movie,92,1640
Percentage,2014,Crime,5.6,Movie,86,2200
Along Came Jones,1945,Western,6.5,Movie,90,1983
Stranger Things: Spotlight,2018,Talk-Show,9.4,Movie,69,98
Banlieusards,2019,Crime,6.4,Movie,96,1356
The Amityville Haunting,2011,Horror,2.6,Video,86,2241
Cateva conversatii despre o fata foarte inalta,2018,Drama,5.9,Movie,70,261
Sean Banan inuti Seanfrika,2012,Comedy,2.7,Movie,76,1426
Aurora,2018,Horror,4.3,Movie,110,554
Beyond Stranger Things,2017,Documentary,7.5,Movie,21,1813
The Big Day,2021,Reality-TV,4.6,Movie,40,291
Bed & Breakfast: Love is a Happy Accident,2010,Romance,5.1,Movie,89,999
Olanlar Oldu,2017,Comedy,6.2,Movie,108,3728
Kardec,2019,Biography,6.1,Movie,110,1352
Zelazny most,2019,Drama,6,Movie,85,145
Power Players,2019,Animation,5.9,Movie,11,60
Perfect World,2019,Romance,6.9,Movie,69,79
Jiok,2021,Horror,7.1,Movie,69,789
Maktub,2017,Comedy,7.3,Movie,100,2004
Spectros,2020,Thriller,4.7,Movie,69,356
Bameul geotneun seonbi,2015,Historical,7.3,Movie,69,792
Whispers,2020,Thriller,5.5,Movie,69,325
FirstBorn,2016,Horror,4.8,Movie,86,1860
Natale a 5 stelle,2018,Comedy,4.6,Movie,92,662
Miraculous: Ladybug & Cat Noir: Happy Birthday to You!,2017,Animation,7.3,TV Special,1,34
Monty Python's Fliegender Zirkus,1972,Comedy,8.2,Movie,87,1903
A Thousand Goodnights,2019,Drama,7.9,Movie,72,72
Alice Júnior,2019,Animation,7,Movie,87,448
Poeslief: een ode aan de kat,2021,Documentary,5.1,Movie,60,262
Exhibit A,2019,Documentary,6.3,Movie,144,874
Lego Friends: The Power of Friendship,2016,Animation,6,Movie,23,37
Super-Normal,2018,Action,7.1,Movie,69,789
Best of Stand-up 2020,2020,Comedy,5.5,TV Special,76,486
My Beautiful Broken Brain,2014,Documentary,7.1,Movie,86,2146
Joy,2018,Drama,6.6,Movie,99,1218
Ghosts of Sugar Land,2019,Documentary,5.5,Movie,21,1264
Jaguar,2018,Historical,7.1,Movie,69,789
Hasan Minhaj: Homecoming King,2017,Comedy,8.3,TV Special,73,6750
Dahmer vs. Gacy,2010,Horror,2.5,Movie,90,501
Petualangan Sherina,2000,Adventure,7.8,Movie,112,756
The Way Home,2010,Drama,6.1,Movie,89,677
The Out-Law,2018,Comedy,7.1,Movie,69,789
Bank el-Hazz,2017,Comedy,6.1,Movie,122,826
Ugly Duckling Series: Don't,2015,Romance,7.9,Movie,50,50
Yosemite,2015,Drama,4.8,Movie,80,830
Je-3-ui Mae-ryeok,2018,Romance,6.3,Movie,75,253
Sky Ladder: The Art of Cai Guo-Qiang,2016,Documentary,7.3,Movie,76,1323
Octonauts & the Great Barrier Reef,2020,Animation,7.4,Movie,47,96
Sarbath,2021,Comedy,5.7,Movie,112,217
Root Cause,2019,Documentary,4.8,Movie,73,1061
Fangio: El hombre que domaba las máquinas,2020,Documentary,6.8,Movie,92,1529
Call Me Lucky,2015,Documentary,7.6,Movie,106,2006
#TemanTapiMenikah2,2020,Biography,6.9,Movie,100,241
Target,2018,Thriller,4,Movie,93,443
Bill Burr: Walk Your Way Out,2017,Comedy,7.3,TV Special,77,6625
Chief Daddy,2018,Comedy,5,Movie,99,220
Creating the Queen's Gambit,2021,Documentary,6.9,Movie,14,440
Love Steaks,2013,Romance,6.1,Movie,89,1707
Rhyme Time Town,2020,Animation,7.5,Movie,69,63
Dig Two Graves,2014,Horror,5.7,Movie,85,3102
Bienvenidos a Edén,2021,Thriller,7.1,Movie,69,789
Schulz Saves America,2020,Comedy,7.5,Movie,68,971
En passant pécho,2021,Comedy,4.5,Movie,99,522
Las leyes de la termodinámica,2018,Comedy,6.1,Movie,100,2580
Kekkon dekinai otoko,2006,Comedy,7.6,Movie,45,713
The Last Heist,2016,Horror,3.6,Movie,84,2550
Bright: Samurai Soul,2018,Animation,7.1,Movie,69,789
I Called Him Morgan,2016,Documentary,7.3,Movie,92,1649
The Magic Order,2018,Action,7.1,Movie,69,789
Paranormal Survivor,2015,Documentary,6.3,Movie,41,575
Shawn Mendes: In Wonder,2020,Documentary,6.6,Movie,83,1814
Nailed It! Holiday!,2018,Reality-TV,7.7,Movie,31,941
Noura Rêve,2019,Drama,6.5,Movie,92,326
The Exorcism of Anna Ecklund,2016,Horror,2.5,Movie,79,1047
Free Rein: The Twelve Neighs of Christmas,2018,Adventure,6.5,Movie,56,2761
Lift Me Up,2015,Family,5.6,Movie,108,623
My Magic Pet Morphle,2019,Animation,4.9,Movie,43,57
Yummy Mummies,2017,Reality-TV,4.1,Movie,40,623
La dona il·legal,2020,Drama,6.1,Movie,119,147
Brené Brown: The Call to Courage,2019,Documentary,7.7,Movie,76,1296
Qalb Ummuh,2018,Comedy,6.1,Movie,102,716
Desenterrando Sad Hill,2017,Documentary,7.4,Movie,86,1454
Dashi Mannan Segye,2017,Romance,7.4,Movie,69,186
Khozhdenie po mukam,2017,Drama,7.7,Movie,69,797
Rea(l)ove,2018,Reality-TV,6.7,Movie,40,156
(Un)Well,2020,Documentary,6.4,Movie,69,901
Oompa-Loompas,2018,Unknown,7.1,Movie,69,789
"Good Bye, My Princess",2019,Romance,8,Movie,69,105
Leobeulli Horeobeulli,2018,Horror,6.5,Movie,35,241
The Governor,2016,Drama,7.3,Movie,69,91
3 Türken & ein Baby,2015,Comedy,5.5,Movie,95,1646
Braxton Family Values,2011,Biography,5.9,Movie,60,602
Incir Reçeli,2011,Romance,6.5,Movie,94,12508
Father Soldier Son,2020,Documentary,7.3,Movie,99,835
Alma,2021,Horror,7.1,Movie,69,789
First Team: Juventus,2018,Documentary,7.3,Movie,40,1948
The Day I Met El Chapo: The Kate Del Castillo Story,2017,Documentary,6.9,Movie,60,998
Daniel Spellbound,2022,Animation,7.1,Movie,22,789
Tom Segura: Completely Normal,2014,Documentary,7.8,TV Special,74,2350
Home Game,2020,Documentary,7.1,Movie,36,734
The Gospel of John,2014,Drama,7.7,Movie,160,779
Den osynlige,2002,Thriller,6.4,Movie,101,3078
Las Muñecas de la Mafia (II),2009,Action,6.9,Movie,69,18
Iliza: Elder Millennial,2018,Comedy,7.2,TV Special,72,3660
The Devil Punisher,2020,Fantasy,5.9,Movie,68,119
Jaadugar,2021,Romance,7.1,Movie,69,789
The Oscars,2018,Musical,5.7,TV Special,187,1475
La Tarotista,2021,Comedy,7.6,Movie,69,12
Signal,2018,Crime,6.6,Movie,69,175
Dügün Dernek 2: Sünnet,2015,Comedy,6.3,Movie,112,9757
Deep in the Heart of Texas: Dave Chappelle Live at Austin City Limits,2017,Comedy,8,TV Special,66,10322
Bobby Kennedy for President,2018,Documentary,8.2,Movie,245,1601
Upstarts,2019,Drama,6.7,Movie,112,758
A Scandall,2016,Thriller,3.1,Movie,112,146
Eric Andre: Legalize Everything,2020,Comedy,6.2,TV Special,51,2246
Madre,2016,Horror,5.6,Movie,95,1463
Sin hijos,2020,Romance,5.1,Movie,95,428
Pasta,2010,Romance,7.7,Movie,69,729
Sakho & Mangane,2019,Mystery,6.4,Movie,52,115
Canine Intervention,2021,Documentary,6.5,Movie,69,803
The Fluffy Movie: Unity Through Laughter,2014,Documentary,7.3,Movie,101,3726
Bad Boy,2020,Crime,3.8,Movie,135,893
Çok Filim Hareketler Bunlar,2010,Comedy,4.4,Movie,134,4598
Don-kkot,2017,Drama,6.8,Movie,69,245
Suzumiya Haruhi chan no yûutsu,2009,Animation,6.7,Movie,3,396
"Los Briceño, una familia todo terreno",2019,Drama,7.9,Movie,46,118
Dollar,2019,Romance,6.7,Movie,69,549
Les gars sûrs,2022,Comedy,7.1,Movie,69,789
John Was Trying to Contact Aliens,2020,Documentary,6.4,Movie,16,1357
Incerta glòria,2017,Drama,6.2,Movie,115,891
The Last Will and Testament of Charles Abernathy,2018,Thriller,7.1,Movie,69,789
Meenakshi Sundareshwar,2021,Romance,7.1,Movie,69,789
100% Hotter,2016,Reality-TV,4.4,Movie,60,864
The Haunted House: The Secret of the 'Ghost Ball',2016,Animation,8.4,Movie,69,55
Corazón loco,2020,Comedy,5.2,Movie,108,1220
Tig,2015,Documentary,7.4,Movie,95,2505
Der Wixxer,2004,Mystery,6.2,Movie,85,8211
Pororo the Little Penguin,2003,Animation,6,Movie,69,67
Ryuuou no Oshigoto!,2018,Animation,6,Movie,23,101
Le voyage au Groenland,2016,Comedy,6.4,Movie,98,1209
Trevor Noah: Afraid of the Dark,2017,Comedy,7.3,TV Special,67,4839
C'est quoi cette famille?!,2016,Comedy,6.2,Movie,99,1025
Zwaar verliefd!,2018,Comedy,5.8,Movie,86,737
"Breakfast, Lunch & Dinner",2019,Documentary,6.8,Movie,43,933
Secret Agent Selection: WW2,2018,Documentary,7.7,Movie,60,493
Metamorphosis,2019,Drama,7,Movie,98,40
Hans Zimmer: Live in Prague,2017,Documentary,9.1,TV Special,150,2472
InMates,2017,Comedy,6.6,Movie,25,1200
Calum Von Moger: Unbroken,2019,Documentary,6.2,Movie,95,749
Doble Kara,2015,Comedy,9.1,Movie,69,12
Sneekweek,2016,Thriller,4.6,Movie,108,1210
Internet Famous,2016,Comedy,3.6,Movie,87,1139
Charlie's Colorforms City,2019,Family,7.1,Movie,69,122
Küçük Esnaf,2016,Action,5.6,Movie,104,3853
Hard Cell,2022,Documentary,7.1,Movie,69,789
Mariposa,2020,Romance,7.4,Movie,117,557
Érase una vez... pero ya no,2018,Musical,7.1,Movie,69,789
Anthony Jeselnik: Fire in the Maternity Ward,2019,Comedy,7.2,TV Special,64,3157
Choegoui Sarang,2011,Romance,7.8,Movie,69,975
Saborîman Kantarô,2017,Adventure,7.5,Movie,24,710
Sensei wo Kesu Houteishiki,2020,Thriller,4.8,Movie,24,42
Operation Ouch!,2012,Documentary,7.6,Movie,28,107
Twogether,2020,Reality-TV,8.5,Movie,69,344
Cash Only,2015,Thriller,6.1,Movie,91,1194
Serial Killer with Piers Morgan,2017,Documentary,3.8,Movie,45,1314
Brian Regan: On the Rocks,2021,Comedy,6.9,TV Special,58,493
The American Meme,2018,Documentary,6.6,Movie,98,10882
Legend Quest,2017,Animation,7.4,Movie,69,411
Joanna Lumley's Silk Road Adventure,2018,Documentary,8.2,Movie,45,221
He Who Dares,2014,Thriller,3.1,Movie,82,983
Namaste Wahala,2021,Romance,5.1,Movie,106,890
Patron Mutlu Son Istiyor,2014,Romance,6.1,Movie,109,6542
Le Coup de Foudre,2019,Romance,8.2,Movie,45,205
Undercover,2021,Crime,7.1,Movie,69,789
La grande classe,2019,Comedy,5.3,Movie,83,1089
Den man älskar,2007,Drama,6.2,Movie,92,511
Piggy Tales,2014,Animation,7.2,Movie,1,110
Kevin Hart's Guide to Black History,2019,Comedy,5.5,Movie,62,1257
Terrorism Close Calls,2018,Documentary,5.2,Movie,50,595
Kalushi: The Story of Solomon Mahlangu,2016,Biography,6.5,Movie,107,268
Lady-Like,2017,Romance,4.8,Movie,82,3069
VeggieTales in the House,2014,Animation,4.4,Movie,69,280
Dolphin Kick,2019,Adventure,4.4,Movie,89,294
My Little Pony: Equestria Girls - Friendship Games,2015,Animation,6.6,Movie,72,1659
The Larva Island Movie,2020,Animation,5.1,Movie,89,541
Ladronas de Almas,2015,Horror,5,Movie,88,252
Singapore Social,2019,Reality-TV,5.1,Movie,69,1749
Grass Is Greener,2019,Documentary,7.1,Movie,97,1178
Guru-Guru Gokil,2020,Comedy,6.2,Movie,101,367
Skytten,2013,Thriller,5.5,Movie,90,1611
Anthony Jeselnik: Thoughts and Prayers,2015,Comedy,7.8,Video,59,4734
ReMastered: Devil at the Crossroads,2019,Documentary,7,Movie,48,2452
Surviving Summer,2022,Drama,7.1,Movie,69,789
The Dorm,2014,Horror,4.1,Movie,79,870
Louis C.K. 2017,2017,Comedy,7.6,TV Special,74,9563
Oh Yuck!,2017,Family,7.4,Movie,69,30
De verbouwing,2012,Thriller,6,Movie,101,1323
Krishna and His Leela,2020,Romance,5.4,Movie,125,1349
Hibana,2016,Drama,7.8,Movie,60,678
The Warriors,2018,Action,7.1,Movie,69,789
DeadEndia,2021,Animation,7.1,Movie,69,789
Zinzana,2015,Thriller,7,Movie,96,1428
Tom Segura: Mostly Stories,2016,Comedy,7.6,TV Special,73,3199
King's Faith,2013,Drama,6.4,Movie,108,744
De ce eu?,2015,Thriller,7.5,Movie,125,2340
Bridegroom,2013,Documentary,8,Movie,80,4446
Life Overtakes Me,2019,Documentary,6.5,Movie,39,1755
ÜberWeihnachten,2020,Romance,6.7,Movie,48,1700
Bangkok Love Stories: Innocence,2018,Romance,6.8,Movie,45,166
Rundfunk: Jachterwachter,2020,Comedy,5.8,Movie,89,1191
Evelyn,2018,Documentary,7.1,Movie,100,687
"Whose Vote Counts, Explained",2020,Documentary,7.3,Movie,74,940
What are the Odds?,2019,Drama,5.4,Movie,92,616
Deaf U,2020,Drama,6.4,Movie,69,414
Uma Maheswara Ugra Roopasya,2020,Drama,7.8,Movie,136,1432
Ask Taktikleri,2018,Romance,7.1,Movie,69,789
Smoking,2018,Crime,7.5,Movie,69,400
A Chorus Line,2018,Musical,7.1,Movie,69,789
The Casketeers,2018,Documentary,7.5,Movie,69,410
We Used to Live Here,2018,Thriller,7.1,Movie,69,789
Si Lo Hubiera Sabido,2018,Drama,7.1,Movie,69,789
A Tale Dark & Grimm,2021,Animation,7.1,Movie,69,789
Sleepless Society: Insomnia,2020,Thriller,7.4,Movie,69,70
U-Prince: The Handsome Cowboy,2016,Romance,7.2,Movie,69,80
Benvenuto Presidente!,2013,Comedy,6.2,Movie,98,3181
Room,2005,Mystery,4.5,Movie,75,438
Shelby American,2019,Documentary,7.3,Movie,119,606
Derren Brown: Pushed to the Edge,2016,Reality-TV,7.5,TV Special,68,3496
The Director: An Evolution in Three Acts,2013,Documentary,6.2,Movie,85,213
Iliza Shlesinger: Unveiled,2019,Comedy,6.5,TV Special,78,1471
Wiro Sableng 212,2018,Action,7.2,Movie,123,1418
Chanranhan yusan,2009,Romance,7.6,Movie,70,757
Izzy's Koala World,2020,Documentary,8,Movie,69,165
Att angöra en brygga,1965,Romance,6.9,Movie,101,2403
We're Lalaloopsy,2017,Animation,5.7,Movie,69,27
Qala,2021,Horror,7.1,Movie,69,789
La fille du patron,2015,Romance,5.4,Movie,98,762
Anxious People,2018,Comedy,7.1,Movie,69,789
Taboo,2002,Horror,3.6,Movie,80,1860
Autumn,2009,Horror,3.2,Movie,110,1562
Cockpit,2012,Comedy,5.7,Movie,96,2276
Angela's Christmas,2017,Animation,7.1,Movie,30,2560
The Circle: French,2020,Reality-TV,7.4,Movie,69,610
The Sunshine Makers,2015,Documentary,7,Movie,101,1344
Fittest on Earth: The Story of the 2015 Reebok CrossFit Games,2016,Documentary,7.1,Movie,104,1567
An lian: Ju sheng huai nan,2019,Drama,7.3,Movie,35,188
Hanappunin Naepyeon,2018,Drama,7.9,Movie,69,72
Goyo: Ang batang heneral,2018,Historical,6.6,Movie,155,729
My Father's Dragon,2022,Animation,7.1,Movie,69,789
Thelma the Unicorn,2018,Animation,7.1,Movie,69,789
Gajokggiri Wae Irae,2014,Romance,7,Movie,65,223
Flatbush Luck,2016,Comedy,5.8,Movie,93,82
Ingress: The Animation,2018,Animation,6.6,Movie,24,475
Autohead,2016,Crime,5.9,Movie,97,373
Terrace House: Opening New Doors,2017,Drama,7.8,Movie,42,872
Tony Parker: The Final Shot,2021,Documentary,6.7,Movie,98,1129
Lady Business,2018,Comedy,7.1,Movie,69,789
Bayoneta,2018,Drama,5.7,Movie,101,504
Heroin(e),2017,Documentary,6.8,Movie,39,2441
Mo,2007,Family,6.6,Movie,105,205
There's Something in the Water,2019,Documentary,6.7,Movie,73,355
Amy Schumer: Growing,2019,Comedy,5.2,TV Special,60,3617
When Man falls in the swamp of his thoughts and it ends with him to a disaster,2017,Comedy,5.3,Movie,94,238
Saheb Bibi Golaam,2016,Crime,6.5,Movie,121,638
Brave Blue World,2019,Documentary,6.7,Movie,50,658
The Cimarron Kid,1952,Western,6.4,Movie,84,934
Pinkfong and Baby Shark's Space Adventure,2019,Animation,5,Movie,66,50
Alive Inside,2014,Documentary,8.2,Movie,78,3058
Something is Killing the Children,2018,Horror,7.1,Movie,69,789
Gimme the Loot,2012,Comedy,6.6,Movie,79,2461
Street Food: Latin America,2020,Documentary,7.9,Movie,69,1068
Kevin Hart: Let Me Explain,2013,Documentary,6.8,Movie,75,8731
The House Arrest of Us,2020,Romance,7.5,Movie,69,89
Alien Xmas,2020,Animation,6.2,TV Special,40,997
Uchi no Maid ga Uzasugiru,2018,Animation,6.1,Movie,23,140
Dolly Parton: A MusiCares Tribute,2021,Documentary,6.5,Movie,55,165
Dolly Parton: Here I Am,2019,Documentary,7.3,Movie,90,1202
Opiseu,2015,Horror,6,Movie,111,1961
Rimetti a noi i nostri debiti,2018,Drama,6,Movie,104,1436
Backfire,2017,Crime,3.5,Movie,94,423
One Two Jaga,2018,Crime,6.6,Movie,85,594
Johan Falk: Organizatsija Karayan,2012,Thriller,6.6,Video,97,2044
Annarasumanara,2018,Drama,7.1,Movie,69,789
Robot Trains,2017,Animation,6.2,Movie,14,71
Rilakkuma's Theme Park Adventure,2018,Animation,7.1,Movie,69,789
Empresses in the Palace,2015,Historical,8.2,Movie,90,309
ReMastered: The Two Killings of Sam Cooke,2019,Documentary,7.3,Movie,74,2041
Bhangra Paa Le,2020,Comedy,6,Movie,131,295
Get Me Roger Stone,2017,Documentary,7.3,Movie,92,7036
The Overnighters,2014,Documentary,7.4,Movie,102,2386
Tasty Tales of the Food Truckers,2021,Animation,7.1,Movie,11,789
Not a Game,2020,Documentary,5.6,Movie,97,439
La Frecuencia Kirlian,2017,Animation,7.6,Movie,9,983
Bad Blood,2015,Thriller,4.7,Movie,87,402
Pitaah,2002,Action,6.3,Movie,126,700
Aliens on the Moon: The Truth Exposed,2014,Sci-Fi,3.5,Movie,86,993
Misfit 3: De Finale,2020,Comedy,5.3,Movie,82,68
The Bellhop,2018,Action,7.1,Movie,69,789
Baby Ballroom,2017,Documentary,7.8,Movie,60,169
Sebastian Maniscalco: What's Wrong with People?,2012,Comedy,8.1,TV Special,75,1072
Springsteen on Broadway,2018,Documentary,8.5,Movie,153,2040
Operações Especiais,2015,Crime,6.4,Movie,99,1571
Octonauts and the Caves of Sac Actun,2020,Animation,6.3,Movie,72,134
Tsumiki no ie,2008,Animation,8.2,Movie,12,10598
A-reu-gon,2017,Drama,7.4,Movie,69,223
The 24 Hour War,2016,Documentary,7.2,Movie,99,2067
"Ram Dass, Going Home",2017,Documentary,7.1,Movie,31,863
Eddie: Strongman,2015,Documentary,7.4,Movie,98,1086
Oh My Baby,2020,Romance,7.3,Movie,60,132
Alphablocks,2010,Animation,7.8,Movie,5,51
Pachamama,2018,Animation,6.8,Movie,72,755
Bert Kreischer: Hey Big Boy,2020,Comedy,7.1,TV Special,62,1699
Lobo Feroz,2021,Thriller,7.1,Movie,69,789
Sobat Ambyar,2021,Romance,6.5,Movie,101,161
Jack Whitehall: I'm Only Joking,2020,Comedy,6.6,TV Special,58,1153
Brij Mohan Amar Rahe,2017,Comedy,6.8,Movie,105,3031
The Spy Who Fell to Earth,2019,Documentary,6.6,Movie,94,1099
Aggressive Retsuko,2016,Animation,8.3,Movie,69,948
My Little Pony: Equestria Girls Specials,2017,Animation,6.4,Movie,22,591
Asperger's Are Us,2016,Documentary,6.7,Movie,82,680
Dragon Pilot: Hisone and Masotan,2018,Animation,6.9,Movie,30,450
Nick Offerman: American Ham,2014,Documentary,6.7,TV Special,78,1246
The Comedy Lineup,2018,Comedy,5.9,Movie,15,407
"Berlin, Berlin",2020,Romance,3.7,Movie,80,430
A Love to Last,2017,Musical,8.8,Movie,69,32
Tudo Bem No Natal Que Vem,2020,Comedy,6.7,Movie,100,3672
Anna Karenina,2018,Romance,7.1,Movie,69,789
Dik Trom,2010,Family,6.1,Movie,85,843
Monica O My Darling,2018,Comedy,7.1,Movie,69,789
Wszystko dla mojej matki,2019,Drama,6.5,Movie,103,150
Uppity: The Willy T. Ribbs Story,2020,Documentary,7.6,Movie,109,651
Jefe,2018,Comedy,5.4,Movie,89,989
Misfit,2017,Family,4.3,Movie,86,360
Chandni Bar,2001,Crime,7.6,Movie,150,2516
Bee & Puppycat: Lazy in Space,2013,Animation,8.6,Movie,69,29
Untitled Skydance TV's hourlong series,2018,Adventure,7.1,Movie,69,789
Rocco Chinnici,2018,Biography,7.1,Movie,113,156
Video Games: The Movie,2014,Documentary,6.1,Movie,101,5421
Trevor Noah: Son of Patricia,2018,Comedy,7.3,TV Special,63,3674
The Cipher,2018,Unknown,7.1,Movie,69,789
Frauensee,2012,Drama,5.5,Movie,85,229
El tiempo que te doy,2018,Romance,7.1,Movie,10,789
Donald Glover: Weirdo,2012,Comedy,7.4,TV Special,65,3232
A Taiwanese Tale of Two Cities,2018,Drama,6.5,Movie,69,150
Sawah,2019,Comedy,6.7,Movie,86,1465
Your Place or Mine,2018,Unknown,7.1,Movie,69,789
Ghostheads,2016,Documentary,6,Movie,73,630
Stuck Together,2021,Comedy,7.1,Movie,69,789
Hollywood & Wine,2011,Comedy,3.5,Video,95,394
Tersanjung: The Movie,2021,Romance,6,Movie,114,150
Heaven Sent,2015,Fantasy,5.5,Movie,88,1714
Sop Dek 2002,2011,Horror,4.6,Movie,96,259
Johan Falk: Lockdown,2015,Thriller,7.2,Video,99,1654
ReMastered: The Miami Showband Massacre,2019,Documentary,7,Movie,71,1168
Break It All: The History of Rock in Latin America,2020,Documentary,7.6,Movie,69,1091
Buddy Thunderstruck,2017,Animation,7.8,Movie,24,467
Azali,2018,Drama,5.6,Movie,92,163
Dinotrux Supercharged,2017,Animation,7.2,Movie,24,80
Mega Man,2018,Sci-Fi,7.1,Movie,69,789
Pera Palas'ta Gece Yarisi,2018,Drama,7.1,Movie,69,789
La 4ª Compañía,2016,Action,6.2,Movie,109,774
Chhota Bheem Kung Fu Dhamaka,2019,Animation,5.3,Movie,97,127
Black Stallions,2018,Comedy,7.1,Movie,69,789
Poli opposti,2015,Romance,5.8,Movie,90,826
The Ballot,2020,Romance,7.4,Movie,30,121
The Houseboat,2021,Documentary,7.2,Movie,69,1027
Fate: The Winx Saga - The Afterparty,2021,Fantasy,6.2,TV Special,69,52
Katsugeki/Touken Ranbu,2017,Animation,6.4,Movie,23,60
Para Sempre Chape,2018,Documentary,7.2,Movie,80,298
7 Chinese Brothers,2015,Comedy,5.6,Movie,76,1490
Blackout,2013,Drama,6.5,Movie,90,230
Exatlon Challenge,2020,Sports,3.8,Movie,46,505
Anelka: Misunderstood,2020,Documentary,6.4,Movie,94,2822
Chef's Table: France,2016,Documentary,8.3,Movie,46,1637
Daughters of Destiny,2017,Documentary,8.6,Movie,60,822
CAT. 8,2013,Action,4.4,Movie,180,1220
La Línea: La Sombra del Narco,2020,Documentary,6.4,Movie,69,340
Feminists: What Were They Thinking?,2018,Documentary,7,Movie,86,1990
Secretul fericirii,2018,Comedy,7.7,Movie,90,754
Way of the Vampire,2005,Horror,2,Movie,82,1593
The Oscars,2017,Musical,6.7,TV Special,229,1901
#TemanTapiMenikah,2018,Biography,6.9,Movie,102,602
Kaos,2018,Comedy,7.1,Movie,60,789
Doonby,2013,Mystery,5.1,Movie,104,497
Untitled Thai Cave Rescue Project,2018,Drama,7.1,Movie,69,789
Kkotpadang: Joseonhondamgongjakso,2019,Historical,6.9,Movie,70,141
Woonppal Romaenseu,2016,Romance,7.1,Movie,60,589
Love the Way U Lie,2020,Romance,5.8,Movie,99,74
The 43,2019,Documentary,7.2,Movie,69,99
The Standups,2017,Comedy,6.7,Movie,30,1017
War Flowers,2012,War,4.4,Movie,99,405
Gungmin Yeoreobun,2019,Comedy,7,Movie,69,167
La femme la plus assassinée du monde,2018,Mystery,5.3,Movie,102,990
Rebelión de los Godínez,2020,Comedy,4.1,Movie,93,426
The Legend of Cocaine Island,2018,Comedy,7.1,Movie,69,789
Broken,2019,Documentary,6.9,Movie,69,959
A Martfüi Rém - A Sorozat,2020,Crime,7.6,Movie,45,222
#cats_the_mewvie,2020,Documentary,5.3,Movie,90,439
Isolated,2013,Sports,6.2,Movie,85,189
Atari: Game Over,2014,Documentary,6.7,Movie,66,5762
What We Started,2017,Documentary,7.1,Movie,94,1470
Bhouri,2016,Drama,6.7,Movie,140,413
Arangsaddojeon,2012,Fantasy,7.5,Movie,69,733
Antologi Rasa,2019,Drama,6.4,Movie,108,156
League of Legends Origins,2019,Documentary,6.5,Movie,77,898
Untitled Gundam Project,2018,Sci-Fi,7.1,Movie,69,789
London Hughes: To Catch a Dick,2020,Comedy,4.7,TV Special,68,278
Good Times,2018,Animation,7.1,Movie,69,789
Greg Davies: You Magnificent Beast,2018,Comedy,7.2,TV Special,66,1959
Pet Stars,2021,Family,5.8,Movie,69,94
Casi Feliz,2020,Comedy,6.8,Movie,69,626
Flinch,2019,Game-Show,4.3,Movie,25,662
The Sleeping City,1950,Noir,6.8,Movie,86,496
Kane Chonicles,2021,Fantasy,7.1,Movie,69,789
Sky Tour: The Movie,2020,Documentary,8.7,Movie,94,996
Untold: Breaking Point,2021,Documentary,7.1,Movie,68,789
Soltera Codiciada,2018,Comedy,6.2,Movie,104,1864
People You May Know,2016,Comedy,5.6,Movie,101,931
Krishna Balram,2018,Fantasy,7.1,Movie,69,789
Thithi,2015,Drama,8.2,Movie,123,2576
First and Last,2018,Documentary,6.7,Movie,40,370
Doris,2018,Comedy,6.1,Movie,89,538
Black Site Delta,2017,Action,3.8,Movie,87,995
Johan Falk: De 107 patrioterna,2012,Thriller,6.5,Video,92,2139
The Wedding Coach,2021,Reality-TV,4.9,Movie,69,60
RuPaul's Drag Race Holi-Slay Spectacular,2018,Reality-TV,4.8,TV Special,41,1002
1920 London,2016,Horror,4.1,Movie,120,1599
100% Coco,2017,Drama,4.7,Movie,88,838
Missing 9,2017,Mystery,7,Movie,69,336
Growing Up Wild,2016,Documentary,7.3,Movie,78,334
The Home Edit,2020,Reality-TV,4.8,Movie,69,180
Super Crooks,2021,Animation,7.1,Movie,69,789
The Surrogate,2013,Thriller,4.6,Movie,90,574
Giving Voice,2020,Documentary,6.7,Movie,87,227
Leng xue shi san ying,1978,Action,7.4,Movie,90,870
Film Kteer Kbeer,2015,Crime,7.1,Movie,107,1346
La Misma Sangre,2019,Thriller,6.1,Movie,113,726
Pardon My Icelandic,2020,Comedy,7.9,Movie,54,1223
Sol Levante,2020,Animation,4.7,Movie,4,436
Amazing Interiors,2018,Documentary,6.7,Movie,69,723
"Imperfect: Karir, Cinta, & Timbangan",2019,Family,7.9,Movie,113,913
The Bling Lagosians,2019,Drama,6.5,Movie,97,82
Kill Ratio,2016,Action,4.1,Movie,86,924
Iwa Kakeru! Sport Climbing Girls,2020,Animation,6.1,Movie,24,145
Chichipatos,2020,Comedy,4.4,Movie,69,166
A Tale Dark and Grimm,2018,Fantasy,7.1,Movie,69,789
Ever After High: Dragon Games,2016,Animation,7.6,Movie,90,216
Spijt!,2013,Musical,7.1,Movie,95,2515
Byeong-won-seon,2017,Romance,6.3,Movie,35,309
Drawers,2015,Mystery,7.2,Movie,120,1139
Ari Shaffir: Double Negative,2016,Comedy,6.8,TV Special,69,667
End Game,2018,Documentary,7.1,Movie,40,1705
Go! La Fiesta Inolvidable,2019,Family,5.5,Movie,60,106
Hello Ninja,2019,Animation,6.6,Movie,69,98
Wrong Kind of Black,2018,Comedy,7.6,Movie,69,115
Alien TV,2020,Animation,6.2,Movie,69,228
Tarung Sarung,2020,Action,6.5,Movie,115,159
The Awakening,2010,Horror,2.6,Movie,83,146
Sugar Rush Christmas,2019,Reality-TV,6.9,Movie,69,473
StoryBots Super Songs,2016,Animation,8.5,Movie,69,150
Rapture,2018,Documentary,7.2,Movie,69,507
French Dirty,2015,Comedy,4.9,Movie,72,272
Johan Falk: Vapenbröder,2009,Thriller,6.6,Video,93,2641
Sebastian Maniscalco: Stay Hungry,2019,Comedy,7.1,TV Special,65,1169
War of the Worlds: Goliath,2012,Animation,5.4,Movie,85,1134
The Darkest Dawn,2016,Sci-Fi,4.1,Movie,76,2072
Decoupled,2018,Comedy,7.1,Movie,69,789
Awake: The Million Dollar Game,2019,Game-Show,5.9,Movie,41,681
CounterPunch,2017,Documentary,6.7,Movie,91,847
The Unbelievers,2013,Documentary,6.9,Movie,77,6524
Great Men Academy,2019,Romance,7.6,Movie,60,76
The Bad Kids,2016,Documentary,7,Movie,101,612
Residue,2015,Horror,6.1,Movie,130,2551
Til Death Do Us Part,2019,Thriller,6.5,Movie,69,162
We Are the Freaks,2013,Comedy,4.7,Movie,80,334
Trigger Warning with Killer Mike,2019,Documentary,7,Movie,30,1208
A Love Song for Latasha,2019,Documentary,6.8,Movie,19,2140
Becoming Champions,2018,Documentary,6.7,Movie,69,350
De Film van Dylan Haegens,2018,Family,4.3,Movie,81,505
The Night Watchman's Journal,2014,Fantasy,6.1,Movie,60,120
Twinsters,2015,Documentary,7.5,Movie,89,4730
Luna de miel,2015,Horror,4.7,Movie,96,1065
El Vato,2016,Comedy,6.7,Movie,43,122
Mai,2018,Thriller,7.1,Movie,69,789
"¡Ay, mi madre!",2019,Comedy,3.9,Movie,84,345
The Legend of Zelda,2018,Animation,7.1,Movie,69,789
Crowsnest,2012,Horror,3.9,Movie,84,1595
Divanation,2018,Comedy,7.1,Movie,69,789
Nate Bargatze: The Tennessee Kid,2019,Comedy,7.6,TV Special,60,1495
Ali Wong: Hard Knock Wife,2018,Comedy,7.4,TV Special,64,4199
Whitney Cummings: Can I Touch It?,2019,Comedy,6.5,TV Special,59,1553
El apóstata,2015,Comedy,5.8,Movie,80,677
Muqaddar Ka Faisla,1987,Comedy,4.8,Movie,171,55
The Boys in the Band: Something Personal,2020,Documentary,7.2,Movie,28,265
The Sea Beast,2022,Animation,7.1,Movie,69,789
Cabins in the Wild with Dick Strawbridge,2017,Reality-TV,6.8,Movie,69,239
Lee Su-geun: The Sense Coach,2021,Comedy,3.9,TV Special,45,24
Coborâm la prima,2018,Drama,7.2,Movie,84,602
A Christmas Tree Miracle,2013,Family,6.7,Movie,102,769
Aruna & Her Palate,2018,Drama,7.3,Movie,106,674
On Children,2018,Sci-Fi,7.5,Movie,69,339
Wangeun Saranghanda,2017,Romance,7.2,Movie,69,187
Zhong ji yi ban,2005,Comedy,5.4,Movie,50,76
Hisss,2010,Horror,2.9,Movie,98,1698
Lego Friends,2013,Animation,5.2,Movie,4,129
Good Ol' Freda,2013,Documentary,7.3,Movie,86,1930
Geullichi,2021,Sci-Fi,7.1,Movie,60,789
Los héroes del mal,2015,Thriller,6.2,Movie,98,1045
Hilarity for Charity,2018,Comedy,5,TV Special,70,2247
The Drunk and on Drugs Happy Funtime Hour,2011,Comedy,5.1,Movie,69,664
LFO,2013,Sci-Fi,6.6,Movie,94,1118
Sparking Joy with Marie Kondo,2021,Reality-TV,7.1,Movie,69,789
Untold: Caitlyn Jenner,2021,Documentary,7.1,Movie,69,789
BG: Shinpen keigonin,2018,Drama,6.2,Movie,54,372
Nila,2016,Romance,6.8,Movie,96,256
Emicida: AmarElo - Ao Vivo,2021,Musical,6.5,Movie,99,22
The Sound of Your Heart Reboot,2018,Comedy,5.9,Movie,69,104
A Primeira Tentação de Cristo,2019,Comedy,4.6,Movie,46,3267
Voices of Fire,2020,Musical,6.9,Movie,69,343
Justin Timberlake + the Tennessee Kids,2016,Documentary,7.7,Movie,90,2025
House of Secrets: The Burari Deaths,2021,Documentary,7.1,Movie,69,789
Cold Warrior,2018,Drama,7.1,Movie,69,789
Midnight Chronicles,2009,Action,3.7,Movie,100,986
Gun chung,2007,Thriller,6.7,Movie,90,1808
And the Oscar Goes To...,2014,Documentary,7.1,Movie,87,1419
Bert Kreischer: Secret Time,2018,Comedy,7.4,TV Special,57,2104
Han-beon deo hae-pi-en-ding,2016,Romance,7.3,Movie,70,301
Basketball or Nothing,2019,Documentary,7.4,Movie,69,528
Untitled Hunchback of Notre Dame Project,2018,Unknown,7.1,Movie,69,789
15-Aug,2019,Drama,5.9,Movie,124,245
Feria: The Darkest Light,2018,Crime,7.1,Movie,50,789
Nikki Glaser: Bangin',2019,Comedy,6,TV Special,63,1441
DC Super Hero Girls: Hero of the Year,2016,Animation,5.6,Video,76,632
Bir Baba Hindu,2016,Action,2.7,Movie,112,2410
Tulen morsian,2016,Historical,6,Movie,110,1290
Historia de un clan,2015,Biography,7.8,Movie,50,828
Joe Rogan: Triggered,2016,Comedy,7.4,TV Special,63,4170
Laaf Wa Dawaraan,2016,Family,5.5,Movie,90,1298
We Are the Brooklyn Saints,2021,Documentary,6.5,Movie,69,131
Shine Your Eyes,2020,Thriller,6.6,Movie,102,276
Extremis,2016,Documentary,7.3,Movie,24,2242
Hope Frozen,2018,Documentary,6.6,Movie,75,372
Strike a Pose,2016,Documentary,7.2,Movie,83,1700
Hard Tide,2015,Thriller,4.9,Movie,90,197
The Burial of Kojo,2018,Thriller,6.5,Movie,80,654
Sandkings,2018,Sci-Fi,7.1,Movie,69,789
Zachowaj spokój,2022,Thriller,7.1,Movie,69,789
KL Zombi,2013,Horror,4.4,Movie,97,284
F*ck de liefde,2019,Romance,4.8,Movie,96,641
Sebastian Maniscalco: Why Would You Do That?,2016,Comedy,7.4,TV Special,63,974
Jim Jefferies: Freedumb,2016,Comedy,7.7,TV Special,86,5098
Dead Kids,2019,Thriller,5.5,Movie,98,434
A Family Reunion Christmas,2019,Family,5.7,Movie,28,164
The Kindness Diaries,2017,Adventure,8.1,Movie,69,383
Angry Birds Stella,2014,Animation,6.9,Movie,6,87
He-eo-jin Da-eum-nal,2016,Fantasy,6.9,Movie,69,519
No Estoy Loca,2018,Comedy,5.7,Movie,116,894
Devilish Charm,2014,Thriller,3.5,Movie,78,135
Skin Decision: Before and After,2020,Reality-TV,5.8,Movie,69,352
Danur 2: Maddah,2018,Horror,5.7,Movie,92,429
Iliza Shlesinger: Confirmed Kills,2016,Comedy,6.6,TV Special,77,2695
Zion,2018,Documentary,7.2,Movie,12,1096
Areumdaun Sesang,2019,Mystery,8.4,Movie,60,94
Here Comes the Flood,2018,Romance,7.1,Movie,69,789
Little Singham: Kaal Ka Badla,2020,Animation,5.7,Movie,69,15
Death and Cremation,2010,Horror,5.7,Movie,86,743
Johan Falk: Barninfiltratören,2012,Thriller,6.8,Video,93,2047
Sitara: Let Girls Dream,2019,Animation,7.3,Movie,15,536
Pulang,2018,Drama,6.7,Movie,120,571
Uma Musume: Pretty Derby,2018,Animation,7,Movie,23,150
Bangistan,2015,Comedy,4.5,Movie,135,1196
Jeff Dunham: Beside Himself,2019,Comedy,6.9,TV Special,58,983
John Leguizamo's Latin History for Morons,2018,Comedy,7.5,Movie,69,609
The Underclass,2020,Drama,6.4,Movie,55,42
ReMastered: Who Shot the Sheriff?,2018,Documentary,6.9,Movie,57,1234
Katherine Ryan: Glitter Room,2019,Comedy,6.8,TV Special,65,1647
Untitled Marlene Dietrich Netflix Project,2018,Unknown,7.1,Movie,69,789
The Rachel Divide,2018,Documentary,6.2,Movie,100,2141
Failsafe,2018,Thriller,7.1,Movie,69,789
The Redhead from Wyoming,1953,Western,6.2,Movie,81,493
Sunny Bunnies,2015,Animation,6.8,Movie,69,74
Button Man: The Killing Game,2018,Crime,7.1,Movie,69,789
Miranda Sings Live... Your Welcome,2019,Comedy,5.5,Movie,61,395
Bombairiya,2019,Comedy,4.5,Movie,104,394
"Gabriel ""Fluffy"" Iglesias: One Show Fits All",2019,Comedy,7.3,TV Special,90,1624
Lego Elves: Secrets of Elvendale,2017,Fantasy,6.9,Movie,24,138
Robbing Mussolini,2018,Drama,7.1,Movie,69,789
Valentino,2020,Comedy,5.5,Movie,69,174
Neurons to Nirvana,2013,Documentary,7.7,Movie,85,1212
Tiffany Haddish Presents: They Ready,2019,Comedy,6.3,Movie,69,506
The Other Mrs,2018,Unknown,7.1,Movie,69,789
Oushitsu Kyoushi Heine,2017,Animation,7.1,Movie,25,165
Lost Song,2018,Animation,7.2,Movie,25,329
Pajanimals,2008,Musical,6.7,Movie,2,89
Robozuna,2018,Animation,6.3,Movie,22,80
The Millennium Bug,2011,Horror,4.5,Movie,88,643
The Jungle Book,2010,Animation,4.2,Movie,30,125
Al posto suo,2020,Comedy,6.1,Movie,97,76
Johan Falk: Alla råns moder,2012,Thriller,6.8,Video,97,2066
The Magic School Bus Rides Again in the Zone,2020,Animation,5.6,Movie,46,41
Angry Birds Blues,2017,Animation,6.3,Movie,2,148
Another Self,2018,Drama,7.1,Movie,69,789
Artifact,2012,Documentary,8,Movie,103,4555
Juana Brava,2015,Drama,7,Movie,60,21
The Music of Strangers,2015,Documentary,7.7,Movie,96,696
Smile at the Runway,2020,Animation,6.8,Movie,24,168
The Unknown: Legend of Exorcist Zhong Kui,2020,Action,7.1,Movie,69,789
Suicide,2014,Thriller,5.8,Movie,113,413
La Memoria del Agua,2015,Romance,6.1,Movie,88,702
Untitled Lupita Nyong'o/Rihanna Project,2018,Drama,7.1,Movie,69,789
Channeru wa sono mama!,2019,Comedy,7.3,Movie,69,267
Terra,2015,Documentary,8.3,Movie,98,1872
Jeff Dunham: Arguing with Myself,2006,Comedy,8,TV Special,76,3875
De gelukkige huisvrouw,2010,Romance,6.7,Movie,100,2835
Hidden Worlds,2018,Drama,7.2,Movie,69,471
A mil kilómetros de la Navidad,2021,Family,7.1,Movie,69,789
Hanebado!,2018,Animation,6.4,Movie,24,314
Dilan 1991,2019,Romance,6.7,Movie,121,912
1 Chance 2 Dance,2014,Family,4.8,Movie,89,544
Death Note 2,2018,Crime,7.1,Movie,69,789
Sen Benim HerSeyimsin,2016,Comedy,6.3,Movie,107,2474
Sicak kafa,2018,Mystery,7.1,Movie,69,789
Heartbreak High,2022,Romance,7.1,Movie,69,789
Darr @ the Mall,2014,Horror,4.9,Movie,124,951
First Kiss,2018,Romance,3.9,Movie,88,129
Cuerpo de élite,2016,Action,4.6,Movie,95,1876
The Lazarus Papers,2010,Crime,4.1,Movie,90,2270
Tell Me Everything,2018,Drama,7.1,Movie,69,789
Two Graves,2018,Thriller,4.3,Movie,80,376
High in the Clouds,2022,Animation,7.1,Movie,69,789
StarBeam,2020,Animation,6.9,Movie,69,71
Neverlake,2013,Horror,5.3,Movie,86,2245
Misfire,2014,Action,3.2,Movie,90,753
Iron Fists and Kung Fu Kicks,2019,Documentary,6.6,Movie,107,996
Nobody Speak: Trials of the Free Press,2017,Documentary,6.5,Movie,95,3847
6-5=2,2014,Horror,4.3,Movie,104,182
Zach Galifianakis: Live at the Purple Onion,2006,Documentary,7.3,Video,72,3708
Southern Survival,2020,Reality-TV,5.7,Movie,69,281
The Epic Tales of Captain Underpants in Space,2020,Animation,7.3,Movie,24,70
Oggy Oggy,2021,Animation,7.1,Movie,69,789
The Empress,2022,Historical,7.1,Movie,69,789
Criminals: Caught on Camera,2013,Documentary,6.8,Movie,69,44
Dear Nathan Hello Salma,2018,Romance,7.7,Movie,101,257
Monty Python: The Meaning of Live,2014,Documentary,7.6,Movie,90,544
Chelsea Peretti: One of the Greats,2014,Comedy,7,TV Special,74,2277
Mike Birbiglia: The New One,2019,Comedy,7.7,TV Special,85,1621
"Trailer Park Boys: Drunk, High & Unemployed",2015,Comedy,6.1,Movie,74,972
Squadra antimafia,1978,Comedy,6,Movie,91,316
Alter Me,2020,Romance,5.7,Movie,91,53
Ever After High: Epic Winter,2016,Animation,7.6,Movie,90,224
Ronny Chieng: Asian Comedian Destroys America,2019,Comedy,7.4,TV Special,63,2554
Nadiya Bakes,2020,Documentary,7.1,Movie,29,186
Pluk van de petteflet,2004,Fantasy,6.2,Movie,91,700
Def Comedy Jam 25,2017,Documentary,6.7,TV Special,80,1018
Small Shots,2017,Comedy,7.2,Movie,69,116
Fakta Ladh Mhana,2011,Thriller,6.3,Movie,145,122
72 Dangerous Animals - Asia,2018,Documentary,6.6,Movie,69,455
Flowering Heart,2016,Animation,6.6,Movie,12,37
Regiment Diaries,2018,Documentary,8.8,Movie,69,66
Babies Behind Bars,2011,Documentary,6.2,Movie,120,110
7:19,2016,Historical,5.9,Movie,94,605
Jack of all Trades,2018,Documentary,5.9,Movie,85,959
Miniforce X,2019,Animation,4.3,Movie,69,10
Johan Falk: Leo Gaut,2009,Romance,6.2,Video,92,2319
Las niñas de cristal,2018,Drama,7.1,Movie,69,789
ReMastered: Tricky Dick and the Man in Black,2018,Documentary,7.1,Movie,59,1331
Narcoworld: Dope Stories,2019,Documentary,6.6,Movie,39,282
Lego Bionicle: The Journey to One,2016,Animation,5.5,Movie,22,157
"Hello, Privilege. It's Me, Chelsea",2019,Documentary,4.4,Movie,64,1862
DreadOut,2019,Horror,5.1,Movie,97,533
Derren Brown: Sacrifice,2018,Reality-TV,7.1,TV Special,49,1707
La Balada de Hugo Sanchez,2018,Comedy,6.5,Movie,69,746
El elegido,2016,Historical,6.6,Movie,125,783
Merry Men 2,2019,Comedy,6.7,Movie,115,56
The Marker,2017,Thriller,5.5,Movie,80,361
Amor de madre,2022,Comedy,7.1,Movie,69,789
Paprika,2018,Animation,8.2,Movie,11,13
Bobby Robson: More Than a Manager,2018,Documentary,8.2,Movie,104,2903
Bumping Mics with Jeff Ross & Dave Attell,2018,Comedy,7.7,Movie,36,1072
Quiet Victory: The Charlie Wedemeyer Story,1988,Drama,7.3,Movie,100,128
Taisou Zamurai,2020,Animation,7.5,Movie,69,93
Terminator,2018,Animation,7.1,Movie,69,789
Smoorverliefd,2013,Romance,4.9,Movie,92,963
Mystery Lab,2020,Documentary,7.7,Movie,69,638
Life's a Breeze,2013,Comedy,6.3,Movie,83,1103
The River Thief,2016,Action,5.3,Movie,87,448
Tatlim Tatlim,2017,Romance,5.6,Movie,95,3021
Hope,2018,Comedy,7.1,Movie,69,789
The Reconstruction of William Zero,2014,Sci-Fi,5.4,Movie,98,1147
Isoken,2017,Romance,6.5,Movie,100,266
Mercenaire,2016,Sports,6.4,Movie,103,695
Jeff Dunham: Controlled Chaos,2011,Comedy,7.5,TV Special,97,2201
Cain and Abel,2009,Romance,7.7,Movie,69,235
Nisman,2019,Documentary,7.7,Movie,373,515
Du jia ji yi,2019,Romance,7.3,Movie,69,125
Dayveon,2017,Drama,6.3,Movie,75,501
Côpusu pâtî,2015,Horror,4.7,Movie,93,420
Untitled Taika Waititi/Netflix Roald Dahl Project,2018,Animation,7.1,Movie,69,789
Amo,2017,Crime,6.5,Movie,69,385
All Because of You,2020,Romance,4,Movie,101,191
Nise: O Coração da Loucura,2015,Biography,7.7,Movie,106,2289
Squadra antifurto,1976,Comedy,6.4,Movie,102,311
The Seven Deaths of Evelyn Hardcastle,2018,Thriller,7.1,Movie,69,789
Examen de conciencia,2019,Documentary,7.9,Movie,154,379
What Would Sophia Loren Do?,2021,Documentary,6.6,Movie,32,588
Johan Falk: De fredlösa,2009,Thriller,6.6,Video,94,2119
My Way: The Rise and Fall of Silvio Berlusconi,2016,Documentary,6.4,Movie,98,746
Derren Brown: Apocalypse,2012,Documentary,7.9,Movie,60,955
Girl Rising,2013,Documentary,7.1,Movie,101,1192
72 Dangerous Animals: Latin America,2017,Documentary,6.6,Movie,69,475
Ask the Doctor,2017,Documentary,6.6,Movie,28,261
Pusong ligaw,2017,Drama,8,Movie,69,6
Squid Game,2021,Thriller,7.1,Movie,69,789
Bellas de Noche,2016,Documentary,7.3,Movie,92,534
Print the Legend,2014,Documentary,7,Movie,100,1924
Dry,2015,Drama,7.2,Movie,107,75
Assassin's Creed,2018,Action,7.1,Movie,69,789
La luna sangre,2017,Horror,5.9,Movie,30,119
The Real Miyagi,2015,Documentary,7.1,Movie,80,843
One Hundred Years of Solitude,2018,Drama,7.1,Movie,69,789
Buried by the Bernards,2021,Reality-TV,7.3,Movie,69,312
Blood Brothers: Malcolm X & Muhammad Ali,2021,Documentary,7.1,Movie,95,789
Craigslist Joe,2012,Documentary,6.8,Movie,90,3776
La Boda de la Abuela,2019,Comedy,5.5,Movie,97,509
The Deported,2009,Comedy,4.7,Movie,90,118
Jimmy Carr: Funny Business,2016,Comedy,7.2,Video,62,3683
Iliza Shlesinger: Freezing Hot,2015,Documentary,6.9,TV Special,71,2424
Chris Tucker Live,2015,Documentary,6.3,TV Special,92,1843
Vaastu Shastra,2004,Horror,5,Movie,106,651
Untitled Pokémon Project,2018,Action,7.1,Movie,69,789
Night Fare,2015,Thriller,5.5,Movie,80,1398
See You In Time,2017,Sports,7.1,Movie,69,26
Na Maloom Afraad,2014,Comedy,7.5,Movie,137,3964
The Wedding Party,2016,Romance,4.7,Movie,112,205
Until Dawn,2020,Reality-TV,2.7,Movie,22,121
Povestea unui pierde-vara,2018,Comedy,6.6,Movie,100,395
Dragons: Rescue Riders: Hunt for the Golden Dragon,2020,Animation,5.5,TV Special,46,124
Puss in Book: Trapped in an Epic Tale,2017,Animation,5.4,Movie,23,522
Die vierte Macht,2012,Thriller,6.1,Movie,115,2302
Dave Chappelle,2017,Documentary,8.7,Movie,66,2224
First Impression,2018,Comedy,5,Movie,96,136
La reconquista,2016,Drama,6.6,Movie,108,827
Take My Brother Away,2018,Drama,7.1,Movie,45,144
Marc Maron: End Times Fun,2020,Comedy,6.8,TV Special,71,1716
Bombay Rose,2019,Animation,6.1,Movie,97,520
Mysteria,2011,Thriller,3.9,Movie,98,569
Barangay 143,2018,Animation,6.4,Movie,69,27
De brief voor de koning,2008,Adventure,5.9,Movie,110,1366
Juana Inés,2016,Biography,7.6,Movie,69,501
The 74th Annual Golden Globe Awards 2017,2017,News,5.5,TV Special,180,629
Tutte lo vogliono,2015,Comedy,5.3,Movie,85,498
Neal Brennan: 3 Mics,2017,Comedy,7.9,TV Special,65,2979
"The Other One: The Long, Strange Trip of Bob Weir",2014,Documentary,7.3,Movie,85,1500
Basilisk: Ouka Ninpouchou,2018,Animation,4.7,Movie,69,135
In Oranje,2004,Sports,6.5,Movie,90,1336
Untitled Spotify Project,2022,Drama,7.1,Movie,45,789
Fe de etarras,2017,Comedy,5.6,Movie,89,2732
Affliction,2021,Horror,6.2,Movie,90,76
Cyborg 009: Call of Justice,2017,Animation,5.8,Movie,25,193
Revenge of the Pontianak,2019,Horror,5.2,Movie,92,248
Spirit Riding Free: Ride Along Adventure,2020,Animation,5.8,Movie,22,42
Sendero,2015,Horror,3.7,Movie,85,606
The Untold Tales of Armistead Maupin,2017,Documentary,7.2,Movie,91,664
Titoudao,2020,Drama,7.1,Movie,60,789
Inside the Freemasons,2017,Documentary,5.4,Movie,44,418
Hartenstraat,2014,Romance,6.3,Movie,90,2068
K-9 Adventures: Legend of the Lost Gold,2014,Family,5.4,Movie,90,160
Rats,2016,Documentary,6.5,Movie,84,1461
Michael McIntyre: Showman,2020,Comedy,7.2,TV Special,62,963
Hear No Evil,2014,Drama,7,Movie,90,135
Justice: Qalb Al Adala,2017,Drama,5.2,Movie,69,142
Dawg Fight,2015,Documentary,6.3,Movie,109,1718
Shumatsu no Izetta,2016,Animation,6.7,Movie,69,280
YooHoo to the Rescue,2019,Family,6.6,Movie,69,44
Grandma's Will,2020,Comedy,5,Movie,97,250
DeMarcus Family Rules,2020,Reality-TV,6.2,Movie,69,90
The Girl from Monday,2005,Sci-Fi,5.3,Movie,84,1025
Being Napoleon,2018,Documentary,5.3,Movie,88,104
Johan Falk: Ur askan i elden,2015,Thriller,6.7,Video,98,1645
Ken Jeong: First Date,2019,Comedy,5.7,TV Special,62,2205
Theo Von: No Offense,2016,Documentary,5.6,TV Special,67,745
The Tayo Movie: Mission Ace,2016,Animation,4.6,Movie,47,44
Jerry Before Seinfeld,2017,Comedy,7,TV Special,62,5413
Johan Falk: Tyst diplomati,2015,Thriller,6.4,Video,94,1674
The Unguarded Moment,1956,Noir,6.4,Movie,95,369
Kommissarie Späck,2010,Comedy,4.7,Movie,82,1711
Manhattan Romance,2014,Romance,5.6,Movie,94,1315
Comedians of the World,2019,Comedy,6.4,Movie,30,424
Mokalik (Mechanic),2019,Comedy,6.3,Movie,100,130
The Figurine,2009,Thriller,4.5,Movie,120,205
Adios Amigos,2016,Drama,6.6,Movie,91,547
"Lorena, La de pies ligeros",2019,Documentary,7,Movie,28,637
Untitled Sister Comedy Netflix Project,2018,Comedy,7.1,Movie,69,789
OCTB,2017,Crime,7.2,Movie,24,161
A Weekend with the Family,2016,Comedy,4.9,Movie,82,363
"Yo, Potro",2018,Sports,6.3,Movie,50,462
De Familie Claus,2020,Fantasy,5.8,Movie,96,720
Lego House: Home of the Brick,2018,Documentary,6.5,Movie,47,479
Our Planet: Behind the Scenes,2019,Documentary,8.4,Movie,63,1439
Jack Whitehall: At Large,2017,Comedy,6.9,TV Special,67,1898
22nd Annual Mark Twain Prize for American Humor celebrating: Dave Chappelle,2020,Comedy,7.5,TV Special,90,1715
Follow Me,2018,Documentary,5.1,Movie,80,250
Live at the Foxes Den,2013,Drama,5,Movie,103,141
O21,2014,Thriller,7.8,Movie,124,3093
Jimmy Carr: The Best of Ultimate Gold Greatest Hits,2019,Comedy,7.3,TV Special,58,1753
Afblijven,2006,Family,5.3,Movie,100,2132
Freedom,2021,Drama,7.1,Movie,69,789
Making the Witcher,2020,Documentary,6.8,Movie,32,282
Living Will...,2010,Comedy,4.5,Movie,102,595
Enter the Anime,2019,Documentary,2.5,Movie,58,1540
The Craving,2022,Thriller,7.1,Movie,69,789
"Ron White: If You Quit Listening, I'll Shut Up",2018,Comedy,6.5,TV Special,63,766
Troll,2022,Action,7.1,Movie,69,789
Comedy Premium League,2021,Comedy,7.1,Movie,69,789
Si Doel the Movie,2018,Romance,7.2,Movie,85,398
Kingdom of Us,2017,Documentary,7.1,Movie,109,828
Rooting for Roona,2020,Documentary,7.1,Movie,40,338
Recursion,2018,Unknown,7.1,Movie,69,789
Spirit Riding Free: Pony Tales,2017,Animation,6.7,Movie,69,61
Jim Jefferies: BARE,2014,Comedy,8.1,TV Special,77,5128
Crossfire Hurricane,2012,Documentary,7.4,Movie,111,2420
Meet the Adebanjos,2012,Comedy,7.6,Movie,69,61
Yu Yu Hakusho,2018,Action,7.1,Movie,69,789
Horror Story,2013,Horror,4.2,Movie,91,1774
Luck,2009,Action,4.9,Movie,141,2558
Sons of the Caliphate,2018,Drama,7.3,Movie,69,27
Jo Koy: Comin' in Hot,2019,Comedy,7.3,TV Special,60,839
The Celebrity Plastic Surgeons of Beverly Hills,2016,Reality-TV,5,Movie,20,60
"Big Dreams, Small Spaces",2014,Reality-TV,8.1,Movie,69,309
The Culture High,2014,Documentary,8.2,Movie,120,3633
Green is Gold,2016,Crime,6,Movie,81,945
Goli Soda 2,2018,Action,7.2,Movie,128,762
McCullin,2012,Documentary,8.2,Movie,91,2206
Johan Falk: National Target,2009,Thriller,6.6,Video,95,2420
Phuean Hian.. Rongrian Lon,2014,Horror,6.9,Movie,69,249
Untitled GameStop-stock market Film,2018,Drama,7.1,Movie,69,789
Leslie Jones: Time Machine,2020,Comedy,5.2,TV Special,66,801
Santo,2018,Thriller,7.1,Movie,69,789
Coach Snoop,2016,Documentary,6.8,Movie,30,553
Brown Nation,2016,Comedy,7,Movie,21,648
Aliens: Zone of Silence,2017,Horror,3.5,Movie,79,523
"Norm Macdonald: Hitler's Dog, Gossip & Trickery",2017,Documentary,7.3,TV Special,60,2301
Tikli and Laxmi Bomb,2017,Drama,7.9,Movie,151,3497
Netflix Acquires Seth Rogen,2018,Comedy,4.6,Movie,6,134
Mama K's Team 4,2022,Animation,7.1,Movie,69,789
Judge vs. Judge,2017,Romance,7.2,Movie,35,96
Trailer Park Boys: Live in F**kin' Dublin,2014,Comedy,6,Movie,81,1472
The Final Year,2017,Documentary,6.4,Movie,89,3191
Dorei-ku The Animation,2018,Animation,5.9,Movie,24,92
Old Man's War,2018,War,7.1,Movie,69,789
W lesie dzis nie zasnie nikt 2,2018,Horror,7.1,Movie,69,789
Larry Charles' Dangerous World of Comedy,2019,Documentary,7.3,Movie,60,545
Marita,2017,Drama,6.3,Movie,100,297
Chum thaang rot fai phii,2007,Horror,3.5,Movie,88,360
Tee Shot: Ariya Jutanugarn,2019,Biography,6.6,Movie,103,54
Natalie Palamides: Nate - A One Man Show,2020,Comedy,6.6,TV Special,59,318
Maradona en Sinaloa,2019,Documentary,7.2,Movie,69,1023
Sakura Taisen: The Animation,2020,Animation,6.4,Movie,69,44
Revolver Rani,2014,Comedy,4.5,Movie,132,1710
Jigeum Uri Hakgyoneun,2021,Horror,7.1,Movie,69,789
Los Herederos,2015,Drama,5.7,Movie,69,205
O Crush Perfeito,2020,Reality-TV,5.3,Movie,69,105
Captain Laserhawk: A Blood Dragon Remix,2018,Animation,7.1,Movie,69,789
Thar,2018,Thriller,7.1,Movie,69,789
Cannot Write,2021,Family,6.9,Movie,69,12
Nailed It! Mexico,2019,Reality-TV,6.1,Movie,69,276
Killswitch,2014,Documentary,7.8,Movie,72,614
Pandora's Promise,2013,Documentary,7.4,Movie,87,1858
Jim Jefferies: This Is Me Now,2018,Comedy,7.4,TV Special,70,3741
Dino Girl Gauko,2019,Animation,6.7,Movie,69,61
Voor elkaar gemaakt,2017,Romance,6.2,Movie,93,646
Masters,2012,Thriller,5.8,Movie,144,482
Kulipari: Dream Walker,2018,Animation,7.6,Movie,69,76
Gekijouban Pokketto monsutâ Besuto uisshu: Shinsoku no Genosekuto Myûtsû kakusei,2013,Animation,5.5,Movie,96,1233
Centauro,2022,Thriller,7.1,Movie,69,789
Lotería,2018,Adventure,7.1,Movie,69,789
La bestia,2022,Horror,7.1,Movie,69,789
Untitled Animated Adam Sandler Project,2018,Animation,7.1,Movie,69,789
Iceberg Slim: Portrait of a Pimp,2012,Documentary,6.8,Movie,89,669
Highway of Tears,2015,Documentary,7.2,Movie,79,114
Charlie and the Chocolate Factory,2018,Animation,7.1,Movie,69,789
Il principe abusivo,2013,Comedy,5.4,Movie,97,1619
Reversing Roe,2018,Documentary,7.5,Movie,99,1160
Monty Don's Italian Gardens,2011,Documentary,8.4,Movie,59,243
Up North,2018,Drama,5.6,Movie,99,130
10 000 timmar,2014,Comedy,4.4,Movie,94,953
Huisvrouwen bestaan niet,2017,Comedy,6.6,Movie,103,1052
DC Super Friends,2015,Animation,6.8,Movie,69,46
Q Ball,2019,Documentary,6.8,Movie,96,620
Jack Whitehall: Christmas with My Father,2019,Documentary,6,TV Special,64,747
Ainori: Asian Journey,2017,Reality-TV,6.9,Movie,69,243
Les 7 Vies de Léa,2022,Drama,7.1,Movie,69,789
Cold Harbour,2013,Thriller,5.3,Movie,73,190
Michael Che Matters,2016,Comedy,7.2,TV Special,61,2289
Kappen!,2016,Romance,5.2,Movie,100,1450
Fainaru fantajî XIV: Hikari no otousan,2017,Drama,7,Movie,24,535
Mujeres Arriba,2020,Comedy,3.8,Movie,100,427
Moms at War,2018,Comedy,6.1,Movie,90,51
Fisheye,2020,Drama,5.9,Movie,97,61
I'll Sleep When I'm Dead,2016,Documentary,6.6,Movie,79,1319
The Mars Generation,2017,Documentary,6.4,Movie,97,954
La Grande Chaumière Violette,2016,Drama,7.9,Movie,69,11
Deadly Runway,2018,Horror,4.7,Movie,90,160
Tom Papa: You're Doing Great!,2020,Comedy,7.2,TV Special,60,719
Borstal,2017,Drama,4.6,Movie,87,483
Ritoru wicchi akademia: Mahoujihikake no parêdo,2015,Animation,7.3,Movie,54,1571
André & His Olive Tree,2020,Documentary,6.8,Movie,104,159
Gwitsongmal,2017,Drama,7.2,Movie,69,165
The Circle: Brazil,2020,Reality-TV,6.8,Movie,69,677
Evicted,1999,Comedy,3.8,Movie,99,80
Tomb Raider,2018,Animation,7.1,Movie,69,789
Seth Meyers: Lobby Baby,2019,Comedy,7.5,TV Special,61,2275
Hiyama Kentarô no ninshin,2022,Romance,7.1,Movie,69,789
A Year in Space,2015,Documentary,7.4,Movie,56,415
Holiday Home Makeover with Mr. Christmas,2020,Reality-TV,5.7,Movie,69,247
A Trash Truck Christmas,2020,Animation,5.6,TV Special,28,159
ID-0,2017,Animation,6.1,Movie,24,287
J Revolusi,2017,Action,5,Movie,105,172
Rimba Racer,2017,Animation,8.2,Movie,22,67
Faroeste Caboclo,2013,Romance,6.6,Movie,108,2867
GP506,2008,Horror,5.9,Movie,121,1720
Sab Jholmaal Hai,2017,Animation,6.1,Movie,69,44
Joanna Lumley's Trans-Siberian Adventure,2015,Documentary,8,Movie,69,215
Kankerlijers,2014,Comedy,6.2,Movie,93,369
A Haunting at Silver Falls 2,2019,Horror,3.2,Movie,79,271
Baruca,2018,Action,7.1,Movie,69,789
Rigalhai,2019,Comedy,7.3,Movie,60,72
Gabriel Iglesias: I'm Sorry for What I Said When I Was Hungry,2016,Comedy,7.5,TV Special,87,2366
Isle of Dogs,2010,Thriller,3.5,Movie,90,534
Passione sinistra,2013,Comedy,5.2,Movie,90,507
Sarah Silverman: A Speck of Dust,2017,Comedy,6.8,TV Special,71,3465
Derren Brown: Miracle,2016,Documentary,6.6,TV Special,73,973
When Jews Were Funny,2013,Documentary,6,Movie,89,475
Piola,2019,Drama,6.4,Movie,102,277
The Last Kids on Earth: Happy Apocalypse to You,2021,Animation,7.2,Movie,27,27
Agent,2019,Drama,7.2,Movie,69,73
Machhli Jal Ki Rani Hai,2014,Horror,2.3,Movie,120,250
Dying God,2008,Horror,2.8,Movie,125,1027
Country Ever After,2020,Musical,6.5,Movie,69,141
Omangwa Pyungyeon,2014,Romance,7,Movie,69,174
Héroes. Silencio y Rock & Roll,2021,Documentary,7.5,Movie,94,535
Hurricane of Fun: The Making of Wet Hot,2015,Documentary,7,Movie,64,1475
Lokillo Florez: Nothing is the same,2021,Comedy,7.1,Movie,63,789
Raghdah Mutawahheshah,2018,Family,5.3,Movie,90,425
Ninja HattoriKun Returns,2013,Animation,8.3,Movie,30,76
Untitled Charlie Brooker/Netflix Project,2018,Comedy,7.1,Movie,69,789
Chapo: el escape del siglo,2016,Crime,3.2,Movie,86,319
Beni Çok Sev,2021,Drama,7.1,Movie,69,789
Fool Me Once,2018,Thriller,7.1,Movie,69,789
Sexy Central,2018,Drama,7.1,Movie,69,789
Taal is zeg maar echt mijn ding,2018,Romance,5.6,Movie,90,453
Moon Hotel Kabul,2018,Drama,6.5,Movie,100,157
Braqueurs,2018,Action,7.1,Movie,69,789
Christina P: Mother Inferior,2017,Comedy,6.3,TV Special,59,866
Paul Hollywood's Big Continental Road Trip,2017,Documentary,7.5,Movie,69,187
Dark Power,2013,Thriller,3.4,Movie,98,389
An Astrological Guide for Broken Hearts,2018,Romance,7.1,Movie,69,789
Recall,2017,Thriller,2.9,Movie,73,251
Karma's World,2018,Animation,7.1,Movie,11,789
Patton Oswalt: Talking for Clapping,2016,Documentary,6.8,TV Special,65,1887
Revenge of the Electric Car,2011,Documentary,7.2,Movie,90,1808
The Case Against 8,2014,Documentary,7.3,Movie,109,1055
Chris D'Elia: No Pain,2020,Comedy,5.9,TV Special,55,1666
7 Days Out,2018,Documentary,6.8,Movie,48,471
Mr. Harrigan's Phone,2018,Horror,7.1,Movie,69,789
I Love You from 38000 Feet,2016,Romance,5.9,Movie,102,142
Pearl,2018,Animation,7.1,Movie,69,789
Skull Island,2018,Animation,7.1,Movie,69,789
Jenny Slate: Stage Fright,2019,Reality-TV,5.9,TV Special,66,1163
Niyazi Gül Dörtnala,2015,Action,4.5,Movie,106,3023
Rák Màt-nàk,2020,Sports,6.7,Movie,45,21
Jeff Dunham's Very Special Christmas Special,2008,Comedy,7.5,TV Special,85,2916
"Notre-Dame, la Part du feu",2018,Drama,7.1,Movie,69,789
Gek van geluk,2017,Romance,5.4,Movie,106,341
Cricket Fever: Mumbai Indians,2019,Sports,7.3,Movie,40,646
Being Elmo: A Puppeteer's Journey,2011,Documentary,7.6,Movie,80,6897
Meet the Mormons,2014,Documentary,6.8,Movie,78,1973
Kevin James: Never Don't Give Up,2018,Comedy,6.1,TV Special,62,1366
My Fair Wedding,2008,Reality-TV,6.6,Movie,60,223
Antoine Griezmann: The Making of a Legend,2019,Documentary,6.5,Movie,60,1019
Katt Williams: Great America,2018,Comedy,6.1,TV Special,60,895
Living Undocumented,2019,Documentary,6.6,Movie,45,538
Anytown,2009,Thriller,4.8,Movie,85,367
VeggieTales in the City,2017,Animation,6,Movie,69,97
Rich Kids,2018,Drama,6,Movie,96,119
El club de los buenos infieles,2017,Comedy,5.6,Movie,90,608
School Police,2021,Drama,6.4,Movie,69,8
Talisman,2018,Fantasy,7.1,Movie,69,789
Dale Gas,2021,Thriller,7.1,Movie,69,789
Mees Kees,2012,Family,6.7,Movie,80,725
One in a Billion,2016,Documentary,6.7,Movie,69,511
Soekarno: Indonesia Merdeka,2013,Biography,7,Movie,137,452
Untitled Netflix/Chronicles of Narnia Series,2018,Fantasy,7.1,Movie,69,789
Pacific Heat,2016,Animation,5.8,Movie,22,1119
City of Joy,2016,Documentary,7.5,Movie,74,475
The G Word with Adam Conover,2018,Documentary,7.1,Movie,69,789
Bad Papa,2018,Family,7.4,Movie,35,101
Departe de tine,2017,Drama,5.5,Movie,93,108
A Yellow Bird,2016,Drama,5.5,Movie,112,203
Hallo Bungalow,2015,Comedy,4.9,Movie,91,289
Jago: A Life Underwater,2015,Documentary,7.5,Movie,48,1271
Memory Love,2017,Romance,7.8,Movie,69,56
Fifty,2017,Drama,8.3,Movie,69,32
Little Miss Sumo,2018,Documentary,6.6,Movie,19,409
Nada a Perder 2,2019,Biography,3.3,Movie,96,618
Neues vom Wixxer,2007,Mystery,6.2,Movie,98,4657
Chris Rock Total Blackout: The Tamborine Extended Cut,2021,Comedy,7.1,TV Special,98,133
Pompidou,2015,Comedy,4.1,Movie,69,791
Abla Fahita: Drama Queen,2021,Comedy,6.6,Movie,25,388
BreadCrumbs,2011,Horror,3.2,Movie,88,828
"Bloed, Zweet & Tranen",2015,Biography,7.1,Movie,111,1792
Patton Oswalt: I Love Everything,2020,Comedy,6.4,TV Special,66,1141
Misfit 2,2019,Comedy,4.8,Movie,81,124
Todo sobre el asado,2016,Documentary,6.6,Movie,85,504
Untitled Netflix/Kevin James Project,2018,Comedy,7.1,Movie,69,789
Home Stories,2020,Comedy,6.3,Movie,47,20
"I Do, I Do",2012,Comedy,6.7,Movie,69,171
Majutsushi Orphen Mubouhen,1998,Animation,7.3,Movie,25,242
Blue Kids,2017,Thriller,4.8,Movie,75,79
Oprah Winfrey Presents: When They See Us Now,2019,Talk-Show,7.7,TV Special,61,2253
Hôzuki no Reitetsu,2014,Animation,7.3,Movie,24,219
I Believe in A Thing Called Love,2018,Romance,7.1,Movie,69,789
Jo Koy: In His Elements,2020,Comedy,5.3,TV Special,55,415
Sugar Coated,2015,Documentary,7.5,Movie,90,827
Super Monsters: Once Upon a Rhyme,2021,Animation,5.5,TV Special,25,25
Feedback,2002,Thriller,4.9,Movie,88,264
Il filo invisibile,2018,Unknown,7.1,Movie,69,789
Short Fuse,2016,Thriller,5.9,Movie,86,521
Dear Mr. Watterson,2013,Documentary,6.4,Movie,89,1834
Salam - The First ****** Nobel Laureate,2018,Documentary,7.9,Movie,75,371
Storage Wars Canada,2013,Reality-TV,3.3,Movie,30,494
Pili Fantasy: War of Dragons,2019,Animation,6.4,Movie,69,29
Bookmarks: Celebrating Black Voices,2020,Family,4.9,Movie,69,143
Mike Epps: Don't Take It Personal,2015,Comedy,4.4,Movie,59,249
Spirit Riding Free: Spirit of Christmas,2019,Animation,5.8,TV Special,45,82
L'oro di Scampia,2014,Biography,6.9,Movie,102,73
Cooking on High,2018,Game-Show,4.9,Movie,14,454
An Act of War,2015,Thriller,5.2,Movie,99,1422
"Fat, Sick & Nearly Dead 2",2014,Documentary,6.4,Movie,88,1611
Alles voor elkaar,2017,Comedy,5.4,Movie,93,293
Jim Gaffigan: Cinco,2017,Comedy,7.1,TV Special,73,2185
Skew,2011,Horror,4.4,Movie,83,1954
Master of None: Season 1 Electronic Press Kit,2015,Comedy,7.6,Movie,69,85
Black Privilege,2019,Family,3.3,Movie,79,205
Vampire in the Garden,2021,Animation,7.1,Movie,69,789
"Especial de Natal: Se Beber, Não Ceie",2018,Comedy,6.3,Movie,44,2219
Breaking the Bee,2018,Documentary,6.9,Movie,82,675
Puppy,2005,Horror,6,Movie,95,276
Hell and Back Again,2011,Documentary,6.5,Movie,88,2236
Sugar High,2020,Reality-TV,7.3,TV Special,44,136
Shark,2015,Documentary,8.4,Movie,59,286
Creator's File: Gold,2021,Comedy,6.5,Movie,69,17
The Hurt Business,2016,Documentary,6.5,Movie,107,924
Seeing Allred,2018,Documentary,7,Movie,96,1147
Russell Brand from Addiction to Recovery,2012,Documentary,6.9,Movie,60,401
Vir Das: For India,2020,Comedy,7.8,TV Special,75,1046
Popoz,2015,Comedy,5.2,Movie,86,723
Legend Quest: Masters of Myth,2019,Animation,7.7,Movie,69,105
Sun Belt Express,2014,Family,6.2,Movie,91,373
Camino a Roma,2020,Documentary,7.7,Movie,72,578
Older Sister's Beloved,2020,Family,7.3,Movie,69,47
Last Will,2011,Thriller,4.5,Movie,101,418
Johan Falk: Operation Näktergal,2009,Thriller,5.9,Video,90,2036
What the Love! with Karan Johar,2020,Talk-Show,4.4,Movie,69,242
Fred Armisen: Standup For Drummers,2018,Comedy,5.8,TV Special,65,1210
Jeff Dunham: Unhinged in Hollywood,2015,Comedy,6.7,TV Special,71,660
Firebrand,2019,Drama,5.2,Movie,116,262
Hadi Insallah,2014,Comedy,5.4,Movie,96,4029
Rebelde,2022,Family,7.1,Movie,69,789
Follow This,2018,Documentary,4.9,Movie,69,678
My Wife and I Bought A Ranch...,2018,Horror,7.1,Movie,69,789
Bolbol Hayran,2010,Romance,6.4,Movie,110,2445
Russell Peters: Almost Famous,2016,Comedy,6.6,TV Special,73,1788
The Waiting Room,2012,Documentary,7.1,Movie,81,785
The Magic School Bus Rides Again: Kids in Space,2020,Animation,5.9,Movie,45,64
Jimmy: Ahomitaina honma no hanashi,2018,Comedy,6.8,Movie,69,64
Don't Watch This,2018,Horror,3.2,Movie,69,1542
A Little Help with Carol Burnett,2018,Talk-Show,6.2,Movie,23,224
"Ray Romano: Right Here, Around the Corner",2019,Documentary,7.2,TV Special,58,1548
Marc Maron: Too Real,2017,Comedy,7.2,TV Special,70,1782
Loving Adults,2022,Thriller,7.1,Movie,69,789
Iron Ladies,2018,Romance,5.9,Movie,75,48
Squadra antitruffa,1977,Comedy,6.4,Movie,95,345
Shawn Mendes: Live in Concert,2020,Musical,7.4,Movie,88,232
Hajwala,2016,Action,2.1,Movie,96,222
The Ogun,2018,Action,7.1,Movie,69,789
Rodney King,2017,Comedy,5.8,TV Special,52,552
Untitled Netflix/Chronicles of Narnia TV Movie,2018,Fantasy,7.1,Movie,69,789
Squadra antigangsters,1979,Comedy,5.5,Movie,90,239
Tie tan,2019,Crime,7.2,Movie,69,49
The Break with Michelle Wolf,2018,Comedy,5.3,Movie,25,1830
River of Darkness,2011,Horror,2.1,Movie,105,876
Shine On with Reese,2018,Documentary,7.7,Movie,30,258
The App That Stole Christmas,2020,Comedy,3.6,Movie,63,323
Agent King,2018,Animation,7.1,Movie,69,789
Reborn,2018,Action,7.1,Movie,69,789
Michelle Wolf: Joke Show,2019,Comedy,7.2,TV Special,59,1392
Katherine Ryan: In Trouble,2017,Comedy,7,TV Special,63,2008
Barami Boonda,2019,Drama,7.7,Movie,69,33
Otto er et næsehorn,2013,Animation,5.1,Movie,76,297
Trailer Park Boys: Live at the North Pole,2014,Comedy,6.3,Movie,88,1027
Lalbaug Parel: Zali Mumbai Sonyachi,2010,Action,7.3,Movie,146,304
Khair wa Barakah,2017,Comedy,3.9,Movie,104,150
Takki,2012,Drama,7.2,Movie,69,102
Silent,2014,Animation,6.3,Movie,3,451
Feo pero Sabroso,2019,Comedy,4.2,Movie,90,154
Let It Fall: Los Angeles 1982-1992,2017,Documentary,7.8,Movie,144,726
United Nation Three Decades of Drum & Bass,2020,Documentary,8,Movie,92,989
The Girls on the Bus,2018,Comedy,7.1,Movie,69,789
Jo Koy: Live from Seattle,2017,Comedy,7.2,TV Special,62,1218
Hong quan yu yong chun,1974,Action,6.9,Movie,106,382
Trese After Dark,2021,Documentary,6.2,Movie,35,9
III,2015,Horror,4.8,Movie,80,1750
Hondros,2017,Documentary,7.6,Movie,90,408
Loudon Wainwright III: Surviving Twin,2018,Documentary,7.1,Movie,91,89
The Howling,2018,Horror,7.1,Movie,69,789
Joshua: Teenager vs. Superpower,2017,Documentary,7.1,Movie,79,1379
Cops and Robbers,2020,Animation,6.9,Movie,6,549
ETXR,2014,Sci-Fi,4.1,Movie,80,199
Captain Fall,2018,Animation,7.1,Movie,69,789
Singel 39,2019,Romance,6.1,Movie,90,827
Dance Dreams: Hot Chocolate Nutcracker,2020,Documentary,7.1,Movie,80,277
Tai hong,2010,Horror,4.4,Movie,100,335
My Friend Rockefeller,2015,Documentary,6.2,Movie,86,677
Cirque du Soleil: Luna Petunia,2016,Animation,6.3,Movie,22,53
Astérix,2018,Animation,7.1,Movie,69,789
Winx Club: Il mistero degli abissi,2014,Animation,5.9,Movie,83,682
Marching Orders,2017,Documentary,6,Movie,69,244
Standup and Away! with Brian Regan,2018,Comedy,5.8,Movie,24,370
Ya-soo,2006,Crime,6.3,Movie,124,794
Dark Chocolate,2016,Thriller,4.2,Movie,92,224
Vilas: Serás lo que debas ser o no serás nada,2020,Documentary,7.2,Movie,94,589
À tombeau ouvert,2018,Thriller,7.1,Movie,69,789
Untitled Joe Exotic Project,2018,Unknown,7.1,Movie,69,789
Kin,2021,Drama,7.1,Movie,69,789
Gekijouban Shimajirou no wao!: Shimajirou to kujira no uta,2014,Animation,7.5,Movie,69,12
Dorothy and Alice,2018,Fantasy,7.1,Movie,69,789
Legal V ~ Moto Bengoshi Takanashi Shôko,2018,Drama,5.8,Movie,69,109
Shoe Dog,2018,Biography,7.1,Movie,69,789
Russell Peters: Notorious,2013,Comedy,7.1,TV Special,71,1610
Night on Earth: Shot in the Dark,2020,Documentary,7.9,Movie,59,179
Fortune Feimster: Sweet & Salty,2020,Comedy,6.9,TV Special,61,791
I'm Home,2015,Drama,6.3,Movie,54,407
Buddi,2020,Animation,7,Movie,69,48
Dressing Funny,2019,Comedy,7,Movie,69,33
Resurface,2017,Documentary,7,Movie,26,408
Prague,2013,Horror,5.6,Movie,109,359
Le nozze di Laura,2015,Drama,6.1,Movie,92,57
Identical,2011,Thriller,3.5,Movie,80,321
Wanda Sykes: Not Normal,2019,Comedy,7.2,TV Special,60,1650
Uprising,2018,Thriller,7.1,Movie,69,789
Geez & Ann,2021,Romance,5.1,Movie,105,211
Cellmates,2011,Comedy,5.6,Movie,85,581
Blood Brother,2013,Documentary,8.3,Movie,92,1618
Colin Quinn: Red State Blue State,2019,Comedy,7.6,Movie,69,632
71st Golden Globe Awards,2014,News,7.2,TV Special,69,888
Perú: tesoro escondido,2017,Documentary,6.1,Movie,76,468
My Heroes Were Cowboys,2021,Documentary,7.1,Movie,69,789
The CEO,2016,Mystery,5.8,Movie,105,109
Super Giant Robot Brothers,2022,Animation,7.1,Movie,69,789
Phil Wang: Philly Philly Wang Wang,2021,Comedy,7.1,TV Special,63,789
Bikya,2018,Comedy,4.5,Movie,95,105
Joe Rogan: Live,2006,Documentary,7.3,Video,58,1206
The Negotiators,2019,Crime,7.1,Movie,69,789
Shuddhi,2017,Thriller,7.9,Movie,114,376
"Rob Schneider: Asian Momma, Mexican Kids",2020,Comedy,5.5,TV Special,44,654
Ultraman,2018,Animation,7.1,Movie,69,789
Move,2020,Documentary,7.6,Movie,69,91
Kathleen Madigan: Bothering Jesus,2016,Comedy,7,Video,72,499
Kaattu,2017,Drama,7,Movie,163,207
De Reünie,2015,Mystery,5.6,Movie,99,570
Supermodel,2015,Drama,4.3,Movie,97,93
10 Days in Sun City,2017,Romance,5.1,Movie,87,58
Milea: Suara dari Dilan,2020,Romance,6.3,Movie,102,443
Kazoops!,2016,Animation,7.2,Movie,7,111
Space Racers,2014,Animation,7.3,Movie,22,74
Ugly Duckling Series: Perfect Match,2015,Romance,7.3,Movie,50,39
Welcome to Buteaupia,2020,Comedy,7.1,TV Special,58,440
21 Days Under the Sky,2016,Documentary,6.7,Movie,70,252
Stai lontana da me,2013,Comedy,5.8,Movie,100,708
Tell No One,2018,Thriller,7.1,Movie,69,789
Epilogue: The Punchline,2019,Comedy,7.6,Video,23,37
Dragons: Rescue Riders: Huttsgalor Holiday,2020,Animation,5.8,TV Special,46,91
Bulbul Tarang,2022,Romance,7.1,Movie,69,789
Invoked,2015,Horror,3.5,Movie,85,665
Russell Howard: Recalibrate,2017,Comedy,7.4,TV Special,69,1375
Demetri Martin: The Overthinker,2018,Comedy,7.2,TV Special,56,1553
"The Rolling Stones Olé, Olé, Olé!: A Trip Across Latin America",2016,Documentary,7.5,Movie,105,1257
Ulvenatten,2008,Thriller,5.6,Movie,90,582
Akhir Kisah Cinta Si Doel,2020,Romance,6.7,Movie,93,119
James,2005,Romance,3.6,Movie,69,340
Miss Me This Christmas,2017,Romance,4.5,Movie,87,478
Whitney Cummings: Money Shot,2010,Documentary,6.2,TV Special,48,850
Hur många kramar finns det i världen?,2013,Comedy,4.8,Movie,95,505
The Irishman: In Conversation,2019,Documentary,7.4,Movie,23,1728
Horrid Henry's Gross Day Out,2020,Animation,6.2,Movie,61,40
Estocolmo,2016,Crime,5.8,Movie,60,328
Westside,2018,Musical,6.2,Movie,50,157
Fallen,2017,Documentary,8.2,Movie,75,100
Carlos Ballarta: Furia ñera,2018,Comedy,7.2,TV Special,69,177
The Overstory,2018,Drama,7.1,Movie,69,789
Bangkok Love Stories: Plead,2019,Drama,7.1,Movie,69,43
Towies,2016,Reality-TV,7.1,Movie,30,789
Hannibal Buress: Comedy Camisado,2016,Comedy,6.6,TV Special,83,1424
Alan Saldaña: Locked Up,2021,Comedy,4.1,TV Special,49,24
Kyra Kyralina,2014,Drama,5.9,Movie,99,115
GMO OMG,2013,Documentary,6.4,Movie,90,1445
Happy Jail,2019,Documentary,7,Movie,69,237
Mighty Little Bheem,2019,Animation,6.7,Movie,6,214
Asktan Kaçilmaz,2014,Romance,6.2,Movie,100,46
Blood Cells,2014,Drama,7,Movie,86,84
Io sono Libero,2016,Drama,7.1,Movie,90,42
The 69th Primetime Emmy Awards,2017,News,5,TV Special,133,296
Barbra: The Music... The Mem'ries... The Magic!,2017,Musical,7.5,TV Special,110,416
Deon Cole: Cole Hearted,2019,Comedy,6.9,TV Special,69,780
El sendero de la anaconda,2019,Documentary,6.8,Movie,73,243
Sword Art Online,2018,Action,7.1,Movie,69,789
Figli del Destino,2019,Biography,6.7,Movie,92,64
Betoben baireoseu,2008,Romance,7.6,Movie,69,318
Embarazados,2016,Romance,5.5,Movie,100,1475
Bill Hicks: Revelations,1993,Documentary,8.6,TV Special,57,2983
Jim Gaffigan: Mr. Universe,2012,Documentary,7.8,Video,78,3322
Vine of the Soul: Encounters with Ayahuasca,2010,Documentary,6.5,Movie,52,387
Hatchimals: Adventures in Hatchtopia,2018,Animation,7.2,Movie,69,12
Blockbuster,2018,Comedy,5.5,Movie,85,446
KidPoker,2015,Documentary,6.8,Movie,89,723
Monty Don's French Gardens,2013,Documentary,7.9,Movie,59,186
Kitz,2018,Drama,7.1,Movie,69,789
Yaretakamo Iinkai,2018,Drama,6.8,Movie,69,78
Tiffany Haddish: Black Mitzvah,2019,Comedy,6.2,TV Special,55,849
Ursul,2011,Comedy,6.6,Movie,83,637
Léa & I,2019,Documentary,6.7,Movie,84,202
Tinder Swindler,2018,Documentary,7.1,Movie,69,789
Ai hui lai,2011,Romance,6.6,Movie,69,13
Lara and the Beat,2018,Musical,6.3,Movie,137,135
Blazing Transfer Students,2017,Action,6.6,Movie,69,110
Playing Hard,2018,Documentary,6.1,Movie,92,430
Karê no uta,2020,Comedy,6.3,Movie,24,15
Heebie Jeebies,2013,Horror,3.4,Movie,85,486
The Karma Killings,2016,Documentary,6.9,Movie,83,174
Jachebalgwang Opiseu,2017,Romance,7,Movie,65,187
Care Bears and Cousins,2015,Animation,6.8,Movie,132,69
"El Potro, lo mejor del amor",2018,Biography,5.2,Movie,122,696
Il diavolo e l'acquasanta,1983,Comedy,5.1,Movie,92,110
Spark: A Burning Man Story,2013,Documentary,6.2,Movie,90,562
Love is Blind: Brazil,2021,Reality-TV,7.1,Movie,69,789
Empress,2018,Action,7.1,Movie,69,789
Heaven's Wedding Gown,2004,Drama,6.2,Movie,47,21
Monty Python's Personal Best,2006,Comedy,7.9,Movie,69,412
Way Station,2018,Sci-Fi,7.1,Movie,69,789
Judd Apatow: The Return,2017,Comedy,6.2,TV Special,69,1265
Jeff Dunham: Relative Disaster,2017,Comedy,6.4,TV Special,70,1211
Watergate,2018,Crime,7.1,Movie,69,789
At the Dolphin Bay,2003,Romance,7.1,Movie,69,29
The Unlikely Girl,2012,Thriller,5.4,Movie,95,223
"Ashley Madison: Sex, Lies & Cyber Attacks",2016,Documentary,5.4,Movie,46,339
Chingo Bling: They Can't Deport Us All,2017,Documentary,6.5,TV Special,69,36
The King of the Streets,2012,Action,5,Movie,88,434
E-Team,2014,Documentary,7.1,Movie,88,828
A Year in Burgundy,2013,Documentary,6.9,Movie,91,537
Söderkåkar,1932,Comedy,5.3,Movie,87,59
Delitto a Porta Romana,1980,Comedy,6.3,Movie,92,300
"La casa de las flores, el Especial de TV",2020,Unknown,6,TV Special,69,12
Meridian,2016,Sci-Fi,4.6,Movie,12,178
The Comedians of Comedy,2005,Documentary,7.3,Movie,103,2558
Lake of Fire,2017,Musical,7.1,Movie,69,789
Sen Yasamaya Bak,2018,Drama,7.1,Movie,69,789
Yang guan dao,2018,Horror,3.2,Movie,25,55
Tiffany Haddish: She Ready! From the Hood to Hollywood,2017,Comedy,6.7,TV Special,65,468
Ellen DeGeneres: Relatable,2018,Comedy,6.5,TV Special,68,4482
The Love Section,2013,Romance,5.9,Movie,100,314
Aluna,2012,Documentary,7.7,Movie,89,150
Spirit Rangers,2018,Animation,7.1,Movie,69,789
Lego: City,2017,Animation,4.9,Movie,26,31
The Meaning of Monty Python,2013,Documentary,7.6,Video,60,309
The Sense8 Experience,2017,Short,8.9,Movie,4,736
Western,2015,Documentary,6,Movie,92,238
Monty Python's Best Bits (mostly),2014,Documentary,7.5,Movie,29,216
Madrasat El-Moshaghebeen,1973,Musical,6.3,Movie,252,323
Mystery Girl,2018,Mystery,7.1,Movie,69,789
Les étoiles vagabondes,2019,Documentary,7.1,Movie,86,316
Blasted,2022,Sci-Fi,7.1,Movie,69,789
Luo Bao Bei,2018,Animation,7.6,Movie,69,29
Urvi,2017,Thriller,6.9,Movie,151,242
Potato Potahto,2017,Comedy,4.3,Movie,115,183
Fearless,2016,Documentary,7.2,Movie,69,275
Bill Hicks: Relentless,1992,Documentary,8.6,Video,61,2425
Sustainable,2016,Documentary,7.3,Movie,92,554
Meda sau Partea nu prea fericita a lucrurilor,2017,Drama,6.5,Movie,82,322
Sleepless Society: Two Pillows & A Lost Soul,2020,Thriller,5.2,Movie,69,32
Aziz Ansari Live in Madison Square Garden,2015,Comedy,6.6,TV Special,58,3066
Cuckoo Song,2018,Horror,7.1,Movie,60,789
Cyborg 009 vs Devilman,2015,Animation,6.1,Movie,28,239
A Night for Dying Tigers,2010,Drama,5.1,Movie,90,408
Pashmina,2018,Animation,7.1,Movie,69,789
Mees Kees op de planken,2014,Family,6.4,Movie,73,303
This Is the Life,2008,Documentary,6.1,Movie,97,235
Untitled to All the Boys Spinoff,2018,Romance,7.1,Movie,30,789
The Good Road,2013,Drama,6.1,Movie,92,537
Lava Ka Dhaava,2021,Reality-TV,6.1,Movie,29,39
Mulligan,2018,Animation,7.1,Movie,69,789
Mike Birbiglia: Thank God for Jokes,2017,Comedy,7.5,TV Special,70,2336
Champs,2014,Documentary,7.3,Movie,85,1887
Ryan Hamilton: Happy Face,2017,Documentary,7.3,TV Special,56,849
A Garota Invisível,2021,Musical,4.6,Movie,83,45
Parrot Sketch Not Included: Twenty Years of Monty Python,1989,Comedy,8.1,TV Special,72,1457
Un fidanzato per mia moglie,2014,Romance,5.6,Movie,97,463
The Ollie & Moon Show,2017,Animation,8.3,Movie,11,59
Team Hot Wheels: The Skills to Thrill,2015,Animation,6.8,Movie,45,22
Time to Eat with Nadiya,2019,Reality-TV,7.4,Movie,29,389
My Hotter Half,2017,Reality-TV,4.1,Movie,69,212
Marlon Wayans: Woke-ish,2018,Documentary,6.5,TV Special,68,1312
Chasing Cameron,2016,Reality-TV,3.7,Movie,31,490
Huck,2018,Action,7.1,Movie,69,789
BORDER2 Shokuzai,2017,Drama,6.5,Movie,69,154
Sharkdog,2021,Animation,7.1,Movie,7,789
Fedeltà,2021,Romance,7.1,Movie,69,789
Andropoz,2018,Unknown,7.1,Movie,69,789
Untitled We Can Be Heroes Sequel,2018,Family,7.1,Movie,69,789
Sunrise,2014,Crime,6.3,Movie,85,279
Chi m'ha visto,2017,Comedy,5.7,Movie,105,314
Saiyuki Reload Blast,2017,Animation,7.6,Movie,23,85
Cristina,2016,Documentary,8,Movie,39,217
Freedom,2018,Unknown,7.1,Movie,69,789
The Crystal Calls - Making the Dark Crystal: Age of Resistance,2019,Documentary,7.6,Movie,82,493
Border: Keishichô Sôsa Ikka Satsujinhan Sôsa Dai 4-gakkari,2014,Drama,6.7,Movie,54,315
Mio fratello mia sorella,2018,Comedy,7.1,Movie,69,789
The Chefs Line,2017,Reality-TV,7,Movie,69,198
Super Zach,2018,Animation,7.6,Movie,69,9
"Dana Carvey: Straight White Male, 60",2016,Comedy,6.4,TV Special,64,1429
ReMastered: Massacre at the Stadium,2019,Documentary,7.3,Movie,64,677
Red Carpet,2014,Romance,6.1,Movie,117,194
Social Syndrome,2018,Drama,7.8,Movie,60,35
Patton Oswalt: Annihilation,2017,Comedy,7.2,TV Special,66,2231
13 Minutes,2018,Thriller,7.1,Movie,69,789
42 días en la oscuridad,2018,Crime,7.1,Movie,69,789
David Cross: Making America Great Again,2016,Comedy,6.5,TV Special,74,1573
The Search for General Tso,2014,Documentary,6.9,Movie,71,1726
Bill Cosby: Far from Finished,2013,Documentary,6.8,TV Special,95,464
The Art Star and the Sudanese Twins,2008,Documentary,7.1,Movie,109,82
Assassinio sul Tevere,1979,Comedy,6.3,Movie,96,259
Felipe Esparza: Bad Decisions,2020,Comedy,5.1,Movie,69,142
Bottersnikes & Gumbles,2015,Animation,5.2,Movie,11,43
Franco Escamilla: Por la anécdota,2018,Comedy,7,TV Special,66,270
Adam Devine: Best Time of Our Lives,2019,Comedy,5.8,TV Special,58,881
Harry & Bunnie,2016,Animation,4,Movie,21,35
Rumble,2017,Action,3.7,Movie,69,274
I'm with the Band: Nasty Cherry,2019,Documentary,6.6,Movie,69,148
Russell Brand: Re:Birth,2018,Comedy,6.6,TV Special,63,1115
Project Mc2 New Years Eve Countdown 2016,2016,Family,8.4,Movie,69,22
You Will Love Me,2013,Horror,2.5,Movie,102,674
Whindersson Nunes: Adulto,2019,Comedy,6.9,TV Special,68,274
The Claus Family 2,2018,Fantasy,7.1,Movie,69,789
Nor chor,2002,Action,5.5,Movie,90,82
Battle: Freestyle,2021,Musical,7.1,Movie,69,789
Issaq,2013,Romance,4.5,Movie,148,449
Jeff Dunham: Minding the Monsters,2012,Comedy,7.1,TV Special,80,1350
Satria Heroes: Revenge of the Darkness,2017,Action,4,Movie,92,56
Xi Feng Lie,2010,Action,5.1,Movie,114,374
Moh Maya Money,2016,Thriller,5.6,Movie,108,419
On est ensemble,2020,Documentary,4.5,Movie,86,79
Styling Hollywood,2019,Reality-TV,6.7,Movie,69,321
GIMS: On the Record,2020,Documentary,6.8,Movie,96,175
Dos Cataluñas,2018,Documentary,6.4,Movie,116,648
Rise of the Zombie,2013,Horror,3.4,Movie,86,423
Joe Cocker: Mad Dog with Soul,2017,Documentary,7.2,Movie,90,772
On Her Own Ground,2018,Drama,7.1,Movie,69,789
Walking on Water,2002,Drama,6.5,Movie,90,460
Sins Expiation,2012,Thriller,2.4,Movie,84,296
Hakyu Hoshin Engi,2018,Animation,5.9,Movie,23,31
The Judgement,2018,Crime,7.1,Movie,47,85
The Garden,2008,Documentary,7.3,Movie,80,716
Hiacynt,2021,Crime,7.1,Movie,106,789
"Ayotzinapa, El paso de la Tortuga",2018,Documentary,7.5,Movie,80,186
Bubbles,2018,Animation,7.1,Movie,69,789
It Takes a Lunatic,2019,Documentary,6.5,Movie,120,157
Morir para contar,2018,Documentary,6.8,Movie,87,312
Home: For the Holidays,2017,Animation,4.8,Movie,45,133
Simon Amstell: Set Free,2019,Comedy,6.4,TV Special,51,705
Anitta: Made in Honório,2020,Documentary,7,Movie,69,351
Khoon Khoon,1973,Thriller,5.2,Movie,69,35
Enlighten Us,2016,Documentary,6.2,Movie,93,578
Baggage,2008,Drama,4.8,Movie,110,373
A Time Lost,2018,Unknown,7.1,Movie,69,789
Color Me Barbra,1966,Musical,8.1,TV Special,60,267
Know Your Enemy - Japan,1945,Documentary,6,Movie,63,764
Puzzle,2013,Romance,6.2,Movie,93,112
Vir Das: Abroad Understanding,2017,Comedy,6.9,TV Special,65,1609
Boons and Curses,2018,Animation,7.1,Movie,69,789
Sea People,1999,Fantasy,5.9,Movie,95,438
J-Style Trip,2020,Reality-TV,5.4,Movie,69,97
Jeremy Scott: The People's Designer,2015,Documentary,6.5,Movie,110,395
Fashion Chicks,2015,Romance,5.1,Movie,90,342
Rezeta,2012,Romance,5.7,Movie,85,508
ReMastered: Who Killed Jam Master Jay?,2018,Documentary,6.6,Movie,58,671
Jal,2013,Drama,6.7,Movie,126,464
Mo Gilligan: Momentum,2019,Comedy,6.3,TV Special,64,354
Brave Miss World,2013,Documentary,7.1,Movie,88,546
Uysallar,2021,Unknown,7.1,Movie,69,789
Blue Gold: American Jeans,2014,Documentary,6.9,Movie,99,124
Stunt Science,2018,Reality-TV,5,Movie,69,43
Emergency Interrogation Room,2019,Drama,6.9,Movie,69,17
Burning Daylight,2010,Crime,5.4,Movie,102,233
Judah Friedlander: America is the Greatest Country in the United States,2017,Comedy,7.8,TV Special,84,1301
Hometown,2018,Comedy,7.1,Movie,69,789
Pokémon: Happy Birthday to You!,2017,Animation,5.4,TV Special,1,21
Kôkyô shihen Eureka sebun Hai-eboryûshon 1,2017,Animation,6,Movie,93,80
Zephyr Springs,2013,Thriller,4.2,Movie,88,413
Tutto il giorno davanti,2020,Biography,6.3,Movie,120,63
The Twits,2018,Animation,7.1,Movie,69,789
Hong Kong West Side Stories,2019,Comedy,7.3,Movie,69,82
Toen was geluk heel gewoon,2014,Comedy,5.7,Movie,87,386
Defcon 2012,2010,Sci-Fi,1.8,Movie,92,377
All in My Family,2019,Documentary,6.8,Movie,39,588
Tom Papa: Live in New York City,2011,Comedy,7.2,TV Special,41,450
U-Prince: The Foxy Pilot,2016,Romance,7.8,Movie,69,33
Dummie de Mummie,2014,Family,6,Movie,77,263
Aziz Ansari: Buried Alive,2013,Comedy,7.3,TV Special,80,3775
George Lopez: We'll Do It for Half,2020,Comedy,5.6,TV Special,51,398
"Yours Sincerely, Kanan Gill",2020,Comedy,7.3,TV Special,72,828
Mochileros,2018,Romance,7.1,Movie,69,789
The Silence,2015,Drama,7.3,Movie,91,298
Untitled Secret Service,2018,Comedy,7.1,Movie,69,789
Brian Regan: Nunchucks and Flamethrowers,2017,Documentary,6.3,TV Special,61,632
Mike Epps: Only One Mike,2019,Comedy,4.8,TV Special,63,266
Zavera,2019,Drama,4.5,Movie,96,90
True: Rainbow Rescue,2020,Animation,6.1,TV Special,23,17
Chimamire sukeban chênsô,2016,Horror,4.5,Movie,76,197
Sam Kinison: Breaking the Rules,1987,Documentary,7.3,TV Special,50,613
Gore Vidal: The United States of Amnesia,2013,Documentary,7.7,Movie,83,1243
Ghesh Al Zawgeyya,2012,Romance,4.7,Movie,109,256
Bone,2018,Animation,7.1,Movie,69,789
Oriented,2015,Documentary,6.6,Movie,86,516
Hank: 5 Years from the Brink,2013,Documentary,6.6,Movie,85,489
"Maxed Out: Hard Times, Easy Credit and the Era of Predatory Lenders",2006,Documentary,7.2,Movie,90,2181
Team Hot Wheels: Build the Epic Race,2015,Animation,6.3,Movie,45,32
Los Tigres del Norte at Folsom Prison,2019,Documentary,7,TV Special,64,157
Untitled Andy Warhol Netflix Documentary Project,2018,Unknown,7.1,Movie,69,789
Mitt,2014,Documentary,6.9,Movie,94,2533
Bottled Life: Nestle's Business with Water,2012,Documentary,6.8,Movie,90,816
Holland: Natuur in de Delta,2015,Documentary,6.9,Movie,96,379
"L'amore, il sole e l'altre stelle",2019,Comedy,5.9,Movie,101,77
Boca Juniors Confidencial,2018,Documentary,6.3,Movie,45,317
Treehouse Detectives,2018,Animation,7.1,Movie,69,54
On the Real,2016,Comedy,8.3,Movie,69,23
A Million Colours,2011,Drama,6.6,Movie,115,267
Mr. Angel,2013,Documentary,6.6,Movie,68,298
Westbrick Murders,2010,Thriller,2.5,Movie,90,365
Swearnet Live,2014,Comedy,4.6,Movie,75,493
Student Driver,2018,Comedy,7.1,Movie,69,789
The Wreck,2019,Drama,5.1,Movie,80,38
Resistance,2015,Documentary,7.1,Movie,72,315
O Amor no Divã,2016,Comedy,5.6,Movie,88,302
My MVP Valentine,2002,Drama,6.6,Movie,46,22
Monster Math Squad,2012,Animation,5.8,Movie,30,34
Homies,2015,Comedy,5.8,Movie,100,1036
Colin Quinn: The New York Story,2016,Comedy,6.8,TV Special,62,949
Pastor Shepherd,2010,Comedy,4.2,Movie,91,609
Doomsdays,2013,Drama,6.7,Movie,91,533
Last Sons of America,2018,Sci-Fi,7.1,Movie,69,789
My Husband Oh Jak-doo,2018,Romance,5.9,Movie,70,191
Out of the Ashes,2010,Documentary,7.2,Movie,86,189
Maria Bamford: Old Baby,2017,Documentary,6.1,TV Special,64,914
Dr Jason Leong: Hashtag Blessed,2020,Comedy,7,TV Special,69,113
Das Zeugenhaus,2014,Historical,6.9,Movie,105,239
The Beautiful Game,2012,Documentary,7.2,Movie,69,112
After Tiller,2013,Documentary,7.4,Movie,85,1046
Seoul Daejakjeon,2018,Crime,7.1,Movie,69,789
Jeff Garlin: Our Man in Chicago,2019,Comedy,5.9,TV Special,58,384
Thomas & Friends: Marvelous Machinery,2020,Animation,6,Movie,45,9
Derren Brown: The Great Art Robbery,2013,Documentary,7.6,Movie,70,456
The Negro Soldier,1944,Documentary,5.9,Movie,43,690
True: Terrific Tales,2020,Animation,5.5,Movie,69,16
Itô kun A to E,2017,Romance,6.4,Movie,69,220
Alien Contact: Outer Space,2017,Documentary,3.9,Video,63,421
The Most Interesting Person in the Room by Kenny Sebastian,2020,Comedy,6.1,TV Special,67,506
Exception,2018,Animation,7.1,Movie,69,789
Poeslief,2020,Documentary,5.8,Movie,60,81
Bad Samaritans,2013,Comedy,6.7,Movie,30,432
Dust Up,2012,Action,5,Movie,94,310
Totenfrau,2022,Thriller,7.1,Movie,69,789
Brad Paisley's Comedy Rodeo,2017,Comedy,5.7,TV Special,63,143
Jonas,2015,Thriller,5.4,Movie,90,216
Red Trees,2017,Documentary,6.4,Movie,87,136
Where the Road Runs Out,2014,Romance,5.6,Movie,91,116
Erkekler,2013,Comedy,4.8,Movie,122,563
Still Laugh-In: The Stars Celebrate,2019,Musical,5.2,TV Special,60,534
Chichipatos: ¡Qué chimba de Navidad!,2020,Comedy,3.3,Movie,82,108
TUNA Girl,2019,Comedy,5.8,Movie,89,121
Monty Python's Flying Circus: Live at Aspen,1998,Documentary,7.9,TV Special,58,1054
Chris D'Elia: Man on Fire,2017,Comedy,6.6,TV Special,65,1654
Crazy People,2018,Thriller,5,Movie,106,14
Soy Rada: Serendipity,2021,Comedy,5.8,TV Special,68,55
My Little Pony: Happy Birthday to You!,2017,Animation,7.1,TV Special,1,789
The Witch Boy,2018,Animation,7.1,Movie,69,789
Big Words,2013,Comedy,5.9,Movie,93,277
Wednesday,2018,Unknown,7.1,Movie,69,789
After Trek,2017,Talk-Show,4.9,Movie,48,252
Sam Jay: 3 in the Morning,2020,Comedy,6.5,TV Special,64,430
"Crazy, Lovely, Cool",2018,Romance,7.8,Movie,50,27
Roll with Me,2017,Documentary,8.3,Movie,90,82
The Whole Truth,2009,Comedy,3.2,Movie,99,114
Gad Elmaleh: American Dream,2018,Comedy,7.2,TV Special,57,942
Suriname,2018,Biography,7.1,Movie,69,789
Marc Maron: Thinky Pain,2013,Comedy,7.3,TV Special,95,1798
Mighty Express: A Mighty Christmas,2020,Animation,5,TV Special,25,36
Los Inocentes,2015,Horror,5.2,Movie,98,454
Wanderlust,2006,Documentary,6.6,Movie,84,122
Ainori Love Wagon: African Journey,2020,Reality-TV,7.1,Movie,69,79
Escape from Hat,2022,Animation,7.1,Movie,69,789
A Go! Go! Cory Carson Halloween,2020,Animation,6.1,TV Special,24,41
Bogdan Boner: Egzorcysta,2020,Comedy,7.5,Movie,12,45
Yabani Asli,2017,Family,5.4,Movie,95,326
Kicking It,2008,Documentary,7.3,Movie,98,366
Willy and the Guardians of the Lake,2018,Animation,6.5,Movie,70,106
Live,2015,Thriller,6.1,Movie,97,201
Chico Bon Bon and the Very Berry Holiday,2020,Animation,5.8,Movie,25,32
Niquelao!,2019,Reality-TV,5.5,Movie,69,84
The World Before Her,2012,Documentary,7.6,Movie,90,823
Untitled Bird Box Spanish Spinoff,2018,Horror,7.1,Movie,69,789
Roving Mars,2006,Documentary,7.3,Movie,40,1022
Making the Boys,2011,Documentary,7.3,Movie,90,579
Hoodrats 2: Hoodrat Warriors,2008,Action,4.1,Movie,92,108
Bangkok Breaking,2021,Crime,7.1,Movie,69,789
Colombia magia salvaje,2015,Documentary,8.2,Movie,94,1262
"Odio, de Dani Rovira",2021,Comedy,6.7,TV Special,82,371
Green Door,2019,Horror,6.3,Movie,69,117
Craig Ferguson: I'm Here to Help,2013,Documentary,7.2,TV Special,81,783
A Field Full of Secrets,2014,Documentary,5.7,Movie,122,200
Untitled Boeing 737 Max/Rory Kennedy Project,2021,Documentary,7.1,Movie,69,789
Gelo,2016,Drama,7,Movie,118,69
The Claudia Kishi Club,2020,Documentary,6.8,Movie,17,105
Kleo,2018,Thriller,7.1,Movie,69,789
Snelle: Zonder jas naar buiten,2021,Documentary,6.8,Movie,89,139
The Unsound,2018,Horror,7.1,Movie,69,789
A StoryBots Christmas,2017,Musical,6.1,Movie,24,141
Road to Yesterday,2015,Thriller,6.1,Movie,91,242
The Remix: Hip Hop X Fashion,2019,Documentary,7.1,Movie,67,79
Tuintje in mijn hart,2017,Romance,5.3,Movie,101,475
Web Junkie,2013,Documentary,6.4,Movie,74,614
Endless Night,2022,Fantasy,7.1,Movie,69,789
We Lost Our Human,2022,Animation,7.1,TV Special,69,789
Tim Minchin and the Heritage Orchestra,2011,Comedy,8.5,Video,153,332
Chris D'Elia: Incorrigible,2015,Comedy,6.5,TV Special,83,1487
Warrior,2018,Crime,7.8,Movie,69,22
Franco Escamilla: Bienvenido al Mundo,2019,Comedy,7.1,TV Special,54,184
Shout It Out Loud,2018,Unknown,7.1,Movie,69,789
Dealer,2014,Thriller,6.3,Movie,75,536
Unboxing Ibai,2020,Horror,4.7,Movie,69,32
Anjelah Johnson: Not Fancy,2015,Documentary,5.8,TV Special,90,633
ReMastered: The Lion's Share,2018,Documentary,6.9,Movie,84,508
Black Heart,2014,Drama,6.5,Movie,69,41
Magic for Humans by Mago Pop,2021,Reality-TV,6.4,Movie,69,59
Hide & Seek,2010,Horror,4.2,Movie,105,230
Shotgun Wedding,2013,Horror,5.1,Movie,92,262
Nasha Natasha,2020,Documentary,6.5,Movie,83,275
#HappyBirthdaySense8,2017,Short,8.9,Movie,15,828
Placebo,2014,Documentary,7.7,Movie,96,321
Genis Aile: Yapistir,2015,Comedy,4.8,Movie,96,1200
Ugly Duckling Series: Boy's Paradise,2015,Romance,7,Movie,60,16
"Trinity, The Nekad Traveler",2017,Romance,7.3,Movie,103,83
Indie Game: Life After,2016,Documentary,5.8,Movie,125,489
Crisis: Kôan Kidô Sôsatai Tokusô-han,2017,Action,6.3,Movie,54,214
Bill Hicks: Sane Man,1989,Documentary,8.4,Video,81,2242
Fun sau suet oi nei,2010,Romance,5.9,Movie,104,351
Espectro,2013,Horror,4.8,Movie,93,696
Craig Ferguson: Tickle Fight,2017,Comedy,6.6,TV Special,66,935
Garbage,2012,Comedy,5.2,Movie,88,578
Heart & Soul,2020,Drama,4.2,Movie,25,6
Cementerio General,2013,Horror,3.9,Movie,88,293
Rory Scovel Tries Stand-Up for the First Time,2017,Documentary,6.7,TV Special,66,773
Cristela Alonzo: Lower Classy,2017,Comedy,6.4,TV Special,66,805
Locombians,2021,Comedy,3.4,Movie,69,12
Professor Mack,2019,Romance,4.4,Movie,83,140
Sex: My British Job,2013,Documentary,6,Movie,63,406
Redd Zone,2018,Unknown,7.1,Movie,69,789
Kiko,2014,Animation,7.8,Movie,30,47
"Rita, la figlia americana",1965,Musical,4.8,Movie,101,90
Die Präsenz,2014,Horror,4,Movie,83,1437
Super Monsters Furever Friends,2019,Animation,5.5,Movie,58,61
Nailed It! Germany,2020,Reality-TV,5.8,Movie,69,89
Paranormal,2018,Horror,7.1,Movie,69,789
Luca tanzt leise,2016,Comedy,6.2,Movie,69,370
Pemburu di Manchester Biru,2020,Biography,5.9,Movie,90,36
The Island,2018,Thriller,5,Movie,94,34
A Faster Horse,2015,Documentary,6.7,Movie,90,656
Shopkins,2014,Animation,3.8,Movie,69,34
Pacíficum,2017,Documentary,6.5,Movie,74,112
YG Future Strategy Office,2018,Comedy,7,Movie,69,194
God Loves Uganda,2013,Documentary,7.4,Movie,83,1179
Auntie Claus,2018,Family,7.1,Movie,69,789
Making Unorthodox,2020,Documentary,6.7,Movie,21,157
After Maria,2019,Documentary,4.6,Movie,35,381
Conquest,2018,Unknown,7.1,Movie,69,789
Super Bheem,2017,Animation,4.7,Movie,69,18
Embedded,2004,Comedy,6.2,Video,97,214
The Improv: 50 Years Behind the Brick Wall,2013,Documentary,7,TV Special,60,278
The Sam Kinison Family Entertainment Hour,1991,Documentary,6.8,TV Special,50,250
M Cream,2014,Adventure,5.6,Movie,112,618
Maroon,2017,Thriller,5.1,Movie,94,296
Chadwick Boseman: Portrait of an Artist,2021,Documentary,6.5,Movie,21,119
The Lying Life of Adults,2022,Drama,7.1,Movie,69,789
Silenced,2014,Documentary,7.7,Movie,102,342
Art of Flight: The Series,2012,Documentary,8.8,Movie,69,189
Le serment des Hitler,2014,Documentary,6.1,Movie,56,189
Blackout,2018,Drama,7.1,Movie,69,789
True: Friendship Day,2020,Animation,6.9,Movie,23,16
Chasing Beauty,2013,Documentary,6.1,Movie,90,280
Amit Tandon: Family Tandoncies,2019,Comedy,7.1,TV Special,72,199
Larry the Cable Guy: Remain Seated,2020,Comedy,6.7,TV Special,67,219
Battle Kitty,2022,Animation,7.1,Movie,69,789
Baby Reindeer,2018,Biography,7.1,Movie,30,789
The Search for Life in Space,2016,Documentary,6.4,Movie,32,694
Gabru: Hip Hop Ke Shehzaade,2018,Musical,6.5,Movie,69,7
Untitled Netflix Family Comedy 2021,2021,Comedy,7.1,Movie,69,789
Ladies Up,2020,Comedy,4.3,Movie,69,205
Loyiso Gola: Unlearning,2021,Comedy,5.9,TV Special,60,163
Delirium,2014,Comedy,4.5,Movie,85,356
Bangkok Love Stories: Hey You,2018,Drama,5.9,Movie,69,11
The Mekong River with Sue Perkins,2014,Documentary,7.8,Movie,69,110
Rhys Nicholson: Live at the Athenaeum,2020,Comedy,7.7,TV Special,65,215
El Watar,2010,Crime,6,Movie,101,294
Ataúd Blanco: El Juego Diabólico,2016,Horror,4.1,Movie,75,781
The True Story of Alexander the Great,2005,Documentary,7.6,Video,150,102
Little Hope Was Arson,2013,Documentary,6.6,Movie,71,319
Ojo's in d' House,2013,Comedy,6.1,Movie,24,9
Laerte-se,2017,Documentary,6.9,Movie,100,659
The Reservoir Game,2017,Documentary,6,Movie,100,32
Escape from the Spirit World,2007,Short,8.8,TV Special,13,289
Bangkok Love Stories: Objects of Affection,2019,Drama,5.8,Movie,69,22
Hazel Brugger: Tropical,2020,Comedy,6.4,TV Special,58,378
This Perfect Day,2018,Sci-Fi,7.1,Movie,69,789
The Doll Master,2017,Horror,2.3,Movie,77,220
My Name Is Barbra,1965,Musical,8.4,TV Special,60,318
Sing On! Germany,2020,Game-Show,5.5,Movie,69,117
Viudas,2011,Comedy,6.3,Movie,100,535
Mo lun,2016,Horror,4.7,Movie,90,574
Untitled Solvan Naim Project,2018,Musical,7.1,Movie,69,789
Rookie agent rouge,2016,Historical,6.7,Movie,43,38
Guatemala: Corazón del Mundo Maya,2019,Documentary,6.6,Movie,67,180
The Hollywood Masters,2017,Documentary,7.3,Movie,69,75
Doug Stanhope: Beer Hall Putsch,2013,Documentary,7.6,TV Special,61,1071
Tim Allen: Men Are Pigs,1990,Documentary,6.2,TV Special,30,324
Restless Creature: Wendy Whelan,2016,Documentary,7.1,Movie,90,361
Stories of Strength and Hope: Preventing Youth Suicide,2018,Documentary,7.1,Movie,12,789
Demetri Martin: Live (At the Time),2015,Documentary,7.4,TV Special,61,2029
Danny Says,2015,Documentary,6.7,Movie,105,779
Vai Anitta,2018,Documentary,5.5,Movie,30,432
Sila-sila,2019,Drama,7.9,Movie,116,21
The Magic School Bus Rides Again: The Frizz Connection,2020,Animation,5,Movie,44,31
The Standoff,2018,Drama,7.1,Movie,69,789
Motel Makeover,2021,Reality-TV,7.1,Movie,69,789
Joe Mande's Award-Winning Comedy Special,2017,Documentary,6.1,TV Special,66,448
Zombie Dumb,2019,Animation,6,Movie,69,17
Wu Qingyuan,2006,Romance,6.2,Movie,104,533
Juego siniestro,2016,Horror,4.5,Movie,87,335
The Calling,2018,Reality-TV,8.1,Movie,30,11
Fukrey Boyzzz: Space Mein Fukrapanti,2020,Animation,7.3,Movie,74,7
Jihad: A Story of the Others,2015,Documentary,6.3,Movie,50,412
Fish in a Tree,2018,Family,7.1,Movie,69,789
American Jesus,2018,Action,7.1,Movie,69,789
The Fifth Risk,2018,Drama,7.1,Movie,69,789
Caste,2018,Drama,7.1,Movie,69,789
¡A cantar!,2020,Game-Show,6.2,Movie,69,118
Harvey,2018,Family,7.1,Movie,69,789
Takizawa Enbujo Zero,2020,Musical,7.1,Movie,139,789
The 21st Annual Screen Actors Guild Awards,2015,News,6.9,TV Special,69,66
Le Monde de demain,2018,Drama,7.1,Movie,69,789
Life of Ryan: Caretaker Manager,2014,Documentary,7.3,Movie,81,274
Watashi ni unmei no koi nante arienaitte omotteta,2016,Romance,6.2,Movie,108,160
Mo Amer: The Vagabond,2018,Documentary,7.4,TV Special,56,618
Mr. Peabody & Sherman: A Journey WABAC,2014,Documentary,7.7,Movie,69,106
Jen Kirkman: I'm Gonna Die Alone (And I Feel Fine),2015,Comedy,6.8,TV Special,78,1442
Patria,2019,Documentary,7.1,Movie,89,87
Behind the Curtain: Todrick Hall,2017,Documentary,6.8,Movie,100,298
Burt's Buzz,2013,Documentary,6.6,Movie,88,756
Kevin James: Sweat the Small Stuff,2001,Documentary,7.5,TV Special,60,1046
Ghost in the Machine,2018,Biography,7.1,Movie,69,789
Iyore,2015,Drama,7.2,Movie,140,20
Revelations,2016,Drama,7.3,Movie,118,144
A 3 Minute Hug,2019,Documentary,6.6,Movie,28,202
Mudbloods,2014,Documentary,6.7,Movie,89,256
Klockorna i Gamla sta'n,1946,Drama,5,Movie,112,81
La guerra contra las mujeres,2013,Documentary,7.2,Movie,62,62
Gamunui wigi: Gamunui yeonggwang 2,2005,Comedy,5.9,Movie,115,450
Snack World,2017,Animation,3.9,Movie,25,10
Lynne Koplitz: Hormonal Beast,2017,Comedy,6.2,TV Special,51,385
Secret Unrequited Love,2019,Romance,7.5,Movie,69,11
Daemonium: Underground Soldier,2015,Sci-Fi,4.1,Movie,120,679
A Tale of Two Kitchens,2019,Documentary,6.3,Movie,29,251
Hannibal Buress: Hannibal Takes Edinburgh,2016,Comedy,6.6,TV Special,80,648
Ripple,2018,Sci-Fi,7.1,Movie,69,789
Carlos Almaraz: Playing with Fire,2019,Documentary,7.4,Movie,82,47
Presos,2015,Drama,6.3,Movie,97,186
Apenstreken,2015,Family,5.8,Movie,87,131
Bella Donna's,2017,Comedy,5.9,Movie,95,403
I Am Not Your Perfect Mexican Daughter,2018,Drama,7.1,Movie,69,789
Meet the Voxels,2018,Unknown,7.1,Movie,69,789
Anthony Joshua: The Road to Klitschko,2017,Documentary,7.2,Movie,59,433
Kung Fu Elliot,2014,Documentary,6.5,Movie,81,335
Chronicles of a Champion Golfer,2016,Documentary,8.1,Movie,30,36
Nasce Uma Rainha,2020,Reality-TV,6.5,Movie,69,131
Reggie Watts: Spatial,2016,Musical,6.1,TV Special,61,480
A Tiger in the Dark: The Decadence Saga,2014,Sci-Fi,7.7,Video,128,50
Untitled Ayrton Senna Netflix Project,2022,Biography,7.1,Movie,69,789
Rodney Carrington: Here Comes the Truth,2017,Documentary,4.4,TV Special,66,146
Urzila Carlson: Overqualified Loser,2020,Comedy,6.2,TV Special,62,324
Notes from Dunblane: Lesson from a School Shooting,2018,Documentary,5.9,Movie,22,316
Uganda Be Kidding Me Live,2014,Comedy,5.8,Movie,71,1119
Vessel,2014,Documentary,7.6,Movie,90,220
Chiamatemi Francesco,2016,Biography,7.5,Movie,69,159
DeRay Davis: How to Act Black,2017,Comedy,6.2,TV Special,66,405
Kingdom Come,2018,Unknown,7.1,Movie,69,789
CT Fletcher: My Magnificent Obsession,2015,Documentary,7.6,Movie,101,578
Bloom,2018,Drama,7.1,Movie,69,789
Ao no ekusoshisuto: Kuro no iede,2011,Animation,7.1,Video,24,172
"Lusers, los amigos no se eligen",2015,Comedy,4.9,Movie,95,394
The Heart of a Woman,2017,Biography,7.1,Movie,30,789
Angel 'n' Devil,2014,Fantasy,4.9,Movie,50,33
Brent Morin: I'm Brent Morin,2015,Comedy,6.6,TV Special,67,640
"Wetten, dass war's..?",2019,Talk-Show,7.6,Movie,69,75
Untitled We are the Nobles Reboot,2018,Comedy,7.1,Movie,69,789
Nailed It! France,2019,Reality-TV,6.5,Movie,69,100
The Warmth of Other Suns,2018,Drama,7.1,Movie,69,789
Learning Time with Timmy,2018,Animation,6.6,Movie,69,14
Lucas Brothers: On Drugs,2017,Comedy,5.6,TV Special,50,806
Fat Man Little Boy,2013,Comedy,6.4,Video,85,82
Vir Das: Losing It,2018,Comedy,7.1,TV Special,67,1140
Dennis Nilsen's the History of A Drowning Boy Project,2018,Documentary,7.1,Movie,69,789
Barbie: Happy Birthday to You!,2017,Animation,4.1,TV Special,1,8
Tú no eres especial,2018,Fantasy,7.1,Movie,69,789
Jeff Foxworthy & Larry the Cable Guy: We've Been Thinking,2016,Comedy,5.7,TV Special,75,588
Untitled Castlevania Project,2018,Animation,7.1,Movie,69,789
The Hills Have Eyes for You,2018,Horror,7.1,Movie,69,789
Forks Over Knives Presents: The Engine 2 Kitchen Rescue,2011,Documentary,6.6,Movie,53,161
She Did That,2019,Documentary,6.6,Video,71,45
The Mosque Next Door,2017,Reality-TV,7.6,Movie,69,36
Gad Elmaleh: Part En Live,2017,Comedy,6.9,TV Special,57,364
Thiago Ventura: Pokas,2020,Comedy,6.7,TV Special,82,160
Todd Glass: Act Happy,2018,Comedy,5,TV Special,62,350
Los Tiempos de Pablo Escobar,2012,Documentary,6.8,Movie,46,268
Tim Minchin So F**king Rock,2008,Musical,8.1,Video,127,253
Un om la locul lui,2018,Drama,5.4,Movie,93,120
Alt Love Building,2014,Comedy,5.9,Movie,115,221
Mighty Little Bheem: Kite Festival,2021,Animation,8.5,Movie,69,12
Voltron 84,2017,Animation,8.2,Movie,69,58
My Own Man,2014,Documentary,6.4,Movie,82,410
Supercrooks,2018,Action,7.1,Movie,69,789
Go! Go! Cory Carson: The Chrissy,2020,Animation,6.7,Movie,42,39
Shelldon,2008,Animation,5.8,Movie,22,36
Guru Aur Bhole,2017,Animation,4.4,Movie,69,16
Mighty Little Bheem: Festival of Colors,2020,Animation,6.9,Movie,69,34
Untitled Spenser Confidential Sequel,2018,Comedy,7.1,Movie,69,789
"Mis Peores Amigos: Promedio Rojo, El Regreso",2013,Comedy,3.8,Movie,88,265
Arashi's Diary: Voyage,2019,Documentary,7.5,Movie,69,40
La limita de jos a cerului,2013,Drama,6.9,Movie,80,434
Sitara,2019,Drama,7.1,Movie,128,789
Mighty Little Bheem: Diwali,2019,Animation,7.5,Movie,69,34
Facing Darkness,2017,Documentary,7.3,Movie,93,88
Khan: No. 1 Crime Hunter,2018,Mystery,5.6,Movie,43,47
Fresh Cut Grass,2002,Unknown,7.6,Movie,101,54
Light in the Dark,2020,Thriller,6,Movie,105,25
A Week in Watts,2018,Documentary,6.3,Movie,91,187
Answer for Heaven,2019,Drama,5.9,Movie,69,9
Inst@famous,2018,Reality-TV,3.9,Movie,69,24
Leve Boerenliefde,2013,Romance,4.7,Movie,97,409
Den vita katten,1950,Mystery,6.4,Movie,93,66
Frankie Boyle: Hurt Like You've Never Been Loved,2016,Comedy,7.6,TV Special,87,582
Crap Shoot: The Documentary,2007,Documentary,3.8,Movie,97,189
Like Cotton Twines,2016,Drama,7.7,Movie,96,64
Cocomong,2008,Animation,4.3,Movie,69,8
Tum... Ho Na!,2005,Romance,4.9,Movie,69,40
Suryaganga,2019,Documentary,7.8,Movie,75,76
We Couldn't Become Adults,2022,Romance,7.1,Movie,69,789
Pit Sawat,2016,Historical,8.2,Movie,69,33
Holocaust Escape Tunnel,2017,Documentary,6.7,Movie,69,190
Hari Kondabolu: Warn Your Relatives,2018,Comedy,6.4,TV Special,67,780
Tiempo muerto,2016,Drama,6,Movie,103,183
Rádio Coisa Mais Linda,2020,Unknown,7.1,Movie,69,789
Felix Lobrecht: Hype,2020,Comedy,6,TV Special,59,200
Daniël Arends: Carte blanche,2016,Documentary,7.4,TV Special,82,185
Russell Brand: End the Drugs War,2014,Documentary,7.2,Movie,60,321
Word Party Songs,2020,Animation,3.2,Movie,69,14
Free Food for Millionaires,2018,Drama,7.1,Movie,69,789
Baires,2015,Thriller,4.2,Movie,82,197
Louder Than a Bomb,2010,Documentary,7.5,Movie,99,373
Growing Up Coy,2016,Documentary,5.7,Movie,83,373
The Honeymoon Stand-Up Special,2018,Comedy,6.9,Movie,31,484
Capital C,2014,Documentary,6.8,Movie,87,266
Birders,2019,Documentary,6.4,Movie,37,230
Onder het hart,2014,Comedy,6.1,Movie,99,303
Dear Nathan,2017,Romance,7.1,Movie,99,440
Tamiô,2015,Comedy,6.1,Movie,54,197
Nerdcore Rising,2008,Documentary,6.7,Movie,85,412
Ella Brennan: Commanding the Table,2016,Documentary,8.6,Movie,96,62
Filthy Gorgeous: The Bob Guccione Story,2013,Documentary,6.5,Movie,96,353
Oh Baby,2017,Comedy,5.6,Movie,96,173
Vidal Sassoon: The Movie,2010,Documentary,6.5,Movie,90,245
Untitled Charlize Theron/Netflix Project,2018,Sports,7.1,Movie,69,789
The Inexplicable Universe: Unsolved Mysteries,2012,Documentary,8.4,Movie,69,277
Never Stop Dreaming: The Life and Legacy of Shimon Peres,2018,Documentary,7.1,Movie,129,789
"Devil's Backbone, Texas",2015,Horror,4.1,Movie,80,581
Tokyo kaiki zake,2021,Horror,5,Movie,69,6
Running Mates,2011,Comedy,5.3,Movie,90,108
Ricardo Quevedo: Los Amargados Somos Mas,2019,Comedy,7.3,TV Special,58,90
Transformers: BotBots,2018,Animation,7.1,Movie,69,789
David A. Arnold Fat Ballerina,2020,Comedy,7.4,TV Special,60,59
Fight Church,2014,Documentary,6,Movie,84,116
Ralphie May: Unruly,2015,Comedy,4.8,Video,83,380
Heaven's Forest,2018,Animation,7.1,Movie,69,789
Super Monsters Monster Pets,2019,Animation,6.1,Movie,69,29
Dead of Winter,2018,Drama,7.1,Movie,69,789
Single Tokyo Man,2019,Drama,5.5,Movie,69,111
Untitled Nipsey Hussle Documentary,2018,Documentary,7.1,Movie,69,789
American Factory: A Conversation with the Obamas,2019,Documentary,5.2,Movie,10,261
Zum zum zum - La canzone che mi passa per la testa,1969,Musical,5.2,Movie,102,47
Moving Art: Flowers,2014,Documentary,8.4,Video,25,203
Men at Lunch,2012,Documentary,6.3,Movie,75,331
La legge del numero uno,2017,Drama,6.9,Movie,69,10
A Final Cut for Orson: 40 Years in the Making,2018,Documentary,7.2,Movie,38,218
Je parle toute seule,2016,Comedy,7.8,Movie,88,109
Wahid Saeiday,2014,Comedy,3.1,Movie,85,227
The Residence,2018,Drama,7.1,Movie,69,789
Jim Norton: Mouthful of Shame,2017,Comedy,6.8,TV Special,61,1263
Vir Das: Outside in - The Lockdown Special,2020,Comedy,6.9,TV Special,50,199
Uncoupled,2018,Thriller,7.1,Movie,69,789
Mexico Diseña,2016,Reality-TV,5.6,Movie,25,6
Pico & Sepulveda,2018,Drama,7.1,Movie,69,789
CoComelon Lane,2022,Animation,7.1,Movie,7,789
Queen of Carthage,2014,Thriller,5.6,Movie,92,222
The Chameleon,2018,Drama,7.1,Movie,69,789
Tunga,2018,Animation,7.1,Movie,69,789
Tony Hinchcliffe: One Shot,2016,Comedy,6,TV Special,57,163
Droppin' Cash: Los Angeles,2018,Reality-TV,3.5,Movie,69,110
Home for Christmas,2018,Drama,7.1,Movie,69,789
Kaptn Oskar,2013,Romance,5.2,Movie,78,250
Idol,2018,Drama,7.1,Movie,69,789
#Rucker50,2016,Documentary,5.2,Movie,56,105
"Alexis Viera, una historia de superación",2019,Documentary,7.2,Movie,68,42
The City of Brass,2018,Unknown,7.1,Movie,69,789
Popples,2015,Animation,6,Movie,69,52
Maz Jobrani: Immigrant,2017,Comedy,6.7,TV Special,112,772
Zac Efron: The Ultimate Idol,2009,Biography,5.4,Video,60,15
The Cactus,2018,Unknown,7.1,Movie,69,789
Ídolo,2018,Comedy,7.1,Movie,10,789
Nexus,2010,Thriller,6.7,Movie,81,81
Att döda ett barn,1953,Drama,7.4,Movie,9,200
Mortified Nation,2013,Documentary,7.3,Movie,84,991
Heart of Invictus,2022,Documentary,7.1,Movie,69,789
Sharkey the Bounty Hunter,2018,Action,7.1,Movie,69,789
Sameer,2017,Drama,5.4,Movie,129,224
Untitled Netflix/My Little Pony Series,2018,Animation,7.1,Movie,69,789
Untitled Queen Charlotte Project,2018,Romance,7.1,Movie,69,789
Valhalla,2013,Sports,7.2,Movie,64,212
Parchís: El documental,2019,Documentary,6.7,Movie,106,512
GameStop,2018,Documentary,7.1,Movie,69,789
Thermae Romae Novae,2018,Animation,7.1,Movie,69,789
Gary Gulman: It's About Time,2016,Comedy,7.3,TV Special,54,274
CCTV: Caught on Camera,2014,Reality-TV,7.1,Movie,43,789
Days of Disaster,2015,Documentary,7.1,Movie,69,789
Far Cry,2018,Animation,7.1,Movie,69,789
Fuller House Featurette,2016,Short,8.1,Video,69,19
Made in Bangkok,2015,Documentary,7.2,Movie,75,102
Ghee Happy,2018,Animation,7.1,Movie,69,789
A Go! Go! Cory Carson Christmas,2020,Animation,6.4,TV Special,21,37
Steps,2018,Animation,7.1,Movie,69,789
Chung Cu Ma,2014,Horror,5.6,Movie,115,129
Amnesty,2018,Thriller,7.1,Movie,69,789
Lostorage incited Wixoss,2016,Animation,5.6,Movie,24,39
Fukrey Boyzzz,2019,Comedy,7.1,Movie,69,789
Turn It Up!,2014,Documentary,7.4,Movie,86,61
Russell Peters Versus the World,2013,Documentary,5.5,Movie,120,213
The Outlaw Ocean,2018,Action,7.1,Movie,69,789
S.T.R.O.N.G.,2016,Reality-TV,7.3,Movie,69,59
The Truth Is in the Stars,2017,Documentary,6.7,Movie,86,389
Pokémon,2018,Action,7.1,Movie,69,789
U-Prince: The Playful Comm-Arts,2016,Romance,8.5,Movie,69,22
Novatos,2015,Drama,4.8,Movie,92,257
The Panama Papers,2016,Documentary,7.6,Movie,43,9
The Land of College Prophets,2005,Horror,3.5,Movie,83,229
Fix Us,2019,Comedy,7.1,Movie,69,789
The Red Zone,2018,Comedy,7.1,Movie,69,789
Decoding Deepak,2012,Documentary,5.5,Movie,83,124
Midnight Misadventures with Mallika Dua,2018,Comedy,3.5,Movie,69,22
Dou Yu,2004,Romance,7.4,Movie,69,33
Pierre Jackson,2018,Romance,6.4,Movie,81,74
Indian Predator,2018,Documentary,7.1,Movie,69,789
Tenured,2015,Comedy,6,Movie,80,492
Alex Fernández: El mejor comediante del mundo,2020,Comedy,6.1,TV Special,51,125
Juneteenth,2018,Musical,7.1,Movie,69,789
Dino Daycare,2018,Animation,7.1,Movie,69,789
First Ascent,2018,Unknown,7.1,Movie,69,789
No Hay Tiempo Para La Vergüenza,2019,Reality-TV,5.7,Movie,69,75
Wonderoos,2020,Animation,7.1,Movie,69,789
Malena Pichot: Estupidez compleja,2018,Comedy,5.4,TV Special,50,334
Venus on the Halfshell,2003,Romance,7.5,Movie,69,40
Game Changer,2018,Unknown,7.1,Movie,69,789
Matilda,2018,Unknown,7.1,Movie,69,789
The Bridge,2017,Drama,5.4,Movie,115,30
Nuestra Lucha Libre,2018,Documentary,7.5,Movie,28,29
One Take,2020,Documentary,5.7,Movie,85,49
LEGO Ninjago: Masters of Spinjitzu: Happy Birthday to You!,2017,Animation,5.9,TV Special,1,10
Apenas o Fim,2008,Romance,6.9,Movie,80,875
Untitled Fernando Meirelles/Netflix Project,2018,Drama,7.1,Movie,69,789
Zhong ji san guo,2009,Comedy,5.3,Movie,75,44
Most High,2004,Drama,6.5,Movie,95,280
Hummingbird Salamander,2018,Thriller,7.1,Movie,69,789
Untitled Virunga Project,2018,Unknown,7.1,Movie,69,789
Bangkok Buddies,2019,Comedy,6.8,Movie,69,15
Fary: Hexagone,2020,Comedy,6.5,Movie,69,113
Hi-5 House,2013,Family,8.1,Movie,22,23
Emergency,2015,Reality-TV,7.6,Movie,22,28
Echelon 8,2009,Crime,3.6,Movie,118,126
Project Mc²: Happy Birthday to You!,2017,Short,7.1,TV Special,3,789
Dave Chappelle: Redemption Song,2021,Comedy,7.1,Video,10,789
Parallel,2018,Sci-Fi,7.1,Movie,69,789
Moving Art: Forests,2014,Documentary,8.3,Movie,25,197
Tusk,2018,Family,7.1,Movie,69,789
Meruhen Medohen,2018,Fantasy,3.1,Movie,23,47
Beat Bugs: Happy Birthday to You!,2017,Animation,7.1,TV Special,1,789
Chulchulhan yeoja,2013,Romance,7.3,Movie,69,58
Notes on Love,2018,Drama,7.1,Movie,69,789
Afonso Padilha: Alma de Pobre,2020,Comedy,6.8,TV Special,63,150
D.L. Hughley: Contrarian,2018,Comedy,6.6,TV Special,58,561
Harith Iskander: I Told You So,2018,Comedy,4.6,TV Special,61,155
Finding Home,2014,Documentary,7.9,Movie,118,216
Sunshine Scouts,2018,Comedy,7.1,Movie,69,789
Unbreakable Kimmy Schmidt: Season 2 for Your Consideration Featurette,2016,Unknown,5.8,Movie,69,10
Livet i 8 bitar,2002,Comedy,4.8,Movie,85,860
Monty Python: Before the Flying Circus,2008,Documentary,7.3,Movie,55,157
Rhyme Time Town Singalongs,2020,Animation,8.3,Movie,69,16
Sarah Geronimo: This 15 Me,2019,Documentary,4.3,Movie,113,11
Mai,2020,Crime,7.1,Movie,69,789
Kyouen NG,2020,Romance,6.3,Movie,69,7
The Whistler,2006,Horror,5.3,Movie,76,81
All Hail King Julien: Happy Birthday to You!,2017,Animation,4.4,TV Special,1,7
Cedric the Entertainer: Live from the Ville,2016,Comedy,6,TV Special,60,663
Huntin' Buddies,2008,Comedy,7.4,Video,51,19
Dinotrux: Happy Birthday to You!,2017,Animation,7.1,TV Special,1,789
Paboo & Mojies,2012,Animation,7.1,Movie,69,789
Chicken Soup for the Soul's Being Dad,2018,Reality-TV,7.1,Movie,69,789
Gina Yashere: Skinny B*tch,2008,Documentary,6.4,TV Special,58,70
Big in Bollywood,2011,Documentary,7.8,Movie,69,101
Roscoe's House of Chicken n Waffles,2004,Comedy,4,Video,90,63
Vaquero,2011,Drama,6.4,Movie,87,221
Todd Barry: Spicy Honey,2017,Comedy,6.8,TV Special,60,779
Scarlet,2018,Fantasy,7.1,Movie,69,789
God Wars,2017,Action,7.1,Movie,69,789
"Hello, Universe",2018,Family,7.1,Movie,69,789
Maldivas,2018,Comedy,7.1,Movie,69,789
Untitled Colton Underwood/Netflix Project,2018,Reality-TV,7.1,Movie,69,789
Visions of Us: LGBTQ+ Latine Representation in TV & Film,2021,Documentary,7.1,Movie,69,789
The Hunt for Atlantis,2018,Action,7.1,Movie,69,789
Das Privileg,2018,Unknown,7.1,Movie,69,789
Tromba Trem,2010,Animation,8.7,Movie,69,40
Bert Visscher: Zelden zoiets gezien,2017,Documentary,7,TV Special,108,51
Invasion 1897,2014,Biography,2.9,Movie,113,103
The Journalist,2021,Drama,7.1,Movie,69,789
"Out of Many, One",2018,Documentary,5.7,Movie,34,228
Line Friends,2018,Animation,7.1,Movie,69,789
Free To Be You And Me,2018,Family,7.1,Movie,69,789
Tiramisu,2008,Romance,6.6,Movie,90,250
Kära släkten,1933,Comedy,5.4,Movie,94,36
Natural Possession: Director's Cut,2008,Horror,5,Movie,97,61
Blue,2009,Drama,7.5,Movie,98,83
History's Greatest Hoaxes,2016,Documentary,6.2,Movie,69,36
Crime Stories: India Detectives,2018,Documentary,7.1,Movie,69,789
Tracy Morgan: Staying Alive,2017,Comedy,6.2,TV Special,60,1163
Untitled Madhuri Dixit/Netflix Project,2018,Unknown,7.1,Movie,69,789
W. Kamau Bell: Private School Negro,2018,Comedy,6.4,TV Special,65,731
Untitled Kanye West Documentary,2018,Documentary,7.1,Movie,69,789
Daniel Sosa: Maleducado,2019,Comedy,6,TV Special,54,66
The Spaghetti West,2005,Documentary,7.2,Video,65,243
Three Musketeers,2018,Action,7.1,Movie,69,789
Diário de um Exorcista - Zero,2016,Horror,3.8,Movie,98,607
The Circus,2018,Documentary,7.7,Movie,69,142
Nfinity Champions League Cheerleading Event,2014,Documentary,5.6,Movie,120,64
Dave Attell: Road Work,2014,Comedy,7.6,TV Special,60,452
Oni,2018,Animation,7.1,Movie,69,789
Delivery,2014,Documentary,6.1,Movie,92,41
"Aram, Aram",2015,Drama,6.6,Movie,79,180
Rocanrol Cowboys,2021,Documentary,7.2,Movie,69,109
Virunga: Gorillas in Peril,2015,Documentary,6.2,Movie,28,28
Intimacy,2018,Drama,7.1,Movie,69,789
Arsenio Hall: Smart and Classy,2019,Comedy,6,TV Special,63,412
Bigflo & Oli: Hip Hop Frenzy,2020,Documentary,6.8,Movie,100,102
The World's Oddest Animal Couples,2016,Documentary,8.2,Movie,69,23
Love Naggers,2018,Talk-Show,7.1,Movie,69,789
Make My Day,2018,Animation,7.1,Movie,69,789
Året der gik,2020,Historical,7.1,TV Special,134,789
U-Prince: The Lovely Geologist,2016,Romance,8,Movie,69,23
Untitled LA Lakers/Netflix Project,2018,Sports,7.1,Movie,69,789
"Martin Matte: La vie, la mort... eh la la..!",2019,Comedy,6.4,TV Special,61,90
Stamped from the Beginning,2018,Documentary,7.1,Movie,69,789
Untitled Thai Cave Rescue Series,2018,Drama,7.1,Movie,69,789
Hikaru Utada: Laughter in the Dark Tour 2018,2019,Musical,8.3,Movie,141,72
Itlauli Barrah,2018,Fantasy,4.4,Movie,89,103
Lavell Crawford: Can a Brother Get Some Love,2011,Documentary,7,TV Special,81,213
De held,2016,Crime,5,Movie,96,409
Maria Bamford: The Special Special Special!,2012,Comedy,6.9,TV Special,49,526
Los días de Ayotzinapa (The 43s),2019,Documentary,7.9,Movie,69,43
Chevolution,2008,Documentary,6.5,Movie,86,554
Amend: The Fight for America,2021,Documentary,6.2,Movie,69,16
Happiness Ever After,2021,Romance,7.1,Movie,69,789
Sofía Niño de Rivera: Selección natural,2018,Comedy,6.9,TV Special,69,213
Sharp,2018,Action,7.1,Movie,69,789
Super-Fan Builds,2018,Family,7.1,Movie,69,789
Stewart Lee: 41st Best Stand-Up Ever!,2008,Comedy,8.4,Video,80,574
I Take It Black,2018,Comedy,7.1,Movie,69,789
Kacche Dhaagey,2016,Drama,5.8,Movie,120,5
Erynie,2018,War,7.1,Movie,69,789
The 50th Law,2018,Biography,7.1,Movie,69,789
Dance & Sing With True,2018,Animation,7.1,Movie,69,789
Janet,2018,Biography,7.1,Movie,69,789
Black Man White Skin,2015,Documentary,6.3,Movie,78,49
Zona Rosa,2019,Comedy,6,Movie,69,40
Problem Child: Leslie Jones,2010,Comedy,5.7,Video,60,219
Untitled Jane Lynch/Cyndi Lauper/Netflix Project,2018,Comedy,7.1,Movie,69,789
Sulwe,2018,Animation,7.1,Movie,69,789
Adel Karam: Live from Beirut,2018,Comedy,5.4,TV Special,59,130
Embarazada por obra y gracia,2019,Comedy,4.9,Movie,89,22
El-Harami wa el-Abit,2013,Comedy,5.1,Movie,90,262
Sklar Brothers: Whatarewetalkinbout?!,2014,Comedy,5.9,TV Special,69,65
War Don Don,2010,Documentary,7.2,Movie,83,150
RebellComedy: Raus Aus'm Zoo,2021,Comedy,4.7,TV Special,74,32
Todd Glass: Stand-Up Special,2012,Comedy,6.3,Movie,46,154
La coppia dei campioni,2016,Comedy,3.6,Movie,88,267
A Life in Men,2018,Drama,7.1,Movie,69,789
After the Raid,2019,Documentary,4.3,Movie,24,105
Beautiful Sunday,2007,Thriller,5.7,Movie,117,110
"River, El Más Grande Siempre",2019,Documentary,7.3,Movie,100,117
Park Na-rae: Glamour Warning,2019,Comedy,4.9,TV Special,62,59
Go! Go! Cory Carson: Summer Camp,2020,Animation,5.3,TV Special,20,32
True: Wuzzle Wegg Day,2020,Animation,7.1,TV Special,23,10
Salem Abu Ukhtuh,2014,Comedy,3.6,Movie,99,91
Being Mrs Elliot,2014,Romance,6.5,Movie,113,16
Saverio Raimondo: Il Satiro Parlante,2019,Comedy,5.8,TV Special,53,44
Cobra Kai: The Rise of Agni Kai,2020,Action,7.1,TV Special,69,789
Cast Party,2015,Comedy,6.1,Movie,125,13
Battle of the Hearts,2020,Thriller,7.1,Movie,75,789
Luna Petunia: Return to Amazia,2018,Animation,4.8,Movie,69,43
How to Be A Cowboy,2018,Reality-TV,7.1,Movie,69,789
Cocaine Hippos,2018,Comedy,7.1,Movie,69,789
Midnight's Children,2018,Drama,7.1,Movie,69,789
Untitled Asterix Project,2018,Animation,7.1,Movie,69,789
Moving Art: Deserts,2014,Documentary,8.5,Movie,25,150
Hello America,2018,Sci-Fi,7.1,Movie,69,789
Fästmö uthyres,1950,Comedy,5,Movie,91,30
Morgan Murphy: Irish Goodbye,2014,Comedy,6.7,TV Special,51,312
If Only,2018,Unknown,7.1,Movie,69,789
Bhaage Re Mann,2018,Comedy,7.1,Movie,69,789
Bill Cosby: 77,2014,Comedy,4,Video,69,10
Big Vape,2018,Documentary,7.1,Movie,69,789
Francesco de Carlo: Cose di Questo Mondo,2019,Comedy,6.4,TV Special,61,86
The Wave,2019,Thriller,7.1,Movie,69,789
Akbar Birbal,2014,Historical,7.5,Movie,25,125
Derren Brown: Infamous,2014,Reality-TV,7.6,TV Special,71,244
Rob Schneider: Soy Sauce and the Holocaust,2013,Comedy,5.6,TV Special,60,263
Amok,2014,Drama,5.6,Movie,84,131
"1994: Poder, Rebeldía y Crimen en México",2019,Documentary,8.7,Movie,69,17
Go Off with Jess & Julissa,2021,Comedy,7.1,Movie,69,789
Untitled Will Smith Comedy Variety Special,2018,Comedy,7.1,TV Special,60,789
The Collector,2018,Horror,7.1,Movie,69,789
Mech Cadets,2018,Animation,7.1,Movie,69,789
Vlast (Power),2010,Documentary,7,Movie,88,169
Patton Oswalt: My Weakness Is Strong,2009,Documentary,7.6,TV Special,64,1096
Honor Diaries,2013,Documentary,7.8,Movie,61,230
Shelter,2003,Drama,6.2,Movie,80,45
Selfie,2018,Thriller,7.1,Movie,69,789
Asukô mâchi: Asuka kôgyô kôkô monogatari,2011,Drama,7.2,Movie,45,63
Untitled Conan/Netflix Project,2018,Action,7.1,Movie,69,789
David Batra: Elefanten i Rummet,2020,Comedy,5.9,TV Special,77,174
Art of the Game: Ukiyo-e Heroes,2017,Documentary,8.1,Movie,97,247
Shimmers,2018,Horror,7.1,Movie,69,789
Croaker,2013,Horror,7.1,Movie,71,68
Stamped from the Beginning: The Definitive History of Racist Ideas in America,2018,Documentary,7.1,Movie,69,789
Liss Pereira: Reteniendo Liquidos,2019,Comedy,6.4,TV Special,69,86
Luciano Mellera: Infantiloide,2018,Comedy,8.2,TV Special,66,1505
Samir Abu el-Nil,2013,Comedy,4.4,Movie,109,380
Aman Ya Sahbi,2017,Musical,2.8,Movie,79,35
Moshe Kasher: Live in Oakland,2012,Comedy,6.8,Movie,61,314
Untitled Kenya Barris/Netflix Project,2018,Documentary,7.1,Movie,69,789
Kinema junjou,2016,Comedy,5,Movie,82,7
The Chef in a Truck,2020,Documentary,7.9,Movie,69,8
Girls Who Like Boys Who Like Boys,2010,Reality-TV,6.5,Movie,69,42
Mauricio Meirelles comedy special,2020,Comedy,6.6,TV Special,63,114
Jen Kirkman: Just Keep Livin?,2017,Comedy,6.7,TV Special,69,1216
Dans for mig,2012,Documentary,6.7,Movie,78,106
Colin Quinn: Unconstitutional,2015,Comedy,7.2,TV Special,55,434
Como Pop,2019,Animation,7.1,Movie,69,789
Velhas Amigas,2018,Romance,8.9,Movie,30,72
The Rain: The End of an Era,2020,Documentary,7.1,Movie,26,789
2006 Independent Spirit Awards,2006,Unknown,6.6,TV Special,109,83
El Che,2017,Documentary,6.3,Movie,119,7
Goddess Girls,2018,Musical,7.1,Movie,69,789
Forty Acres,2018,Thriller,7.1,Movie,69,789
Netflix Live,2017,Comedy,7.5,Video,48,89
The Tradition,2018,Romance,7.1,Movie,69,789
Parrot Heads,2017,Documentary,6.5,Movie,88,65
Netflix - The Crown: Kneel Before Your Queen,2017,Short,7.1,Video,69,789
Daybreak,2018,Comedy,7.1,Movie,69,789
Jack the Ripper: Prime Suspect,2011,Documentary,5.6,Movie,50,72
Princess Pring,2019,Animation,7.1,Movie,69,789
Theo Who Lived,2016,Documentary,6.8,Movie,86,111
John Hodgman: Ragnarok,2013,Musical,6.2,Video,68,300
Untitled Vikram Motwane Project,2018,Unknown,7.1,Movie,69,789
Eddie Pepitone: In Ruins,2014,Comedy,7.2,Movie,64,124
Dany Boon: Des Hauts-De-France,2018,Comedy,6.1,TV Special,113,78
Hei wong ji wong,2007,Comedy,5.3,Movie,120,247
Call Your Daughter Home,2018,Unknown,7.1,Movie,69,789
Chougekijouban Keroro Gunsou 2: Shinkai no purinsesu de arimasu!,2007,Animation,6.2,Movie,77,56
U-Prince: The Badass Baker,2016,Romance,7.5,Movie,60,22
Night of 1000 Meryls: Drag Queens Perform Meryl Streep's 'It's Not About Me',2020,Musical,7.1,Video,5,789
The BFG,2018,Animation,7.1,Movie,69,789
Bartita,2012,Thriller,5.2,Movie,85,107
Lucas Lauriente: Todo lo que sería,2018,Comedy,7,TV Special,69,102
Radd Fe'el,2011,Crime,4.3,Movie,90,64
Wonderoos: Holiday Holiday!,2020,Animation,7.1,TV Special,33,789
Dwayne Perkins: Take Note,2016,Documentary,7.2,TV Special,68,282
Génération Q,2018,Comedy,7.1,Movie,69,789
Steve Byrne: Champion,2014,Comedy,7,TV Special,70,140
Cielo Grande,2021,Musical,7.1,Movie,69,789
U-Prince: The Gentle Vet,2016,Romance,7.5,Movie,69,25
Gonchi la película,2015,Documentary,7.4,Movie,88,245
Najib Amhali: Alles komt goed,2012,Comedy,7,TV Special,153,105
Sweetener,2018,Unknown,7.1,Movie,69,789
Highland: Thailand's Marijuana Awakening,2017,Documentary,6.2,Movie,69,22
A Note of Explanation,2018,Unknown,7.1,Movie,69,789
Making the American Man,2016,Documentary,5.4,Movie,68,82
13th: A Conversation with Oprah Winfrey & Ava DuVernay,2017,Documentary,7.1,Video,37,193
Invisible City,2018,Unknown,7.1,Movie,69,789
Untitled Eddie Murphy Project,2018,Comedy,7.1,Movie,69,789
Ilegal,2014,Documentary,7.9,Movie,90,99
Agustín Aristarán: Soy Rada,2018,Comedy,6.5,TV Special,69,110
Felipe Neto: Minha Vida Não Faz Sentido,2017,Documentary,4.1,TV Special,87,233
Wielka woda,2022,Drama,7.1,Movie,69,789
Karriär,1938,Drama,5.2,Movie,106,52
Sincerely Daisy,2020,Romance,7.1,Movie,87,789
John Crist: I Ain't Prayin' for That,2019,Comedy,7.1,TV Special,57,789
Home,2021,Horror,7.1,Movie,13,789
Tim Allen Rewires America,1991,Documentary,5.9,TV Special,30,175
The Atomic States of America,2012,Documentary,6.3,Movie,95,277
The 2014 Film Independent Spirit Awards,2014,Unknown,6,TV Special,69,32
Bendo,2022,Drama,7.1,Movie,69,789
Grimms' Fairy Tales,2018,Animation,7.1,Movie,69,789
Skylanders Academy: Happy Birthday to You!,2017,Animation,5.2,TV Special,1,5
The Night of the Wild Boar,2016,Horror,4.3,Movie,75,226
One Piece: Entering into the Grand Line,2018,Unknown,7.1,Movie,69,789
Holdout,2018,Horror,7.1,Movie,69,789
The Murders of Molly Southbourne,2018,Drama,7.1,Movie,69,789
Hija única,2016,Drama,5.6,Movie,112,68
Don't be the First One!,2020,Reality-TV,7.1,Movie,135,789
Nietzsche and the Nazis,2006,Documentary,7.6,Movie,165,55
Nick Thune: Folk Hero,2014,Comedy,6.6,TV Special,43,95
Pandalian,2006,Animation,6.9,Movie,22,16
The Deep Mad Dark,2018,Mystery,7.1,Movie,69,789
The Stronghold,2018,Crime,7.1,Movie,69,789
Ricardo Quevedo: Hay gente así,2018,Comedy,6.4,TV Special,69,96
A god in ruins,2018,Western,7.1,Movie,69,789
Like A Mother,2021,Unknown,7.1,Movie,69,789
Lost Dog,2018,Comedy,7.1,Movie,69,789
Dead & Nowhere,2008,Thriller,3,Movie,90,14
Necrópolis,2019,Comedy,7.1,Movie,69,103
GLOW Featurette,2017,Comedy,7.1,Movie,69,789
800 metros,2021,Documentary,7.1,Movie,69,789
Jochem Myjer: Adéhadé,2003,Comedy,7.7,TV Special,48,186
In the Name of Honor,2015,Documentary,7.4,Movie,72,36
Slow Country,2017,Action,4.6,Movie,115,32
The Umbilical Brothers: The Rehearsal,2014,Comedy,8.9,Video,92,16
Lugar de Mulher,2019,Comedy,4.5,Movie,69,28
The F-U,2018,Action,7.1,Movie,69,789
The Plan,2015,Thriller,7.1,Movie,120,81
Untitled Haiti Musical,2018,Animation,7.1,Movie,69,789
Maska,2018,Unknown,7.1,Movie,111,789
Mohtaram Ella Robaa,2012,Unknown,3,Movie,96,31
The Whole World is Watching: Inside Aaron Sorkin's Trial of the Chicago 7,2021,Unknown,7.1,TV Special,28,789
Once in a Lifetime Sessions with Nile Rodgers,2019,Musical,8,Movie,70,8
The Ice Bucket Challenge,2018,Biography,7.1,Movie,69,789
True Tunes,2019,Family,8,Movie,69,12
Super Monstros: Nova Turma,2020,Animation,7.1,Movie,24,789
Hans Teeuwen: Trui,2001,Documentary,7.8,TV Special,90,397
Without Shepherds,2013,Documentary,7.7,Movie,89,70
Tellur Aliens,2016,Animation,4.3,Movie,67,89
Hunch,2018,Drama,7.1,Movie,69,789
The Boys' Club,2018,Drama,7.1,Movie,69,789
Matilda,2018,Animation,7.1,Movie,69,789
Running with Sherman,2018,Unknown,7.1,Movie,69,789
Three-Sixty (360),2018,Crime,7.1,Movie,69,789
Enissa Amani: Ehrenwort,2018,Comedy,5.6,TV Special,60,184
La Sangre del Gallo,2015,Crime,5.3,Movie,84,168
"My Dearest, Like a Cherry Blossom",2018,Romance,7.1,Movie,69,789
Shadecraft,2018,Horror,7.1,Movie,69,789
Ugly Duckling Series: Pity Girl,2015,Romance,6.5,Movie,50,16
Rafinha Bastos: Ultimato,2018,Comedy,6.5,TV Special,62,197
Najib Amhali: The Best of Najib Amhali,2010,Documentary,7.4,TV Special,158,54
Pelican Dreams,2014,Documentary,6.8,Movie,80,144
The Daniel Project,2011,Documentary,5.3,Video,85,31
The Underwear,2017,Drama,7.2,Movie,45,7
The Queen,2022,Drama,7.1,Movie,69,789
Viswasapoorvam Mansoor,2017,Drama,5.8,Movie,112,57
Una conversación: Ya no estoy aquí,2020,Documentary,7.1,Movie,14,13
Prodigy,2018,Action,7.1,Movie,69,789
House of Cards: Season 3 - Behind the Scenes,2015,Documentary,7.1,Video,69,789
Growing Up in Two Generations,2013,Action,7.1,Movie,106,789
Super Monsters and the Wish Star,2018,Animation,5.1,Movie,27,39
Jochem Myjer: Yeee-haa,2006,Comedy,7.9,TV Special,71,140
Arranged Marriage,2018,Comedy,7.1,Movie,69,789
Alan Saldaña: Mi vida de pobre,2017,Comedy,6.1,TV Special,70,62
Moving Art: Waterfalls,2015,Documentary,8.2,Movie,25,90
Green Cross,2018,Comedy,7.1,Movie,69,789
Sounding the Alarm: Battling the Autism Epidemic,2014,Documentary,6.1,Movie,58,48
Robert Kelly: Live at the Village Underground,2014,Comedy,7.2,TV Special,63,208
Famous In Ahmedabad,2015,Documentary,7.5,Movie,29,154
"To Be Frank, Sinatra at 100",2015,Documentary,6.4,Movie,81,252
Aditi Mittal: Things They Wouldn't Let Me Say,2017,Comedy,4.4,TV Special,62,308
Music for Mandela,2013,Documentary,6.3,Movie,82,25
Z daleka widok jest piekny,2011,Drama,5.3,Movie,77,130
Hans Teeuwen: Spiksplinter,2011,Documentary,6.5,TV Special,110,272
Alien Secrets,2006,Sci-Fi,5.5,Video,86,37
La Part Du Feu,2021,Documentary,7.1,Movie,69,789
Bill Hicks: Reflections,2015,Documentary,6.8,Movie,34,127
Word Party: Happy Birthday to You!,2017,Animation,7.1,TV Special,2,789
Eres Tú,2018,Romance,7.1,Movie,69,789
It's Wednesday Night,2018,Comedy,7.1,TV Special,69,789
To Hell with the Devil,2018,Thriller,7.1,Movie,69,789
Douche Bros,2013,Comedy,7.1,Movie,10,789
Grillo vs Grillo,2017,Comedy,4.3,Movie,69,126
Bob Saget: That's What I'm Talkin' About,2013,Documentary,5.2,TV Special,55,237
Again,2018,Thriller,7.1,Movie,69,789
Paathi: the Half,2017,Horror,6.1,Movie,91,36
The Comedians of Comedy: Live at the El Rey,2006,Comedy,6.6,Video,58,190
Roy,2020,Sci-Fi,7.1,Movie,69,789
Legends of Strength,2018,Unknown,7.1,Movie,69,789
Axis Mundi,2022,Fantasy,7.1,Movie,69,789
Untitled Prentice Penny/Holiday Project,2018,Comedy,7.1,Movie,69,789
Save the Forest,2005,Comedy,7,Movie,90,43
The Missing Ingredient: What is the Recipe for Success?,2015,Documentary,7.5,Movie,87,23
Most Likely To,2018,Romance,7.1,Movie,69,789
Natalia Valdebenito: Gritona,2017,Comedy,5.6,TV Special,69,80
Marmato,2014,Documentary,7.3,Movie,87,149
Willie Barcena: The Truth Hurts,2016,Comedy,6.3,TV Special,60,77
The Modest Heroes of Studio Ponoc,2019,Documentary,6.6,Movie,21,56
Bardo,2018,Thriller,7.1,Movie,69,789
Kahi,2016,Drama,6.8,Movie,95,69
Surviving Hitler: A Love Story,2010,Documentary,7.5,Movie,66,241
The Battle for Bedtime Starring Batdad!,2015,Comedy,7.1,Video,69,789
Crisálida,2019,Drama,7.6,Movie,69,8
All on the Line,2011,Reality-TV,7.8,Movie,60,44
Kalbi Dalili,2013,Comedy,3.2,Movie,99,58
Happiness Ever After,2018,Drama,7.1,Movie,69,789
Rayen Panday: Niet verder vertellen,2018,Comedy,6.9,TV Special,51,25
High Strange New Mexico,1997,Documentary,7.5,Movie,112,7
Little Town of Bethlehem,2010,Documentary,7.6,Video,75,34
Dark Days at the Magna Carta,2018,Horror,7.1,Movie,69,789
The World After the Rain,2018,Short,7.1,Movie,3,789
Wild Rythm,2018,Musical,7.1,Movie,69,789
Yoo Byungjae: Discomfort Zone,2018,Comedy,4.8,TV Special,54,25
Cap Kakumei Bottleman,2020,Animation,7.1,Movie,69,789
Untitled Bubba Wallace/Netflix Project,2018,Documentary,7.1,Movie,69,789
Yoo Byungjae: Too Much Information,2018,Comedy,5.3,TV Special,63,49
Fakkah Fuzz: Almost Banned,2018,Comedy,4.2,TV Special,60,43
Trico,2022,Animation,7.1,Movie,7,789
Lost Bullet Sequel,2018,Action,7.1,Movie,69,789
All the Right Moves,2018,Reality-TV,7.1,Movie,69,789
Longboard Fever,2003,Sports,7.1,Movie,90,789
Untitled Shady El-Hamus/Hip Hop Project,2018,Crime,7.1,Movie,69,789
The Poet,2018,Unknown,7.1,Movie,69,789
Semisweet: Life in Chocolate,2012,Documentary,6.3,Movie,48,74
Fabrizio Copano: Solo pienso en mi,2017,Comedy,4.8,TV Special,69,32
Daniel Sosa: Sosafado,2017,Comedy,5.3,TV Special,77,89
The Crown: The Official Podcast,2019,Unknown,7.1,Movie,69,789
Javier Guzman: Ga-Bie-Jer,2018,Comedy,6.5,TV Special,88,37
Wyatt Cenac: Brooklyn,2014,Comedy,6.3,TV Special,67,219
Still Waters,2009,Thriller,7.1,Movie,69,789
Murder on the Social Network,2011,Documentary,5.4,Movie,46,15
Mau Nieto: Viviendo sobrio... desde el bar,2018,Comedy,6.7,TV Special,69,73
Matt Braunger: Big Dumb Animal,2015,Documentary,7.4,TV Special,64,265
Messy,2020,Unknown,7.1,Movie,69,789
My Brother Jesus,2021,Documentary,7.1,Movie,14,789
Sars-Cov-2,2021,Drama,7.1,Movie,4,789
The Get Away,2018,Action,7.1,Video,69,789
Milk?,2012,Documentary,5.7,Movie,64,285
Don Quijote de la Láctea,2013,Animation,7.7,Movie,69,10
Shadow Trade,2016,Documentary,7.8,Movie,50,21
Making Waves,2001,Unknown,7.7,TV Special,49,332
U-Prince: The Absolute Economist,2016,Romance,6.8,Movie,69,14
Byron Baes,2018,Unknown,7.1,Movie,69,789
Injustice System,2021,Documentary,7.1,Movie,8,789
It's Not Over,2014,Documentary,6.3,Movie,72,46
Moonbeams,2001,Drama,8.1,Movie,81,8
Untitled Sean O'Keefe Project,2018,Thriller,7.1,Movie,69,789
Perfectly Legal,2018,Unknown,7.1,Movie,69,789
Edoardo Ferrario: Temi Caldi,2019,Comedy,6.8,TV Special,65,114
Change Agent,2018,Thriller,7.1,Movie,69,789
Brasslands,2013,Documentary,7.5,Movie,84,90
Troll-A-Long with a Rent-A-Cop: A Thug Life Tour Guide to the Reno City Zoo,2019,Documentary,7.1,Movie,91,789
Sharing the Wisdom of Time,2018,Documentary,7.1,Movie,69,789
Nueva serie de Daniel Sánchez Arévalo,2018,Drama,7.1,Movie,69,789
Alejandro Riaño: Especial de stand-up,2018,Comedy,4.9,TV Special,69,60
Yuba,2018,Western,7.1,Movie,69,789
Qucksand,2018,Thriller,7.1,Movie,69,789
Fadily Camara: La plus drôle de tes copines,2019,Comedy,5.5,TV Special,54,36
Fary Is the New Black,2018,Comedy,6,TV Special,74,123
Signs,2018,Unknown,7.1,Movie,69,789
Social Currency,2021,Reality-TV,7.1,Movie,69,789
The 80's India,2016,Documentary,7.2,Movie,69,40
Cut from a Different Cloth,2017,Documentary,6.3,Movie,54,111
Untitled U.S. Women's Soccer Team Project,2018,Documentary,7.1,Movie,69,789
The 12 year old drug smuggler,2007,Documentary,7.1,Movie,69,789
"Edmilson Filho: Notas, uma Comédia de Relacionamentos",2018,Comedy,5.2,TV Special,79,18
"New York State Multicultural Creativity Summit - Tuesday, November 17, 2020",2020,Talk-Show,7.1,Video,181,789
The Hall: Honoring the Greats of Stand-Up,2018,Comedy,7.1,Movie,69,789
Is Love Racist? The Dating Game,2017,Documentary,5.5,Movie,47,15
John Caparulo: Come Inside Me,2013,Documentary,7.2,TV Special,71,123
Deep Trouble,2001,Unknown,7.7,Movie,49,350
Jani Dueñas: Grandes fracasos de ayer y hoy,2018,Comedy,4.8,TV Special,69,70
Open 24/7,2018,Drama,7.1,Movie,60,789
Road to Victory - Okinawa,2021,Documentary,7.1,Movie,50,789
Refugee,2016,Documentary,6.6,Movie,23,23
Legend Quest: Happy Birthday to You!,2017,Animation,7.1,TV Special,2,789
The Experiment,2011,Documentary,6.8,Movie,89,11
Ranbhool,2010,Thriller,5.5,Movie,110,27
Revolution by Design,2020,Documentary,7.1,Movie,10,789
Deon Cole: Workin' It Out,2020,Comedy,7.1,TV Special,40,789
The Last,2018,Thriller,7.1,Movie,69,789
Die Goldene Kamera 2017,2017,Unknown,8.7,TV Special,145,20
Dieter Nuhr: Nuhr in Berlin,2016,Comedy,4.7,TV Special,69,66
Kapil Sharma Special,2018,Comedy,7.1,Movie,69,789
The Greatest Movie Ever Rolled,2012,Documentary,6.3,Movie,81,484
Zachariayude Garbhinikal,2013,Drama,6.1,Movie,114,131
Untitled Tom Segura/Netflix Special,2018,Unknown,7.1,TV Special,69,789
Moving Art: Underwater,2015,Documentary,8.6,Movie,26,125
Untitled Elodie Polo Ackerman/Netflix Docuseries,2018,Documentary,7.1,Movie,69,789
Moving Art: Whales and Dolphins,2017,Documentary,8.4,Movie,69,7
Queer Eye: Brazil,2021,Reality-TV,7.1,Movie,69,789
Untitled Brazilian Comedy Series,2022,Thriller,7.1,Movie,69,789
Life in Our Universe,2013,Documentary,7.7,Movie,69,18
IRL: In Real Love,2018,Reality-TV,7.1,Movie,69,789
Buds,2016,Comedy,7.1,Movie,69,789
Southern Justice,2006,Action,3.1,Movie,96,126
Freek de Jonge: De Suppost,2019,Comedy,7.1,TV Special,110,789
A Toca,2013,Comedy,4.1,Movie,30,13
House Arrest,2018,Unknown,7.1,Movie,69,789
The Republic of Imbaba,2015,Drama,7.1,Movie,90,789
Untitled Netflix/Billy Eichner Stand-up Special,2018,Comedy,7.1,TV Special,69,789
Hazz Said,2012,Comedy,5.2,Movie,102,81
Theo Maassen: Vankwaadtoterger,2017,Documentary,7.6,TV Special,87,245
Amor con fianza,2021,Reality-TV,7.1,Movie,69,789
Cedonia Avenue,2015,Drama,4.2,Movie,62,14
Juanpis,2018,Drama,7.1,Movie,69,789
Untitled Patrick Osborne Fantasy Project,2018,Fantasy,7.1,Movie,69,789
Northernlight,2020,Thriller,7.1,Movie,69,789
Reset: My fight for Inclusion and Lasting Change,2018,Biography,7.1,Movie,69,789
Pete Johansson: You Might also Enjoy Pete Johansson,2016,Comedy,5.3,TV Special,67,171
Influx: Documentary,2016,Documentary,6.9,Movie,69,28
Graffiti Verité 6: The Odyssey,2006,Documentary,7.1,Video,72,789
Dropped,2006,Documentary,6.8,Movie,65,14
Big Vape: The Incendiary Rise of Juul,2018,Documentary,7.1,Movie,69,789
I Am. Shimon Peres,2014,Documentary,6.4,Movie,78,49
Bump of Chicken Tour 2019: aurora ark Tokyo Dome,2020,Musical,7.1,Movie,151,789
Amazing On The Inside,2018,Reality-TV,7.1,Movie,69,789
TED: The Future We Will Create,2007,Documentary,6.9,Movie,74,151
Untitled Christmas miniseries,2019,Unknown,7.1,Movie,69,789
Grego Rossello: Disculpe Las Molestias,2019,Comedy,4.4,TV Special,65,22
Unbreakable Kimmy Schmidt Season 3 Featurette,2017,Comedy,7.1,Movie,2,789
Untitled Netflix/BBC Science Documentary Project,2018,Unknown,7.1,Movie,69,789
Hot Skull,2018,Unknown,7.1,Movie,69,789
The Rain Bunker Set Tour with Lucas Lynggaard Tønnesen,2018,Short,7.1,Video,4,789
Alejandra Azcárate,2018,Comedy,7.1,Movie,69,789
Big Guns,2006,Comedy,7.7,Video,84,20
Antiracist Baby,2018,Short,7.1,Movie,69,789
Marriage or Mortgage,2021,Reality-TV,7.1,Movie,69,789
The Voice of Syria,2017,Documentary,7.1,Movie,69,789
The Ring of Fire,2018,Animation,7.1,Movie,69,789
Autistic Driving School,2010,Documentary,5.3,Movie,69,11
Johnny by Johnny,2018,Documentary,7.1,Movie,69,789
Untitled Akin Omotoso/Netflix Project,2018,Drama,7.1,Movie,69,789
Lord Put a Ring on It,2016,Comedy,7.5,Movie,94,21
Wounded: The Battle Back Home,2015,Documentary,7.1,Movie,69,789
Canciones y Recuerdos,2018,Unknown,7.1,Movie,69,789
Craptastic,2008,Comedy,3.6,Movie,89,85
Coco y Raulito: Carrusel de ternura,2018,Comedy,6.6,TV Special,69,37
Freaks,2018,Unknown,7.1,Movie,69,789
Sumukhi Suresh Special,2018,Comedy,7.1,Movie,69,789
Isabella's Witch Chronicles,2018,Fantasy,7.1,Movie,69,789
The Genius of Marian,2013,Documentary,7.5,Movie,85,150
Hatchet Man,2009,Drama,7.1,Movie,69,789
Raise the Bar,2017,Animation,7.1,Movie,69,789
"A Decade of Decadence, Pt. 2: Legacy of Dreams",2013,Documentary,8.1,Video,65,50
Zoom In: Stories Behind the Best Independent Films of 2007,2007,Unknown,6.1,Video,61,12
Graffiti Verité 3: A Voyage Into the Iconography of Graffiti Art,2000,Documentary,7.1,Movie,54,789
Netflix: We All Have Six Shows In Common,2019,Comedy,7.1,Movie,69,789
Wraith,2018,Sci-Fi,7.1,Movie,69,789
Strongland,2018,Unknown,7,Movie,69,20
Temporada de Verão,2018,Drama,7.1,Movie,69,789
Kavin Jay: Everybody Calm Down!,2018,Documentary,5.8,TV Special,53,196
Life Sentence,2018,Sci-Fi,7.1,Movie,69,789
Oscillating Fan for Your Home,2015,Documentary,6.9,Movie,69,17
Grande Terim,2018,Documentary,7.1,Movie,69,789
Far Cry,2018,Animation,7.1,Movie,69,789
The 7 lives of Lea,2018,Drama,7.1,Movie,69,789
Sam Kinison: The Scream Continues,2016,Documentary,6.4,Movie,29,60
"Stamped: Racism, Antiracism and You",2018,Documentary,7.1,Movie,69,789
Fernando Sanjiao: Hombre,2018,Comedy,6.3,TV Special,69,55
Gilmore Girls: A Year in the Life Electronic Press Kit,2016,Short,7.1,Movie,69,789
Little Singham,2018,Action,3.6,Movie,12,61
Patrick Maia: Home Office - Um show em casa,2017,Comedy,6.5,Movie,69,6
Oceans,2018,Documentary,7.1,Movie,69,789
"Alors, heureux?",2006,Documentary,6.8,Movie,41,7
Luna Petunia: Happy Birthday to You!,2017,Animation,7.1,TV Special,2,789
Queen of the Scene,2018,Drama,7.1,Movie,69,789
Van der Laan en Woe: Alles eromheen,2016,Documentary,7.2,TV Special,87,20
Salmo ft Coez: Sparare alla luna,2018,Musical,7.1,Video,69,789
Wild Guys,2018,Adventure,7.1,Movie,69,789
Café dans le temps,2019,Sci-Fi,7.1,Movie,69,789
Untitled Sefi Atta Project,2018,Drama,7.1,Movie,69,789
Dreamworks She-Ra Mural Timelapse,2019,Short,7.1,Video,69,789
"Com a Palavra, Arnaldo Antunes",2018,Documentary,7.7,Movie,80,54
Summer in Sorrento,2018,Drama,7.1,Movie,69,789
My First Day,2001,Family,7.1,Movie,30,789
Aakash Gupta Special,2021,Comedy,7.1,Movie,69,789
Magic 4 Morons,2000,Family,7.1,Video,60,789
Graffiti Verité,1995,Documentary,5.9,Video,45,28
As We Sleep,2002,Unknown,7.1,Movie,69,789
Ricky & Melinda,2014,Family,7.1,Movie,94,789
Little Baby Bum: Music Time,2018,Animation,7.1,Movie,7,789
Last days on Earth,2020,Documentary,7.1,Movie,69,789
Graffiti Verité 7: Random Urban Static,2008,Documentary,7.1,Video,120,789
Especial de Ano Todo com Clarice Falcão,2017,Comedy,6.5,TV Special,69,14
#differentnotless,2017,Drama,7.1,Movie,30,789
Death Smiles,2018,Horror,7.1,Movie,93,789
Life in Threes,2018,Drama,7.1,Movie,69,789
LEGO Friends: Happy Birthday to You!,2017,Animation,3.6,TV Special,1,5
The End/Beginning,2011,Documentary,7.1,Movie,69,789
Jailbirds,2019,Reality-TV,7.1,Movie,69,789
Glória,2018,Thriller,7.1,Movie,69,789
Jochem Myjer: De rust zelve,2010,Comedy,7.9,TV Special,93,180
Comfort Me with Apples,2018,Drama,7.1,Movie,69,789
Exatlon Challenge,2018,Unknown,7.1,Movie,69,789
Graffiti Verité 5: The Sacred Elements of Hip-Hop,2003,Documentary,7.1,Video,54,789
Connected,2018,Documentary,7.1,Movie,69,789
Graffiti Verité 4: Basic Techniques for Creating Graffiti Art on Walls and Canvas,2003,Documentary,7.1,Video,68,789
Luciofei,2021,Comedy,7.1,Video,14,789
Once Upon a Time: Evil Reigns Once More,2016,Documentary,7.4,Movie,41,111
El Expediente Santiso,2015,Thriller,5,Movie,86,73
How to Win the US Presidency,2016,Documentary,6.2,Movie,50,127
Holiday Sing-Along: With the Ladies of Fuller House,2016,Short,7.1,Movie,69,789
Meeting a Bullet,2004,Crime,3.8,Video,75,115
Even Goede Vrienden,2019,Comedy,6.8,Movie,84,31
Fuller House Season 2: Behind the Scenes with New Kids on the Block,2016,Short,7.1,Movie,69,789
A Dog's Life: The Oscar Lose Story,2008,Documentary,7.1,Video,72,789
Cancer's Last Stand,2017,Drama,7.1,Movie,69,789
DInner for one a la Netflix,2016,Comedy,7.1,Movie,17,789
Graffiti Verité 2: Freedom of ExpreSSion?,1998,Documentary,6.2,Video,57,7
Graffiti Verité 8: The Fifth Element,2010,Documentary,7.1,Video,45,789
Waxing Gibbous,2001,Drama,5.6,Movie,97,18
Inside: The Mob's Bloody Valentine,2011,Documentary,6.5,Movie,45,9
Ainori Reboot,2017,Reality-TV,7.1,Movie,69,789
Extracurricular,2018,Unknown,7.1,Movie,69,789
Aguacate El Fruto Del Cielo,2021,Documentary,7.1,Movie,69,789
Janguea y Rapea,2018,Musical,7.1,Movie,69,789
What-To-Doodles,2018,Animation,7.1,Movie,69,789
Arango y Sanint: Ríase el show,2018,Comedy,4,TV Special,69,40
La France est-elle ingouvernable?,2009,Documentary,7.1,Movie,69,789
Too Much Stress from My Heart,2015,Documentary,7.1,Movie,65,789
Untitled Woodstock/Netflix Project,2018,Documentary,7.1,Movie,69,789
What's That?,2020,Documentary,7.1,Video,8,789
Resolvi Esperar,2018,Comedy,7.1,Video,69,789
Team Mascots,2017,Short,7.1,Movie,14,789
Sebastián Marcelo Wainraich,2018,Comedy,6.3,TV Special,69,99
Fuller House: Anniversary Celebration,2017,Comedy,6.2,Movie,69,6
Hiring Women,2020,Short,7.1,Video,6,789
The Enigma of Stonehenge 4K,2018,Historical,7.1,Video,12,789
Sweet Moves,2005,Comedy,7.1,Video,30,789
Bruno Motta: O Show do Ano,2011,Comedy,7.1,TV Special,59,789
Return to Role Playing,2012,Adventure,7.1,Movie,135,789
Hans Liberg: Tatatata,2005,Musical,6.6,TV Special,105,8
Ancient Extraterrestrials: Aliens and UFOs Before the Dawn of Time,2012,Documentary,5.6,Video,188,8
Prashasti Singh Special,2021,Comedy,7.1,Movie,69,789
Graffiti Verité 9: Soulful Ways - The DJ,2010,Documentary,7.1,Video,45,789
The Rat,2018,Unknown,7.1,Movie,69,789
Film School Friday: Creating for an Authentic Future,2020,Talk-Show,7.1,Video,60,789
Things Everyone Should Stop Telling Parsis,2021,Comedy,7.1,Video,4,789
"Yass, Australia!",2018,Reality-TV,7.1,TV Special,20,789
Curtain,2018,Unknown,7.1,Movie,69,789
Southland's Most Wanted,2004,Documentary,7.1,Movie,69,789
Untitled Jon Berg/Netflix Project,2018,Comedy,7.1,Movie,69,789
Fuller House Season 2 Electronic Press Kit,2016,Short,7.1,Movie,69,789
Encomenda,2021,Action,7.1,Movie,13,789
Mr. D: Southland to Japan,2006,Documentary,7.1,Movie,69,789
Netflix: The Making of 'Mr Bear: Then & Now',2016,Short,7.1,Video,69,789
Rotisserie Chicken,2014,Comedy,7.1,Movie,73,789
SLG Click: The Game's Begun,2006,Documentary,7.1,Movie,69,789
Sizzling Bacon,2014,Comedy,7.1,Movie,20,789
Sara Kroos: Van jewelste,2015,Comedy,6.6,TV Special,86,16
Sneakah Boutique the Documentary,2016,Documentary,7.1,Movie,69,789
Untitled Michael Diliberti/Netflix Project,2018,Unknown,7.1,Movie,69,789
The Bastard Sings the Sweetest Song,2012,Documentary,7,Movie,69,27
Metro,2008,Drama,7.1,Movie,120,789
Untitled Netflix/Ciro Guerra Project,2019,Crime,7.1,Movie,69,789
Untitled Tituss Burgess/Netflix Project,2018,Unknown,7.1,Movie,69,789
Graffiti Verite' 10: Hip-Hop Dance,2010,Documentary,7.1,Movie,75,789
"El Negocio, Pt. II",2018,Action,7.1,Video,128,789
The Little Prince Animation Featurette,2016,Animation,7.1,Movie,69,789
Untitled Hend Sabry Project,2018,Comedy,7.1,Movie,69,789
Bruno Motta: Melhor que os Outros Stand Ups que Eu Já Fiz em 15 Anos de Carreira,2017,Comedy,7.1,TV Special,66,789
That's My Time: The Todd Lynn Story,2017,Documentary,7.1,Movie,69,789
Exam Time Rap Song ft. Jordindian,2020,Musical,7.1,Movie,69,789
One Piece: Enter Chopper at the Winter Island,2020,Unknown,7.1,Movie,69,789
Sanfoninha,2021,Comedy,7.1,Video,69,789
Rahul Dua Special,2021,Comedy,7.1,Movie,69,789
Rekonesans,2021,Action,7.1,Movie,90,789
The House of Spirit,2001,Documentary,7.1,Movie,43,789
Flipos,2010,Animation,7.1,Movie,69,789
Yoga Time,2004,Family,7.1,Movie,28,789
Jandino: Whatever it Takes,2016,Comedy,4.6,TV Special,95,28
Graffiti Verite' 11: Don't Believe da Noize!,2010,Documentary,7.1,Movie,55,789
The Kane Chronicles: The Red Pyramid,2018,Action,7.1,Movie,69,789
The Kane Chronicles: The Throne of Fire,2018,Action,7.1,Movie,69,789
The Kane Chronicles: The Serpent's Shadow,2018,Action,7.1,Movie,69,789
Nohzdyve,2018,Action,7.5,Video Game,69,6
 American Experience,1988,Documentary,6.6,Movie,90,41
 Avatar: The Last Airbender,2005,Animation,7.6,Movie,24,2871
 Avatar: The Last Airbender,2005,Animation,8.7,Movie,25,2857
 Avatar: The Last Airbender,2005,Animation,8,Movie,25,3229
 Avatar: The Last Airbender,2005,Animation,7.8,Movie,25,3164
 Avatar: The Last Airbender,2005,Animation,8.2,Movie,23,3339
 Avatar: The Last Airbender,2005,Animation,8.6,Movie,25,3013
 Avatar: The Last Airbender,2005,Animation,7.9,Movie,24,3007
 Avatar: The Last Airbender,2005,Animation,8,Movie,24,2908
 Avatar: The Last Airbender,2005,Animation,9.4,Movie,25,3721
 Avatar: The Last Airbender,2005,Animation,8.7,Movie,24,3007
 Avatar: The Last Airbender,2005,Animation,9.6,Movie,25,4263
 The Boondocks,2005,Animation,8.5,Movie,21,397
 The Boondocks,2005,Animation,8.1,Movie,22,300
 The Boondocks,2005,Animation,8.5,Movie,22,391
 The Boondocks,2005,Animation,8,Movie,22,381
 The Boondocks,2005,Animation,8,Movie,23,279
 The Boondocks,2005,Animation,7.9,Movie,20,469
 The Boondocks,2005,Animation,8.3,Movie,20,301
 The Boondocks,2005,Animation,7.8,Movie,22,286
 The Boondocks,2005,Animation,8.2,Movie,23,341
 The Boondocks,2005,Animation,8.3,Movie,22,429
 Johnny Test,2005,Animation,7.5,Movie,22,40
 Johnny Test,2005,Animation,7.4,Movie,21,42
 Johnny Test,2005,Animation,6.9,Movie,21,41
 Johnny Test,2005,Animation,7,Movie,21,67
 Johnny Test,2005,Animation,6.9,Movie,21,56
 Johnny Test,2005,Animation,7.4,Movie,22,52
 Johnny Test,2005,Animation,7.3,Movie,22,46
 Dexter,2006,Crime,8.3,Movie,55,5581
 The Boondocks,2005,Animation,9,Movie,23,460
 Avatar: The Last Airbender,2005,Animation,7.9,Movie,25,2946
 Avatar: The Last Airbender,2005,Animation,8.2,Movie,25,3338
 The Boondocks,2005,Animation,8.2,Movie,23,311
 Avatar: The Last Airbender,2005,Animation,8.7,Movie,25,3009
 Avatar: The Last Airbender,2005,Animation,7.7,Movie,25,2882
 The Boondocks,2005,Animation,8.4,Movie,23,327
 Avatar: The Last Airbender,2005,Animation,8.2,Movie,25,2965
 The Boondocks,2005,Animation,8.6,Movie,23,310
 The Boondocks,2005,Animation,7.6,Movie,22,261
 American Experience,1988,Documentary,6.8,Movie,53,194
 Avatar: The Last Airbender,2005,Animation,8.3,Movie,25,3550
 Avatar: The Last Airbender,2005,Animation,9.3,Movie,25,4347
 Avatar: The Last Airbender,2005,Animation,8.4,Movie,25,2812
 Dexter,2006,Crime,8.8,Movie,53,7943
 Avatar: The Last Airbender,2005,Animation,8.6,Movie,25,2836
 Avatar: The Last Airbender,2005,Animation,9.2,Movie,25,3451
 Avatar: The Last Airbender,2005,Animation,8.9,Movie,25,3130
 The Boondocks,2005,Animation,9.3,Movie,22,413
 Johnny Test,2005,Animation,7,Movie,21,41
 Johnny Test,2005,Animation,7.2,Movie,21,38
 Johnny Test,2005,Animation,7.2,Movie,21,42
 Avatar: The Last Airbender,2005,Animation,8.9,Movie,24,3386
 Avatar: The Last Airbender,2005,Animation,8.1,Movie,23,3969
 Avatar: The Last Airbender,2005,Animation,9.1,Movie,25,3097
 Avatar: The Last Airbender,2005,Animation,8.5,Movie,25,3469
 Avatar: The Last Airbender,2005,Animation,8.2,Movie,25,3158
 Avatar: The Last Airbender,2005,Animation,9.6,Movie,25,4212
 Avatar: The Last Airbender,2005,Animation,8,Movie,25,3068
 Dexter,2006,Crime,8.5,Movie,56,4909
 Avatar: The Last Airbender,2005,Animation,9.2,Movie,25,3587
 Dexter,2006,Crime,8.7,Movie,58,5116
 Bleach: Burîchi,2004,Animation,8.7,Movie,23,181
 Avatar: The Last Airbender,2005,Animation,8.4,Movie,24,2750
 Avatar: The Last Airbender,2005,Animation,7,Movie,25,3270
 Dexter,2006,Crime,8.4,Movie,51,5212
 Avatar: The Last Airbender,2005,Animation,8.8,Movie,25,2923
 Avatar: The Last Airbender,2005,Animation,8.8,Movie,25,2961
 Avatar: The Last Airbender,2005,Animation,9.1,Movie,25,3555
 Avatar: The Last Airbender,2005,Animation,9,Movie,24,3019
 Avatar: The Last Airbender,2005,Animation,9.1,Movie,25,3068
 Dexter,2006,Crime,9,Movie,53,5138
 The Blue Planet,2001,Documentary,8.1,Movie,48,577
 The Blue Planet,2001,Documentary,8.6,Movie,49,764
 The Blue Planet,2001,Documentary,8.1,Movie,49,594
 The Blue Planet,2001,Documentary,8.2,Movie,49,638
 The Blue Planet,2001,Documentary,8.2,Movie,49,746
 The Blue Planet,2001,Documentary,8,Movie,48,634
 The Blue Planet,2001,Documentary,8,Movie,49,579
 The Blue Planet,2001,Documentary,8,Movie,49,570
 Johnny Test,2005,Animation,7.1,Movie,21,45
 Bleach: Burîchi,2004,Animation,7.9,Movie,24,209
 Bleach: Burîchi,2004,Animation,7.7,Movie,24,325
 Bleach: Burîchi,2004,Animation,8.9,Movie,24,176
 Bleach: Burîchi,2004,Animation,8.1,Movie,24,180
 Bleach: Burîchi,2004,Animation,7.4,Movie,24,216
 Bleach: Burîchi,2004,Animation,7.6,Movie,24,182
 Bleach: Burîchi,2004,Animation,7.6,Movie,23,153
 Bleach: Burîchi,2004,Animation,8.2,Movie,24,204
 Bleach: Burîchi,2004,Animation,7.9,Movie,24,261
 Bleach: Burîchi,2004,Animation,7.9,Movie,24,176
 Bleach: Burîchi,2004,Animation,9.1,Movie,24,213
 Bleach: Burîchi,2004,Animation,7,Movie,25,112
 Bleach: Burîchi,2004,Animation,7.8,Movie,24,271
 Bleach: Burîchi,2004,Animation,8.6,Movie,24,183
 Bleach: Burîchi,2004,Animation,8.3,Movie,24,216
 Bleach: Burîchi,2004,Animation,8,Movie,24,194
 Bleach: Burîchi,2004,Animation,7.8,Movie,24,244
 Bleach: Burîchi,2004,Animation,7.8,Movie,24,204
 Bleach: Burîchi,2004,Animation,7.9,Movie,24,185
 Bleach: Burîchi,2004,Animation,9,Movie,24,186
 Bleach: Burîchi,2004,Animation,7.8,Movie,24,233
 Bleach: Burîchi,2004,Animation,8.4,Movie,24,214
 Bleach: Burîchi,2004,Animation,8.5,Movie,24,227
 Bleach: Burîchi,2004,Animation,8.7,Movie,24,159
 Bleach: Burîchi,2004,Animation,7.8,Movie,24,237
 Bleach: Burîchi,2004,Animation,7.5,Movie,24,199
 Bleach: Burîchi,2004,Animation,6.5,Movie,24,163
 Bleach: Burîchi,2004,Animation,8,Movie,23,150
 Bleach: Burîchi,2004,Animation,8.5,Movie,24,156
 Bleach: Burîchi,2004,Animation,7.8,Movie,23,158
 Bleach: Burîchi,2004,Animation,8.1,Movie,24,172
 Bleach: Burîchi,2004,Animation,8.1,Movie,24,204
 Bleach: Burîchi,2004,Animation,8,Movie,24,187
 Bleach: Burîchi,2004,Animation,8.1,Movie,24,180
 Bleach: Burîchi,2004,Animation,8.9,Movie,24,188
 Bleach: Burîchi,2004,Animation,8.7,Movie,24,199
 Bleach: Burîchi,2004,Animation,7.9,Movie,24,147
 Bleach: Burîchi,2004,Animation,8,Movie,23,151
 Bleach: Burîchi,2004,Animation,8.4,Movie,24,181
 Bleach: Burîchi,2004,Animation,8.4,Movie,24,152
 Bleach: Burîchi,2004,Animation,8.4,Movie,23,158
 Bleach: Burîchi,2004,Animation,6.1,Movie,23,142
 Bleach: Burîchi,2004,Animation,7.7,Movie,24,431
 Bleach: Burîchi,2004,Animation,8.3,Movie,23,165
 Bleach: Burîchi,2004,Animation,7.7,Movie,24,210
 Bleach: Burîchi,2004,Animation,7.5,Movie,24,186
 Bleach: Burîchi,2004,Animation,8.9,Movie,23,205
 Bleach: Burîchi,2004,Animation,7.7,Movie,24,290
 Bleach: Burîchi,2004,Animation,8.5,Movie,24,194
 Bleach: Burîchi,2004,Animation,7.7,Movie,24,187
 Bleach: Burîchi,2004,Animation,8.2,Movie,24,205
 Bleach: Burîchi,2004,Animation,8.3,Movie,23,183
 Bleach: Burîchi,2004,Animation,8.3,Movie,24,148
 Bleach: Burîchi,2004,Animation,8,Movie,24,178
 Bleach: Burîchi,2004,Animation,8.1,Movie,24,236
 Bleach: Burîchi,2004,Animation,8.9,Movie,24,178
 Bleach: Burîchi,2004,Animation,8,Movie,23,167
 Bleach: Burîchi,2004,Animation,8.5,Movie,24,188
 Bleach: Burîchi,2004,Animation,9.1,Movie,25,215
 Bleach: Burîchi,2004,Animation,8.2,Movie,23,154
 Bleach: Burîchi,2004,Animation,7,Movie,26,120
 Bleach: Burîchi,2004,Animation,7.6,Movie,24,182
 Bleach: Burîchi,2004,Animation,8.7,Movie,24,168
 Bleach: Burîchi,2004,Animation,7.8,Movie,24,183
 Dexter,2006,Crime,8.7,Movie,52,4791
 Dexter,2006,Crime,9,Movie,53,5188
 Johnny Test,2005,Animation,7.5,Movie,21,38
 Dexter,2006,Crime,8.6,Movie,55,4659
 Dexter,2006,Crime,9.2,Movie,56,5255
 Dexter,2006,Crime,9.3,Movie,54,5369
 Avatar: The Last Airbender,2005,Animation,8.6,Movie,25,2745
 Dexter,2006,Crime,9.6,Movie,56,8434
 Avatar: The Last Airbender,2005,Animation,9.1,Movie,25,3049
 Avatar: The Last Airbender,2005,Animation,8.6,Movie,25,3175
 Avatar: The Last Airbender,2005,Animation,8.2,Movie,24,2757
 Avatar: The Last Airbender,2005,Animation,8.9,Movie,25,3109
 Avatar: The Last Airbender,2005,Animation,8,Movie,23,2898
 Johnny Test,2005,Animation,6.4,Movie,23,36
 Johnny Test,2005,Animation,6.7,Movie,23,31
 Johnny Test,2005,Animation,7.6,Movie,21,46
 Avatar: The Last Airbender,2005,Animation,9.2,Movie,25,3426
 Johnny Test,2005,Animation,6.6,Movie,23,32
 Johnny Test,2005,Animation,7,Movie,23,32
 The Boondocks,2005,Animation,7.5,Movie,23,217
 Johnny Test,2005,Animation,6.3,Movie,23,32
 Johnny Test,2005,Animation,7.6,Movie,23,40
 Johnny Test,2005,Animation,6.6,Movie,23,24
 Johnny Test,2005,Animation,6.6,Movie,23,26
 American Masters,1985,Documentary,7.8,Movie,87,142
 Avatar: The Last Airbender,2005,Animation,8.4,Movie,25,2946
 Avatar: The Last Airbender,2005,Animation,8.8,Movie,25,3022
 Supergirl,2015,Action,7.5,Movie,42,1025
 Good Girls,2018,Comedy,8.5,Movie,42,582
 The Umbrella Academy,2019,Action,8.4,Movie,47,3533
 Supergirl,2015,Action,7.2,Movie,42,1077
 Blood of Zeus,2020,Animation,7.6,Movie,27,613
 Blood of Zeus,2020,Animation,8,Movie,31,549
 Blood of Zeus,2020,Animation,8.5,Movie,27,533
 Blood of Zeus,2020,Animation,8.3,Movie,31,504
 Blood of Zeus,2020,Animation,8.1,Movie,25,462
 Blood of Zeus,2020,Animation,7.7,Movie,32,456
 Blood of Zeus,2020,Animation,8.4,Movie,34,467
 Blood of Zeus,2020,Animation,8.7,Movie,37,516
 The Kominsky Method,2018,Comedy,8.2,Movie,23,776
 The Kominsky Method,2018,Comedy,8.1,Movie,29,708
 The Kominsky Method,2018,Comedy,8.1,Movie,25,680
 The Letter for the King,2020,Family,7,Movie,51,240
 The Letter for the King,2020,Family,6.9,Movie,40,209
 The Letter for the King,2020,Family,7.1,Movie,46,218
 The Letter for the King,2020,Family,5.8,Movie,49,255
 The Kominsky Method,2018,Comedy,8.1,Movie,25,679
 The Kominsky Method,2018,Comedy,8.3,Movie,25,685
 The Kominsky Method,2018,Comedy,8.1,Movie,21,651
 The Kominsky Method,2018,Comedy,8.1,Movie,26,717
 The Umbrella Academy,2019,Action,8.1,Movie,48,3124
 Sorjonen,2016,Crime,7.7,Movie,61,177
 Élite,2018,Thriller,7.9,Movie,48,1048
 Élite,2018,Thriller,9.1,Movie,51,1603
 You vs. Wild,2019,Adventure,6.5,Movie,14,206
 You vs. Wild,2019,Adventure,6.7,Movie,20,158
 You vs. Wild,2019,Adventure,6.9,Movie,26,118
 You vs. Wild,2019,Adventure,7,Movie,69,91
 You vs. Wild,2019,Adventure,6.9,Movie,69,91
 You vs. Wild,2019,Adventure,7.1,Movie,69,85
 You vs. Wild,2019,Adventure,6.8,Movie,69,86
 You vs. Wild,2019,Adventure,6.9,Movie,69,78
 Mighty Little Bheem,2019,Animation,9.1,Movie,69,9
 Supergirl,2015,Action,8.2,Movie,42,1130
 The Last Kingdom,2015,Historical,8.6,Movie,56,2082
 The Queen's Gambit,2020,Drama,8.5,Movie,59,9464
 The Queen's Gambit,2020,Drama,8.8,Movie,65,8832
 The Queen's Gambit,2020,Drama,8.5,Movie,46,7965
 The Queen's Gambit,2020,Drama,8.5,Movie,49,7730
 The Queen's Gambit,2020,Drama,8.3,Movie,48,7462
 The Queen's Gambit,2020,Drama,8.5,Movie,60,7538
 Never Have I Ever,2020,Comedy,7.5,Movie,28,848
 Never Have I Ever,2020,Comedy,7.7,Movie,29,746
 Never Have I Ever,2020,Comedy,7.9,Movie,30,703
 Never Have I Ever,2020,Comedy,7.8,Movie,22,699
 Never Have I Ever,2020,Comedy,7.9,Movie,29,694
 Never Have I Ever,2020,Comedy,8.6,Movie,23,799
 Never Have I Ever,2020,Comedy,7.8,Movie,24,648
 Never Have I Ever,2020,Comedy,8.2,Movie,28,674
 Never Have I Ever,2020,Comedy,8.5,Movie,24,708
 Never Have I Ever,2020,Comedy,8.9,Movie,28,884
 The Gift,2019,Fantasy,7.9,Movie,42,777
 The Gift,2019,Fantasy,8,Movie,43,655
 The Gift,2019,Fantasy,8.1,Movie,48,621
 The Gift,2019,Fantasy,7.8,Movie,43,575
 The Gift,2019,Fantasy,7.7,Movie,46,576
 The Gift,2019,Fantasy,8,Movie,42,549
 The Gift,2019,Fantasy,7.8,Movie,41,540
 The Gift,2019,Fantasy,8.4,Movie,49,630
 Hollywood,2020,Drama,7.7,Movie,44,1572
 On My Block,2018,Comedy,8.4,Movie,30,199
 Good Girls,2018,Comedy,8.1,Movie,41,460
 The Flash,2014,Action,7.9,Movie,42,1881
 The Flash,2014,Action,7.5,Movie,42,1731
 The Flash,2014,Action,7.7,Movie,42,1711
 The Flash,2014,Action,7.6,Movie,42,1669
 The Flash,2014,Action,7.5,Movie,42,1706
 The Flash,2014,Action,8.7,Movie,42,2085
 The Flash,2014,Action,8.1,Movie,42,1728
 The Flash,2014,Action,7,Movie,42,1479
 Home for Christmas,2019,Romance,7.4,Movie,31,210
 Home for Christmas,2019,Romance,7.5,Movie,26,194
 Home for Christmas,2019,Romance,7.3,Movie,29,189
 Home for Christmas,2019,Romance,7.5,Movie,27,189
 Home for Christmas,2019,Romance,7.7,Movie,31,211
 Home for Christmas,2019,Romance,7.3,Movie,29,233
 Entertainment Tonight Canada,2005,Biography,7.1,Movie,69,789
 Power Rangers Beast Morphers,2019,Action,8.7,Movie,69,43
 The Order,2019,Horror,7.3,Movie,47,375
 The Order,2019,Horror,7.4,Movie,48,339
 The Order,2019,Horror,7.6,Movie,44,335
 The Order,2019,Horror,7.7,Movie,45,332
 The Order,2019,Horror,7.5,Movie,51,312
 The Order,2019,Horror,7.7,Movie,46,311
 The Order,2019,Horror,7.6,Movie,46,316
 The Order,2019,Horror,7.7,Movie,51,333
 The Order,2019,Horror,7.6,Movie,49,305
 The Order,2019,Horror,8,Movie,49,372
 Johnny Test,2005,Animation,6.4,Movie,23,24
 Johnny Test,2005,Animation,6.6,Movie,23,25
 Johnny Test,2005,Animation,6.3,Movie,23,28
 Johnny Test,2005,Animation,6.8,Movie,23,34
 Virgin River,2019,Romance,8.1,Movie,41,461
 On My Block,2018,Comedy,8.2,Movie,32,175
 Bridgerton,2020,Romance,7.3,Movie,58,2259
 Warrior Nun,2020,Fantasy,7.2,Movie,40,863
 Warrior Nun,2020,Fantasy,7.4,Movie,46,815
 Warrior Nun,2020,Fantasy,7.4,Movie,44,776
 Warrior Nun,2020,Fantasy,7.5,Movie,45,763
 Warrior Nun,2020,Fantasy,7.5,Movie,46,777
 Warrior Nun,2020,Fantasy,7.6,Movie,39,740
 Warrior Nun,2020,Fantasy,7.6,Movie,41,731
 Warrior Nun,2020,Fantasy,8,Movie,37,760
 Warrior Nun,2020,Fantasy,8.1,Movie,42,885
 Power Rangers Beast Morphers,2019,Action,8.7,Movie,69,43
 Power Rangers Beast Morphers,2019,Action,8.5,Movie,69,40
 Power Rangers Beast Morphers,2019,Action,8.7,Movie,69,42
 Greenleaf,2016,Drama,8.1,Movie,42,30
 Ultraman,2019,Animation,7.3,Movie,69,106
 Ultraman,2019,Animation,7.1,Movie,69,91
 Ultraman,2019,Animation,7.5,Movie,69,85
 Ultraman,2019,Animation,6.9,Movie,69,80
 Ultraman,2019,Animation,7.2,Movie,69,74
 Ultraman,2019,Animation,7.2,Movie,69,71
 Ultraman,2019,Animation,7.4,Movie,69,71
 Ultraman,2019,Animation,7.4,Movie,69,69
 Ultraman,2019,Animation,7,Movie,69,72
 Ultraman,2019,Animation,7.4,Movie,69,69
 Ultraman,2019,Animation,7.8,Movie,69,69
 Ultraman,2019,Animation,8.5,Movie,69,78
 The Rain,2018,Sci-Fi,7,Movie,46,553
 The Rain,2018,Sci-Fi,6.7,Movie,41,526
 The Rain,2018,Sci-Fi,6.8,Movie,48,517
 The Rain,2018,Sci-Fi,7,Movie,43,524
 The Rain,2018,Sci-Fi,7.5,Movie,42,614
 After Life,2019,Comedy,7.9,Movie,27,1942
 Spirit Riding Free,2017,Animation,8.1,Movie,23,15
 Spirit Riding Free,2017,Animation,8.5,Movie,23,14
 Spirit Riding Free,2017,Animation,8,Movie,23,11
 Spirit Riding Free,2017,Animation,8,Movie,23,13
 Spirit Riding Free,2017,Animation,8.1,Movie,69,13
 Spirit Riding Free,2017,Animation,8.2,Movie,69,14
 Baby,2018,Drama,7.6,Movie,49,146
 Roman Empire,2016,Documentary,7.2,Movie,69,205
 Roman Empire,2016,Documentary,7.2,Movie,69,175
 Roman Empire,2016,Documentary,7.3,Movie,69,174
 Roman Empire,2016,Documentary,7.3,Movie,69,169
 Baby,2018,Drama,7.8,Movie,49,131
 Baby,2018,Drama,7.9,Movie,51,130
 Baby,2018,Drama,8,Movie,43,125
 Baby,2018,Drama,7.9,Movie,41,117
 Baby,2018,Drama,8,Movie,45,131
 The Letter for the King,2020,Family,7,Movie,45,234
 Dexter,2006,Crime,8.8,Movie,53,4744
 Dexter,2006,Crime,9,Movie,55,4213
 Dexter,2006,Crime,9,Movie,51,4210
 Dexter,2006,Crime,9.2,Movie,51,5115
 Dexter,2006,Crime,8.6,Movie,56,4324
 Dexter,2006,Crime,8.7,Movie,52,4287
 Dexter,2006,Crime,8.4,Movie,53,4105
 Dexter,2006,Crime,8.7,Movie,56,4236
 Dexter,2006,Crime,8.6,Movie,53,4105
 Dexter,2006,Crime,8.8,Movie,55,4176
 Dexter,2006,Crime,9.1,Movie,49,4362
 Dexter,2006,Crime,9.4,Movie,50,4870
 Undercover,2019,Thriller,7.6,Movie,46,334
 Le Bazar de la Charité,2019,Historical,7.8,Movie,48,97
 Pose,2018,Drama,8.9,Movie,42,591
 Pose,2018,Drama,9.2,Movie,68,651
 Knightfall,2017,Action,8.6,Movie,41,510
 Brigada Costa del Sol,2019,Action,7.1,Movie,69,30
 Lunatics,2019,Comedy,7.3,Movie,69,90
 Lunatics,2019,Comedy,6.7,Movie,69,124
 Lunatics,2019,Comedy,7.4,Movie,69,77
 Lunatics,2019,Comedy,7.4,Movie,69,75
 Lunatics,2019,Comedy,7.4,Movie,69,69
 Lunatics,2019,Comedy,7.3,Movie,69,68
 Lunatics,2019,Comedy,7.6,Movie,69,69
 Lunatics,2019,Comedy,7.3,Movie,69,66
 Lunatics,2019,Comedy,7.8,Movie,69,68
 Lunatics,2019,Comedy,7.5,Movie,69,67
 Street Food: Asia,2019,Documentary,8,Movie,69,273
 Street Food: Asia,2019,Documentary,8.2,Movie,69,247
 Street Food: Asia,2019,Documentary,7.5,Movie,69,194
 Street Food: Asia,2019,Documentary,7.6,Movie,69,170
 Street Food: Asia,2019,Documentary,7.8,Movie,69,160
 Street Food: Asia,2019,Documentary,7.9,Movie,69,152
 Street Food: Asia,2019,Documentary,7.6,Movie,69,145
 Street Food: Asia,2019,Documentary,7.5,Movie,69,128
 Street Food: Asia,2019,Documentary,7.5,Movie,69,121
 How to Sell Drugs Online (Fast),2019,Comedy,7.8,Movie,32,854
 Mighty Little Bheem,2019,Animation,9,Movie,69,6
 Mighty Little Bheem,2019,Animation,9.3,Movie,69,7
 Mighty Little Bheem,2019,Animation,7.1,Movie,69,789
 Mighty Little Bheem,2019,Animation,7.1,Movie,69,789
 Mighty Little Bheem,2019,Animation,9.4,Movie,69,8
 Mighty Little Bheem,2019,Animation,9,Movie,69,6
 Mighty Little Bheem,2019,Animation,9,Movie,69,6
 Mighty Little Bheem,2019,Animation,7.1,Movie,69,789
 Mighty Little Bheem,2019,Animation,7.1,Movie,69,789
 Mighty Little Bheem,2019,Animation,7.1,Movie,69,789
 Mighty Little Bheem,2019,Animation,7.1,Movie,69,789
 Mighty Little Bheem,2019,Animation,7.1,Movie,69,789
 Mighty Little Bheem,2019,Animation,7.1,Movie,69,789
 Mighty Little Bheem,2019,Animation,7.1,Movie,69,789
 Mighty Little Bheem,2019,Animation,7.1,Movie,69,789
 Mighty Little Bheem,2019,Animation,7.1,Movie,69,789
 Mighty Little Bheem,2019,Animation,7.1,Movie,69,789
 Mighty Little Bheem,2019,Animation,7.1,Movie,69,789
 Mighty Little Bheem,2019,Animation,7.1,Movie,69,789
 Mighty Little Bheem,2019,Animation,7.1,Movie,69,789
 The Society,2019,Sci-Fi,7.5,Movie,60,744
 Dare Me,2019,Thriller,7.2,Movie,52,268
 The Pentaverate,2018,Comedy,7.1,Movie,69,789
 The Pentaverate,2018,Comedy,7.1,Movie,69,789
 The Pentaverate,2018,Comedy,7.1,Movie,69,789
 The Pentaverate,2018,Comedy,7.1,Movie,69,789
 The Pentaverate,2018,Comedy,7.1,Movie,69,789
 The Pentaverate,2018,Comedy,7.1,Movie,69,789
 Anne,2017,Family,9,Movie,44,1541
 The English Game,2020,Historical,7.6,Movie,69,503
 The English Game,2020,Historical,7.6,Movie,69,439
 The English Game,2020,Historical,7.3,Movie,69,400
 The English Game,2020,Historical,7.9,Movie,69,374
 The English Game,2020,Historical,7.8,Movie,69,348
 The English Game,2020,Historical,8.6,Movie,69,398
 Alex,2017,Thriller,7.3,Movie,47,30
 Alex,2017,Thriller,7.3,Movie,69,28
 Alex,2017,Thriller,7.5,Movie,69,28
 Alex,2017,Thriller,7.6,Movie,69,27
 Alex,2017,Thriller,7.6,Movie,69,25
 Alex,2017,Thriller,7,Movie,69,27
 The 100,2014,Sci-Fi,8,Movie,41,2283
 She-Ra and the Princesses of Power,2018,Animation,7.7,Movie,24,948
 She-Ra and the Princesses of Power,2018,Animation,7.4,Movie,24,943
 She-Ra and the Princesses of Power,2018,Animation,8.1,Movie,24,997
 She-Ra and the Princesses of Power,2018,Animation,7.9,Movie,24,962
 She-Ra and the Princesses of Power,2018,Animation,8,Movie,24,967
 She-Ra and the Princesses of Power,2018,Animation,7.9,Movie,24,987
 Greenleaf,2016,Drama,8.1,Movie,42,33
 Greenleaf,2016,Drama,8.3,Movie,41,32
 Greenleaf,2016,Drama,8.1,Movie,42,28
 Greenleaf,2016,Drama,8.1,Movie,42,30
 Greenleaf,2016,Drama,8.3,Movie,42,29
 Greenleaf,2016,Drama,8.1,Movie,42,37
 Good Girls,2018,Comedy,8.2,Movie,42,445
 The Stranger,2020,Crime,7.5,Movie,51,1134
 The Stranger,2020,Crime,7.5,Movie,48,1004
 The Stranger,2020,Crime,7.6,Movie,43,921
 Good Girls,2018,Comedy,8.3,Movie,42,461
 Aseudal Yeondaegi,2019,Fantasy,8.3,Movie,80,202
 Historia de un crimen: Colmenares,2019,Crime,7.4,Movie,47,42
 Historia de un crimen: Colmenares,2019,Crime,7.1,Movie,69,34
 Historia de un crimen: Colmenares,2019,Crime,6.8,Movie,69,30
 Historia de un crimen: Colmenares,2019,Crime,6.9,Movie,69,29
 Historia de un crimen: Colmenares,2019,Crime,7,Movie,69,28
 Historia de un crimen: Colmenares,2019,Crime,6.5,Movie,69,26
 Historia de un crimen: Colmenares,2019,Crime,6.3,Movie,69,25
 Historia de un crimen: Colmenares,2019,Crime,5.5,Movie,69,26
 Brigada Costa del Sol,2019,Action,7.5,Movie,69,21
 Tiny House Nation,2014,Reality-TV,7.3,Movie,40,39
 Tiny House Nation,2014,Reality-TV,3.7,Movie,41,53
 Tiny House Nation,2014,Reality-TV,7,Movie,41,23
 Tiny House Nation,2014,Reality-TV,7.5,Movie,40,24
 Tiny House Nation,2014,Reality-TV,7,Movie,41,22
 Tiny House Nation,2014,Reality-TV,7.4,Movie,40,23
 Brigada Costa del Sol,2019,Action,7.4,Movie,69,19
 Cobra Kai,2018,Comedy,8.2,Movie,32,2857
 Cobra Kai,2018,Comedy,8.6,Movie,36,2685
 Cobra Kai,2018,Comedy,8.3,Movie,29,2383
 Cobra Kai,2018,Comedy,8.3,Movie,38,2664
 Cobra Kai,2018,Comedy,9.2,Movie,39,3216
 Cobra Kai,2018,Comedy,8,Movie,32,2540
 Cobra Kai,2018,Comedy,8.5,Movie,34,2461
 Cobra Kai,2018,Comedy,8.9,Movie,30,2750
 Cobra Kai,2018,Comedy,8.5,Movie,28,2457
 Cobra Kai,2018,Comedy,9.5,Movie,41,4554
 Outer Banks,2020,Crime,7.5,Movie,54,944
 Outer Banks,2020,Crime,7.6,Movie,47,813
 Outer Banks,2020,Crime,7.7,Movie,47,762
 Outer Banks,2020,Crime,8.2,Movie,49,798
 Outer Banks,2020,Crime,8.2,Movie,47,741
 Outer Banks,2020,Crime,8.4,Movie,53,754
 Outer Banks,2020,Crime,8.2,Movie,47,700
 Outer Banks,2020,Crime,8.6,Movie,46,776
 Outer Banks,2020,Crime,8.2,Movie,52,727
 Outer Banks,2020,Crime,8.4,Movie,57,825
 Tiny House Nation,2014,Reality-TV,6.5,Movie,41,30
 Tiny House Nation,2014,Reality-TV,7.8,Movie,41,19
 Alguien tiene que morir,2020,Thriller,6.8,Movie,49,204
 Alguien tiene que morir,2020,Thriller,7.1,Movie,48,178
 Alguien tiene que morir,2020,Thriller,6.5,Movie,52,181
 She-Ra and the Princesses of Power,2018,Animation,7.8,Movie,24,935
 Leila,2019,Sci-Fi,5,Movie,53,288
 Brigada Costa del Sol,2019,Action,7.8,Movie,69,17
 Brigada Costa del Sol,2019,Action,7.8,Movie,69,15
 Brigada Costa del Sol,2019,Action,8,Movie,69,16
 Brigada Costa del Sol,2019,Action,7.8,Movie,69,14
 Brigada Costa del Sol,2019,Action,8,Movie,69,12
 Brigada Costa del Sol,2019,Action,8.2,Movie,69,12
 Brigada Costa del Sol,2019,Action,8.4,Movie,69,12
 Brigada Costa del Sol,2019,Action,8.2,Movie,69,12
 Brigada Costa del Sol,2019,Action,8.1,Movie,69,11
 Brigada Costa del Sol,2019,Action,8,Movie,69,10
 Stateless,2020,Drama,7.8,Movie,69,384
 Stateless,2020,Drama,8,Movie,69,322
 Stateless,2020,Drama,8.1,Movie,69,298
 Stateless,2020,Drama,8.2,Movie,69,295
 Stateless,2020,Drama,8.3,Movie,69,292
 Stateless,2020,Drama,8.5,Movie,69,310
 The Good Place,2016,Comedy,7.8,Movie,22,1548
 The Good Place,2016,Comedy,7.8,Movie,22,1633
 The Good Place,2016,Comedy,7.5,Movie,22,1599
 The Good Place,2016,Comedy,8.1,Movie,22,1642
 Anne,2017,Family,9.2,Movie,44,1524
 Transformers: War for Cybertron,2020,Animation,7.3,Movie,25,114
 Transformers: War for Cybertron,2020,Animation,7.3,Movie,24,105
 Transformers: War for Cybertron,2020,Animation,7.6,Movie,24,111
 White Lines,2020,Crime,6.7,Movie,69,523
 Luna Nera,2020,Thriller,4.9,Movie,46,173
 Luna Nera,2020,Thriller,4.8,Movie,43,144
 Luna Nera,2020,Thriller,4.7,Movie,40,128
 The Stranger,2020,Crime,7.6,Movie,44,893
 The Stranger,2020,Crime,7.9,Movie,42,879
 The Stranger,2020,Crime,7.8,Movie,50,849
 The Stranger,2020,Crime,8,Movie,42,842
 The Stranger,2020,Crime,7.8,Movie,43,927
 Leila,2019,Sci-Fi,5.2,Movie,49,246
 Leila,2019,Sci-Fi,4.9,Movie,48,229
 Leila,2019,Sci-Fi,5.1,Movie,41,218
 Leila,2019,Sci-Fi,5,Movie,42,227
 Leila,2019,Sci-Fi,4.9,Movie,40,225
 How to Sell Drugs Online (Fast),2019,Comedy,7.9,Movie,29,770
 How to Sell Drugs Online (Fast),2019,Comedy,7.9,Movie,28,729
 How to Sell Drugs Online (Fast),2019,Comedy,8,Movie,28,713
 How to Sell Drugs Online (Fast),2019,Comedy,8,Movie,24,704
 How to Sell Drugs Online (Fast),2019,Comedy,8.5,Movie,28,796
 Oktoberfest: Beer & Blood,2020,Historical,6.9,Movie,48,125
 Oktoberfest: Beer & Blood,2020,Historical,6.9,Movie,48,104
 Unorthodox,2020,Drama,7.9,Movie,53,1546
 Unorthodox,2020,Drama,8.1,Movie,53,1413
 Unorthodox,2020,Drama,8,Movie,55,1330
 Unorthodox,2020,Drama,8.3,Movie,54,1377
 Alta mar,2019,Crime,7.5,Movie,69,126
 La Reina de Indias y el Conquistador,2020,Historical,7.1,Movie,69,789
 La Reina de Indias y el Conquistador,2020,Historical,6.8,Movie,69,5
 La Reina de Indias y el Conquistador,2020,Historical,7.1,Movie,69,789
 La Reina de Indias y el Conquistador,2020,Historical,7.1,Movie,69,789
 La Reina de Indias y el Conquistador,2020,Historical,7.1,Movie,69,789
 La Reina de Indias y el Conquistador,2020,Historical,7.1,Movie,69,789
 La Reina de Indias y el Conquistador,2020,Historical,7.1,Movie,69,789
 La Reina de Indias y el Conquistador,2020,Historical,7.1,Movie,69,789
 La Reina de Indias y el Conquistador,2020,Historical,7.1,Movie,69,789
 La Reina de Indias y el Conquistador,2020,Historical,7.1,Movie,69,789
 La Reina de Indias y el Conquistador,2020,Historical,7.1,Movie,69,789
 La Reina de Indias y el Conquistador,2020,Historical,7.1,Movie,69,789
 La Reina de Indias y el Conquistador,2020,Historical,7.1,Movie,69,789
 La Reina de Indias y el Conquistador,2020,Historical,7.1,Movie,69,789
 La Reina de Indias y el Conquistador,2020,Historical,7.1,Movie,69,789
 La Reina de Indias y el Conquistador,2020,Historical,7.1,Movie,69,789
 La Reina de Indias y el Conquistador,2020,Historical,7.1,Movie,69,789
 La Reina de Indias y el Conquistador,2020,Historical,7.1,Movie,69,789
 La Reina de Indias y el Conquistador,2020,Historical,7.1,Movie,69,789
 La Reina de Indias y el Conquistador,2020,Historical,7.1,Movie,69,789
 La Reina de Indias y el Conquistador,2020,Historical,7.1,Movie,69,789
 La Reina de Indias y el Conquistador,2020,Historical,7.1,Movie,69,789
 La Reina de Indias y el Conquistador,2020,Historical,7.1,Movie,69,789
 La Reina de Indias y el Conquistador,2020,Historical,7.1,Movie,69,789
 La Reina de Indias y el Conquistador,2020,Historical,7.1,Movie,69,789
 La Reina de Indias y el Conquistador,2020,Historical,7.1,Movie,69,789
 La Reina de Indias y el Conquistador,2020,Historical,7.1,Movie,69,789
 La Reina de Indias y el Conquistador,2020,Historical,7.1,Movie,69,789
 La Reina de Indias y el Conquistador,2020,Historical,7.1,Movie,69,789
 La Reina de Indias y el Conquistador,2020,Historical,7.1,Movie,69,789
 La Reina de Indias y el Conquistador,2020,Historical,7.1,Movie,69,789
 La Reina de Indias y el Conquistador,2020,Historical,7.1,Movie,69,789
 La Reina de Indias y el Conquistador,2020,Historical,7.1,Movie,69,789
 La Reina de Indias y el Conquistador,2020,Historical,7.1,Movie,69,789
 La Reina de Indias y el Conquistador,2020,Historical,7.1,Movie,69,789
 La Reina de Indias y el Conquistador,2020,Historical,7.1,Movie,69,789
 La Reina de Indias y el Conquistador,2020,Historical,7.1,Movie,69,789
 La Reina de Indias y el Conquistador,2020,Historical,7.1,Movie,69,789
 La Reina de Indias y el Conquistador,2020,Historical,7.1,Movie,69,789
 La Reina de Indias y el Conquistador,2020,Historical,7.1,Movie,69,789
 La Reina de Indias y el Conquistador,2020,Historical,7.1,Movie,69,789
 La Reina de Indias y el Conquistador,2020,Historical,7.1,Movie,69,789
 La Reina de Indias y el Conquistador,2020,Historical,7.1,Movie,69,789
 La Reina de Indias y el Conquistador,2020,Historical,7.1,Movie,69,789
 La Reina de Indias y el Conquistador,2020,Historical,7.1,Movie,69,789
 La Reina de Indias y el Conquistador,2020,Historical,7.1,Movie,69,789
 La Reina de Indias y el Conquistador,2020,Historical,7.1,Movie,69,789
 La Reina de Indias y el Conquistador,2020,Historical,7.1,Movie,69,789
 La Reina de Indias y el Conquistador,2020,Historical,7.1,Movie,69,789
 La Reina de Indias y el Conquistador,2020,Historical,7.1,Movie,69,789
 La Reina de Indias y el Conquistador,2020,Historical,7.1,Movie,69,789
 La Reina de Indias y el Conquistador,2020,Historical,7.1,Movie,69,789
 La Reina de Indias y el Conquistador,2020,Historical,7.1,Movie,69,789
 La Reina de Indias y el Conquistador,2020,Historical,7.1,Movie,69,789
 La Reina de Indias y el Conquistador,2020,Historical,7.1,Movie,69,789
 La Reina de Indias y el Conquistador,2020,Historical,7.1,Movie,69,789
 La Reina de Indias y el Conquistador,2020,Historical,7.1,Movie,69,789
 La Reina de Indias y el Conquistador,2020,Historical,7.1,Movie,69,789
 La Reina de Indias y el Conquistador,2020,Historical,7.1,Movie,69,789
 La Reina de Indias y el Conquistador,2020,Historical,7.1,Movie,69,789
 Fuller House,2016,Family,7.4,Movie,69,179
 Fuller House,2016,Family,7.5,Movie,69,177
 Fuller House,2016,Family,7.6,Movie,69,184
 Fuller House,2016,Family,7.8,Movie,69,181
 Fuller House,2016,Family,7.3,Movie,69,172
 Fuller House,2016,Family,8,Movie,69,174
 Fuller House,2016,Family,7.5,Movie,69,183
 Fuller House,2016,Family,8.6,Movie,69,241
 The Expanding Universe of Ashley Garcia,2020,Comedy,7.1,Movie,69,28
 The Expanding Universe of Ashley Garcia,2020,Comedy,7.2,Movie,69,28
 The Expanding Universe of Ashley Garcia,2020,Comedy,7.4,Movie,69,26
 The Expanding Universe of Ashley Garcia,2020,Comedy,7.5,Movie,69,25
 The Expanding Universe of Ashley Garcia,2020,Comedy,7,Movie,69,25
 The Expanding Universe of Ashley Garcia,2020,Comedy,7.7,Movie,69,25
 The Expanding Universe of Ashley Garcia,2020,Comedy,7.5,Movie,69,27
 The Expanding Universe of Ashley Garcia,2020,Comedy,8.1,Movie,69,30
 Final Space,2018,Animation,7.7,Movie,21,731
 Final Space,2018,Animation,9,Movie,21,941
 Final Space,2018,Animation,8.1,Movie,21,714
 Final Space,2018,Animation,8,Movie,21,662
 Final Space,2018,Animation,8,Movie,21,648
 Final Space,2018,Animation,8.7,Movie,21,691
 Final Space,2018,Animation,8.9,Movie,21,728
 Final Space,2018,Animation,7.6,Movie,21,598
 Final Space,2018,Animation,8.2,Movie,21,583
 Final Space,2018,Animation,8.8,Movie,21,622
 Final Space,2018,Animation,9.2,Movie,21,806
 Dark,2017,Crime,9,Movie,62,12092
 Aseudal Yeondaegi,2019,Fantasy,8.9,Movie,80,191
 Family Business,2019,Comedy,6.7,Movie,21,105
 Dead to Me,2019,Comedy,7.9,Movie,31,1129
 Aseudal Yeondaegi,2019,Fantasy,8.6,Movie,80,157
 Aseudal Yeondaegi,2019,Fantasy,8.9,Movie,80,146
 Aseudal Yeondaegi,2019,Fantasy,8.7,Movie,80,136
 Aseudal Yeondaegi,2019,Fantasy,8.8,Movie,80,139
 The Sinner,2017,Crime,7.5,Movie,49,1669
 The 100,2014,Sci-Fi,8.3,Movie,42,2040
 Lucifer,2016,Crime,8.2,Movie,51,3620
 The 100,2014,Sci-Fi,7.6,Movie,42,1791
 Dark,2017,Crime,9,Movie,54,10355
 Dark,2017,Crime,9.2,Movie,56,10279
 Dark,2017,Crime,9.5,Movie,60,11202
 Dark,2017,Crime,9.3,Movie,56,10274
 Dark,2017,Crime,9.6,Movie,54,12621
 Dark,2017,Crime,9.3,Movie,58,10209
 Dark,2017,Crime,9.5,Movie,57,12762
 The 100,2014,Sci-Fi,8.1,Movie,42,1757
 Supergirl,2015,Action,6.6,Movie,42,1200
 I Am Not Okay with This,2020,Comedy,7.4,Movie,19,1747
 I Am Not Okay with This,2020,Comedy,7.6,Movie,20,1610
 I Am Not Okay with This,2020,Comedy,7.8,Movie,19,1418
 I Am Not Okay with This,2020,Comedy,7.7,Movie,23,1459
 I Am Not Okay with This,2020,Comedy,8,Movie,23,1483
 I Am Not Okay with This,2020,Comedy,8.6,Movie,24,1800
 I Am Not Okay with This,2020,Comedy,7.5,Movie,28,1521
 Supergirl,2015,Action,7.2,Movie,42,1228
 Supergirl,2015,Action,6.8,Movie,42,1064
 Supergirl,2015,Action,6.9,Movie,42,1031
 Supergirl,2015,Action,7.9,Movie,42,1267
 Supergirl,2015,Action,7.9,Movie,42,1276
 Supergirl,2015,Action,7.9,Movie,42,1111
 Supergirl,2015,Action,7.5,Movie,42,1010
" Love, Death & Robots",2019,Animation,8.1,Movie,18,7671
 Supergirl,2015,Action,6.5,Movie,42,1426
 Supergirl,2015,Action,6.5,Movie,42,1089
 Supergirl,2015,Action,8.7,Movie,42,1680
 Supergirl,2015,Action,5.8,Movie,42,1212
 Supergirl,2015,Action,6.3,Movie,42,1209
 Supergirl,2015,Action,7.1,Movie,42,936
 Supergirl,2015,Action,7.7,Movie,42,915
 Siempre Bruja,2019,Fantasy,8.2,Movie,69,22
 El caso Alcàsser,2019,Documentary,7.3,Movie,69,106
 El caso Alcàsser,2019,Documentary,7.4,Movie,69,93
 El caso Alcàsser,2019,Documentary,7.4,Movie,69,98
 El caso Alcàsser,2019,Documentary,7.3,Movie,69,88
 El caso Alcàsser,2019,Documentary,6.5,Movie,69,87
 White Lines,2020,Crime,7.5,Movie,69,370
 White Lines,2020,Crime,7.1,Movie,69,406
 White Lines,2020,Crime,7.2,Movie,69,334
 White Lines,2020,Crime,7.3,Movie,69,349
 White Lines,2020,Crime,7.2,Movie,69,319
 White Lines,2020,Crime,7.3,Movie,69,301
 White Lines,2020,Crime,7.4,Movie,69,297
 White Lines,2020,Crime,7.4,Movie,69,288
 White Lines,2020,Crime,7.2,Movie,69,339
 Pacific Rim,2021,Animation,7.1,Movie,29,238
 Pacific Rim,2021,Animation,6.9,Movie,22,196
 Pacific Rim,2021,Animation,7.1,Movie,21,186
 Pacific Rim,2021,Animation,7.1,Movie,25,185
 Yankee,2019,Drama,5.7,Movie,44,23
 Bojwagwan,2019,Drama,7.5,Movie,69,12
 Bojwagwan,2019,Drama,8.7,Movie,69,10
 Bojwagwan,2019,Drama,8.2,Movie,69,6
 Bojwagwan,2019,Drama,8.6,Movie,69,7
 Bojwagwan,2019,Drama,8.2,Movie,69,6
 Bojwagwan,2019,Drama,8.3,Movie,69,6
 Bojwagwan,2019,Drama,8.2,Movie,69,6
 Bojwagwan,2019,Drama,8.3,Movie,69,6
 Bojwagwan,2019,Drama,8.2,Movie,69,6
 Bojwagwan,2019,Drama,8.3,Movie,69,6
 The Last Kingdom,2015,Historical,8.7,Movie,53,1794
 Grand Army,2020,Drama,7.3,Movie,51,145
 Grand Army,2020,Drama,7.2,Movie,49,126
 Queer Eye,2018,Reality-TV,8.8,Movie,69,315
 Queer Eye,2018,Reality-TV,8.6,Movie,69,204
 Power Rangers Beast Morphers,2019,Action,8.3,Movie,69,31
 Comedians in Cars Getting Coffee,2012,Animation,8.2,Movie,42,360
 Comedians in Cars Getting Coffee,2012,Animation,7.4,Movie,17,270
 Comedians in Cars Getting Coffee,2012,Animation,8.1,Movie,17,282
 Comedians in Cars Getting Coffee,2012,Animation,7.6,Movie,20,220
 Comedians in Cars Getting Coffee,2012,Animation,8,Movie,18,248
 Comedians in Cars Getting Coffee,2012,Animation,7.7,Movie,19,197
 Comedians in Cars Getting Coffee,2012,Animation,6.6,Movie,16,190
 Comedians in Cars Getting Coffee,2012,Animation,6.5,Movie,13,190
 Comedians in Cars Getting Coffee,2012,Animation,6.7,Movie,16,171
 Comedians in Cars Getting Coffee,2012,Animation,6.4,Movie,17,151
 Avatar: The Last Airbender,2005,Animation,9.7,Movie,24,2770
 Comedians in Cars Getting Coffee,2012,Animation,7,Movie,17,162
 I Think You Should Leave with Tim Robinson,2019,Comedy,8.4,Movie,17,246
 Bridgerton,2020,Romance,7.6,Movie,61,1948
 Bridgerton,2020,Romance,8,Movie,61,1837
 Bridgerton,2020,Romance,7.8,Movie,57,1850
 Bridgerton,2020,Romance,8.1,Movie,61,1905
 Bridgerton,2020,Romance,7.6,Movie,57,1715
 Bridgerton,2020,Romance,7.7,Movie,60,1644
 Bridgerton,2020,Romance,8,Movie,72,1776
 The Rain,2018,Sci-Fi,6.7,Movie,48,375
 Typewriter,2019,Horror,7.1,Movie,52,166
 Las chicas del cable,2017,Drama,7.7,Movie,69,95
 The Flash,2014,Action,4.9,Movie,42,1901
 Power Rangers Beast Morphers,2019,Action,8.2,Movie,69,30
 Go! Vive a Tu Manera,2019,Musical,8.5,Movie,69,12
 Go! Vive a Tu Manera,2019,Musical,8.6,Movie,69,9
 Go! Vive a Tu Manera,2019,Musical,8.4,Movie,69,8
 Go! Vive a Tu Manera,2019,Musical,8.4,Movie,69,8
 Go! Vive a Tu Manera,2019,Musical,8.4,Movie,69,7
 Go! Vive a Tu Manera,2019,Musical,8.3,Movie,69,7
 Go! Vive a Tu Manera,2019,Musical,7.8,Movie,69,6
 Go! Vive a Tu Manera,2019,Musical,8,Movie,69,7
 Go! Vive a Tu Manera,2019,Musical,8.1,Movie,69,7
 Go! Vive a Tu Manera,2019,Musical,8.3,Movie,69,7
 Go! Vive a Tu Manera,2019,Musical,8.4,Movie,69,8
 Go! Vive a Tu Manera,2019,Musical,8.1,Movie,69,7
 Go! Vive a Tu Manera,2019,Musical,8.3,Movie,69,7
 Go! Vive a Tu Manera,2019,Musical,8.8,Movie,69,8
 Go! Vive a Tu Manera,2019,Musical,8.5,Movie,69,10
 The Weekly with Wendy Mesley,2018,News,7.1,Movie,69,789
 The End of the F***ing World,2017,Comedy,8.2,Movie,22,2339
 The End of the F***ing World,2017,Comedy,8.3,Movie,24,2320
 The End of the F***ing World,2017,Comedy,7.8,Movie,21,2199
 The End of the F***ing World,2017,Comedy,7.9,Movie,19,2201
 The End of the F***ing World,2017,Comedy,9.1,Movie,24,2910
 The End of the F***ing World,2017,Comedy,8.7,Movie,19,2795
 The Protector,2018,Sci-Fi,6.7,Movie,69,341
 The Windsors,2016,Comedy,7.4,Movie,69,52
 Prank Encounters,2019,Horror,6.4,Movie,69,183
 Prank Encounters,2019,Horror,6.9,Movie,69,149
 Prank Encounters,2019,Horror,6.4,Movie,69,130
 Prank Encounters,2019,Horror,6.6,Movie,69,112
 Prank Encounters,2019,Horror,7.4,Movie,69,118
 Prank Encounters,2019,Horror,6.1,Movie,69,97
 Prank Encounters,2019,Horror,7.2,Movie,69,104
 Typewriter,2019,Horror,7.2,Movie,55,143
 Typewriter,2019,Horror,7.6,Movie,43,129
 3Below: Tales of Arcadia,2018,Animation,7.9,Movie,22,143
 Entertainment Tonight Canada,2005,Biography,7.1,Movie,69,789
 7Seeds,2019,Animation,6.9,Movie,24,48
 7Seeds,2019,Animation,6.9,Movie,24,43
 7Seeds,2019,Animation,6.9,Movie,26,41
 7Seeds,2019,Animation,7.1,Movie,24,40
 7Seeds,2019,Animation,7.1,Movie,26,40
 7Seeds,2019,Animation,7.7,Movie,31,41
 7Seeds,2019,Animation,6.7,Movie,24,34
 7Seeds,2019,Animation,7.2,Movie,24,32
 7Seeds,2019,Animation,7.8,Movie,26,34
 7Seeds,2019,Animation,7.5,Movie,24,32
 7Seeds,2019,Animation,7.7,Movie,26,39
 Power Rangers Beast Morphers,2019,Action,8.1,Movie,69,30
 Family Business,2019,Comedy,7.5,Movie,69,70
 The Last Kingdom,2015,Historical,8.9,Movie,55,1848
 Family Business,2019,Comedy,7.4,Movie,69,82
 Family Business,2019,Comedy,7.6,Movie,69,76
 Family Business,2019,Comedy,7.8,Movie,69,71
 Family Business,2019,Comedy,7.9,Movie,69,73
 Space Force,2020,Comedy,6.9,Movie,35,2711
 Space Force,2020,Comedy,7.4,Movie,32,2314
 Space Force,2020,Comedy,7.3,Movie,30,1958
 Space Force,2020,Comedy,7,Movie,31,1787
 Space Force,2020,Comedy,6.8,Movie,30,1711
 Space Force,2020,Comedy,7.2,Movie,34,1585
 Space Force,2020,Comedy,7,Movie,26,1529
 Space Force,2020,Comedy,7,Movie,32,1496
 Space Force,2020,Comedy,7.7,Movie,35,1536
 Space Force,2020,Comedy,7.2,Movie,36,1489
 The Sandman,2021,Action,7.1,Movie,69,789
 The Sandman,2021,Action,7.1,Movie,69,789
 The Sandman,2021,Action,7.1,Movie,69,789
 The Sandman,2021,Action,7.1,Movie,69,789
 The Sandman,2021,Action,7.1,Movie,69,789
 The Sandman,2021,Action,7.1,Movie,69,789
 The Sandman,2021,Action,7.1,Movie,69,789
 The Sandman,2021,Action,7.1,Movie,69,789
 The Sandman,2021,Action,7.1,Movie,69,789
 The Sandman,2021,Action,7.1,Movie,69,789
 Midnight Mass,2021,Horror,7.1,Movie,69,789
 Midnight Mass,2021,Horror,7.1,Movie,69,789
 Midnight Mass,2021,Horror,7.1,Movie,69,789
 Midnight Mass,2021,Horror,7.1,Movie,69,789
 Midnight Mass,2021,Horror,7.1,Movie,69,789
 Midnight Mass,2021,Horror,7.1,Movie,69,789
 Midnight Mass,2021,Horror,7.1,Movie,69,789
 Grand Army,2020,Drama,7.4,Movie,53,107
 Alta mar,2019,Crime,7.4,Movie,69,109
 Alta mar,2019,Crime,7.4,Movie,69,101
 Alta mar,2019,Crime,7.3,Movie,69,98
 Alta mar,2019,Crime,7.7,Movie,69,95
 Alta mar,2019,Crime,7.7,Movie,69,95
 Power Rangers Beast Morphers,2019,Action,8.6,Movie,69,32
 Blood & Water,2020,Mystery,7.4,Movie,43,81
 Grand Army,2020,Drama,7.4,Movie,51,121
 Grand Army,2020,Drama,7.7,Movie,46,103
 Grand Army,2020,Drama,7.5,Movie,50,99
 Teenage Bounty Hunters,2020,Comedy,8,Movie,69,796
 Teenage Bounty Hunters,2020,Comedy,8,Movie,69,739
 Élite,2018,Thriller,8,Movie,49,973
 Élite,2018,Thriller,8,Movie,47,940
 Élite,2018,Thriller,8.2,Movie,52,974
 Élite,2018,Thriller,8.5,Movie,51,996
 Teenage Bounty Hunters,2020,Comedy,8.1,Movie,69,723
 Teenage Bounty Hunters,2020,Comedy,8,Movie,69,703
 Teenage Bounty Hunters,2020,Comedy,8,Movie,69,707
 Teenage Bounty Hunters,2020,Comedy,8.5,Movie,69,721
 Teenage Bounty Hunters,2020,Comedy,8.6,Movie,69,720
 Teenage Bounty Hunters,2020,Comedy,8.7,Movie,69,708
 Teenage Bounty Hunters,2020,Comedy,8.8,Movie,69,709
 Teenage Bounty Hunters,2020,Comedy,9,Movie,69,758
 Power Rangers Beast Morphers,2019,Action,7.7,Movie,69,30
 Jupiter's Legacy,2021,Action,7,Movie,35,1300
 Russian Doll,2019,Adventure,7.1,Movie,69,789
 Russian Doll,2019,Adventure,7.1,Movie,69,789
 3Below: Tales of Arcadia,2018,Animation,8,Movie,22,141
 3Below: Tales of Arcadia,2018,Animation,7.5,Movie,22,136
 3Below: Tales of Arcadia,2018,Animation,7.6,Movie,22,137
 3Below: Tales of Arcadia,2018,Animation,7.8,Movie,22,139
 3Below: Tales of Arcadia,2018,Animation,7.2,Movie,22,135
 3Below: Tales of Arcadia,2018,Animation,8,Movie,22,146
 3Below: Tales of Arcadia,2018,Animation,7.2,Movie,22,133
 3Below: Tales of Arcadia,2018,Animation,8.3,Movie,23,137
 3Below: Tales of Arcadia,2018,Animation,8.5,Movie,22,142
 3Below: Tales of Arcadia,2018,Animation,8.6,Movie,22,138
 3Below: Tales of Arcadia,2018,Animation,8.5,Movie,69,133
 3Below: Tales of Arcadia,2018,Animation,8.6,Movie,22,148
 The Umbrella Academy,2019,Action,8.2,Movie,49,2984
 The Umbrella Academy,2019,Action,8.3,Movie,48,2969
 Power Rangers Beast Morphers,2019,Action,8.8,Movie,69,33
 Jupiter's Legacy,2021,Action,7.1,Movie,44,1214
 Jupiter's Legacy,2021,Action,6.9,Movie,48,1148
 Legends of Tomorrow,2016,Action,8.3,Movie,42,985
 Legends of Tomorrow,2016,Action,8.9,Movie,42,1220
 Rick and Morty,2013,Animation,8.3,Movie,22,10085
 Rick and Morty,2013,Animation,8.4,Movie,22,9845
 Rick and Morty,2013,Animation,7.4,Movie,22,9789
 Rick and Morty,2013,Animation,8.9,Movie,22,9283
 Rick and Morty,2013,Animation,8.1,Movie,21,8797
 Rick and Morty,2013,Animation,8.1,Movie,21,7056
 Rick and Morty,2013,Animation,9.5,Movie,22,10874
 Rick and Morty,2013,Animation,7.8,Movie,22,6579
 Rick and Morty,2013,Animation,9.2,Movie,22,7832
 Queer Eye,2018,Reality-TV,9.2,Movie,69,385
 Queer Eye,2018,Reality-TV,8.6,Movie,69,238
 Queer Eye,2018,Reality-TV,7.6,Movie,69,217
 Queer Eye,2018,Reality-TV,9.2,Movie,69,284
 Queer Eye,2018,Reality-TV,8.3,Movie,69,206
 Queer Eye,2018,Reality-TV,8.3,Movie,69,175
 Queer Eye,2018,Reality-TV,7.7,Movie,69,175
 Luna Nera,2020,Thriller,4.6,Movie,43,126
 Luna Nera,2020,Thriller,4.5,Movie,43,121
 Luna Nera,2020,Thriller,5,Movie,56,132
 Élite,2018,Thriller,8.2,Movie,50,943
 Élite,2018,Thriller,8.4,Movie,46,963
 Typewriter,2019,Horror,6.6,Movie,69,130
 Typewriter,2019,Horror,7.5,Movie,48,121
 Ask 101,2020,Romance,7.1,Movie,69,377
 Ask 101,2020,Romance,7.6,Movie,69,345
 Ask 101,2020,Romance,7.9,Movie,69,343
 Ask 101,2020,Romance,7.6,Movie,69,320
 Ask 101,2020,Romance,7.6,Movie,69,312
 Ask 101,2020,Romance,7.9,Movie,69,342
 Ask 101,2020,Romance,8.2,Movie,69,368
 Ask 101,2020,Romance,7.6,Movie,69,344
 Riverdale,2017,Crime,7.5,Movie,42,908
 The Last Kingdom,2015,Historical,9.1,Movie,54,1972
 Super Monsters,2017,Animation,5.9,Movie,23,36
 Formula 1: Drive to Survive,2019,Documentary,7.6,Movie,33,614
 F Is for Family,2015,Animation,7.8,Movie,28,337
 F Is for Family,2015,Animation,7.8,Movie,28,318
 F Is for Family,2015,Animation,8.1,Movie,29,322
 F Is for Family,2015,Animation,7.7,Movie,28,308
 F Is for Family,2015,Animation,8.2,Movie,28,314
 F Is for Family,2015,Animation,7.6,Movie,27,375
 F Is for Family,2015,Animation,8.3,Movie,28,311
 F Is for Family,2015,Animation,8,Movie,29,287
 F Is for Family,2015,Animation,8.7,Movie,29,358
 Black Lightning,2017,Sci-Fi,6.7,Movie,42,363
 Power Rangers Beast Morphers,2019,Action,8.7,Movie,69,29
 Power Rangers Beast Morphers,2019,Action,8.4,Movie,69,30
 The Movies That Made Us,2019,Documentary,7.8,Movie,51,477
 The Movies That Made Us,2019,Documentary,8.2,Movie,69,571
 The Movies That Made Us,2019,Documentary,8,Movie,47,463
 The Movies That Made Us,2019,Documentary,8.1,Movie,46,457
 Trinkets,2019,Comedy,7.5,Movie,24,125
 Feel Good,2020,Romance,7.1,Movie,24,292
 Feel Good,2020,Romance,7.4,Movie,23,239
 Feel Good,2020,Romance,7.7,Movie,23,232
 Feel Good,2020,Romance,7.8,Movie,23,215
 The Protector,2018,Sci-Fi,7.2,Movie,69,313
 The Protector,2018,Sci-Fi,7.2,Movie,69,296
 Trinkets,2019,Comedy,7.8,Movie,27,117
 Trinkets,2019,Comedy,7.8,Movie,26,112
 Trinkets,2019,Comedy,8.1,Movie,27,125
 Trinkets,2019,Comedy,8,Movie,27,112
 Trinkets,2019,Comedy,7.9,Movie,27,114
 Trinkets,2019,Comedy,7.7,Movie,30,107
 Trinkets,2019,Comedy,7.8,Movie,30,106
 Trinkets,2019,Comedy,8.6,Movie,27,140
 Trinkets,2019,Comedy,8.2,Movie,24,107
 Feel Good,2020,Romance,7.9,Movie,24,226
 Feel Good,2020,Romance,7.9,Movie,24,226
 Anne,2017,Family,9.1,Movie,44,1475
 Power Rangers Beast Morphers,2019,Action,8.5,Movie,69,28
 She-Ra and the Princesses of Power,2018,Animation,7.8,Movie,24,928
 She-Ra and the Princesses of Power,2018,Animation,8.1,Movie,24,950
 She-Ra and the Princesses of Power,2018,Animation,8.1,Movie,24,952
 She-Ra and the Princesses of Power,2018,Animation,8.3,Movie,24,999
 She-Ra and the Princesses of Power,2018,Animation,8.4,Movie,24,1007
 13 Reasons Why,2017,Thriller,5.7,Movie,59,1798
 The Protector,2018,Sci-Fi,7.3,Movie,69,298
 Black Lightning,2017,Sci-Fi,7,Movie,42,357
 Black Lightning,2017,Sci-Fi,7,Movie,42,341
 Russian Doll,2019,Adventure,7.1,Movie,69,789
 Russian Doll,2019,Adventure,7.1,Movie,69,789
 Russian Doll,2019,Adventure,7.1,Movie,69,789
 Russian Doll,2019,Adventure,7.1,Movie,69,789
 Russian Doll,2019,Adventure,7.1,Movie,69,789
 Russian Doll,2019,Adventure,7.1,Movie,69,789
 Johnny Test,2005,Animation,6.5,Movie,23,26
 Dare Me,2019,Thriller,7.5,Movie,42,163
 Tiny Pretty Things,2020,Thriller,7,Movie,69,219
 Tiny Pretty Things,2020,Thriller,6.9,Movie,69,174
 Tiny Pretty Things,2020,Thriller,6.9,Movie,69,158
 Tiny Pretty Things,2020,Thriller,7,Movie,69,148
 Tiny Pretty Things,2020,Thriller,6.8,Movie,69,137
 Tiny Pretty Things,2020,Thriller,6.9,Movie,69,136
 Tiny Pretty Things,2020,Thriller,6.8,Movie,69,125
 Tiny Pretty Things,2020,Thriller,7,Movie,69,125
 Tiny Pretty Things,2020,Thriller,7.1,Movie,69,125
 Tiny Pretty Things,2020,Thriller,7,Movie,69,129
 The 100,2014,Sci-Fi,8.7,Movie,42,1991
 The 100,2014,Sci-Fi,7.8,Movie,42,1639
 The 100,2014,Sci-Fi,7.8,Movie,41,1640
 The 100,2014,Sci-Fi,9.2,Movie,41,3219
 The 100,2014,Sci-Fi,8,Movie,41,1594
 The 100,2014,Sci-Fi,8.3,Movie,42,1624
 The 100,2014,Sci-Fi,7.8,Movie,42,1694
 The 100,2014,Sci-Fi,7.9,Movie,42,1511
 The 100,2014,Sci-Fi,4.7,Movie,41,4240
 The 100,2014,Sci-Fi,6.1,Movie,42,2203
 The 100,2014,Sci-Fi,6.6,Movie,42,1903
 The 100,2014,Sci-Fi,6.9,Movie,43,3321
 Behind Her Eyes,2021,Thriller,7,Movie,50,1129
 Lucifer,2016,Crime,8.6,Movie,56,3377
 Julie and the Phantoms,2020,Family,8.5,Movie,38,452
 Julie and the Phantoms,2020,Family,8.9,Movie,32,424
 Julie and the Phantoms,2020,Family,8.8,Movie,28,401
 Julie and the Phantoms,2020,Family,8.6,Movie,31,392
 Julie and the Phantoms,2020,Family,8.3,Movie,30,393
 Julie and the Phantoms,2020,Family,8.9,Movie,29,399
 Julie and the Phantoms,2020,Family,9.1,Movie,27,429
 Julie and the Phantoms,2020,Family,9.4,Movie,24,489
 Julie and the Phantoms,2020,Family,9.4,Movie,35,451
 13 Reasons Why,2017,Thriller,5.7,Movie,58,1597
 The Umbrella Academy,2019,Action,8.4,Movie,48,3120
 Freud,2020,Crime,7,Movie,57,491
 Freud,2020,Crime,7.4,Movie,55,379
 Freud,2020,Crime,7.2,Movie,56,330
 Freud,2020,Crime,7,Movie,51,306
 Freud,2020,Crime,6.8,Movie,55,292
 Freud,2020,Crime,7,Movie,49,261
 Freud,2020,Crime,7.3,Movie,44,275
 Freud,2020,Crime,7.4,Movie,53,282
 Grand Army,2020,Drama,7.7,Movie,49,98
 Grand Army,2020,Drama,7.7,Movie,49,99
 Grand Army,2020,Drama,8.3,Movie,71,128
 Valeria,2020,Romance,7.4,Movie,69,72
 Valeria,2020,Romance,7.3,Movie,69,62
 Valeria,2020,Romance,7.5,Movie,69,60
 The Politician,2019,Comedy,8.1,Movie,50,503
 Cannon Busters,2019,Fantasy,6.5,Movie,69,62
 Cannon Busters,2019,Fantasy,6.7,Movie,69,45
 Cannon Busters,2019,Fantasy,6.9,Movie,69,40
 Cannon Busters,2019,Fantasy,6.8,Movie,69,38
 Cannon Busters,2019,Fantasy,6.3,Movie,69,35
 Cannon Busters,2019,Fantasy,6.9,Movie,69,33
 Cannon Busters,2019,Fantasy,6.4,Movie,69,30
 Cannon Busters,2019,Fantasy,6.1,Movie,69,30
 Cannon Busters,2019,Fantasy,6.9,Movie,69,33
 Cannon Busters,2019,Fantasy,6.5,Movie,69,30
 Cannon Busters,2019,Fantasy,6.9,Movie,69,33
 Cannon Busters,2019,Fantasy,7,Movie,69,31
 Behind Her Eyes,2021,Thriller,7.2,Movie,49,975
 Behind Her Eyes,2021,Thriller,7.2,Movie,50,917
 Behind Her Eyes,2021,Thriller,7.5,Movie,53,892
 Behind Her Eyes,2021,Thriller,7.6,Movie,46,904
 Behind Her Eyes,2021,Thriller,8.2,Movie,50,1359
 Anne,2017,Family,9.1,Movie,44,1477
 Anne,2017,Family,9.2,Movie,44,1499
 Dare Me,2019,Thriller,7.5,Movie,45,212
 Dare Me,2019,Thriller,7.4,Movie,42,182
 Dare Me,2019,Thriller,8.3,Movie,41,190
 Dare Me,2019,Thriller,7.8,Movie,43,149
 Dare Me,2019,Thriller,8,Movie,42,161
 Dare Me,2019,Thriller,7.4,Movie,42,149
 Dare Me,2019,Thriller,7.7,Movie,43,136
 Dare Me,2019,Thriller,7.7,Movie,42,148
 The Chestnut Man,2021,Crime,7.1,Movie,69,789
 Hero Mask,2018,Animation,6.7,Movie,24,13
 Hero Mask,2018,Animation,6.1,Movie,24,14
 Hero Mask,2018,Animation,6.6,Movie,24,10
 Hero Mask,2018,Animation,6.7,Movie,24,10
 Hero Mask,2018,Animation,6.8,Movie,24,9
 Hero Mask,2018,Animation,6.6,Movie,24,9
 Hero Mask,2018,Animation,6.9,Movie,24,9
 Hero Mask,2018,Animation,6.7,Movie,24,9
 Hero Mask,2018,Animation,6.9,Movie,24,8
 Big Mouth,2017,Animation,7.7,Movie,27,688
 Marianne,2019,Horror,7.8,Movie,52,735
 Marianne,2019,Horror,7.3,Movie,69,595
 Marianne,2019,Horror,7.6,Movie,69,530
 Marianne,2019,Horror,7.8,Movie,69,501
 Marianne,2019,Horror,8.2,Movie,69,507
 Marianne,2019,Horror,7.8,Movie,69,448
 Marianne,2019,Horror,7.6,Movie,69,433
 Marianne,2019,Horror,7.8,Movie,69,453
 The Gift,2019,Fantasy,7.4,Movie,69,280
 The Gift,2019,Fantasy,7.4,Movie,69,314
 Titans,2018,Action,5.6,Movie,50,2908
 Riverdale,2017,Crime,6.8,Movie,42,900
 Riverdale,2017,Crime,7.6,Movie,42,852
 Young Wallander,2020,Crime,7.3,Movie,69,398
 Mighty Little Bheem,2019,Animation,7.1,Movie,69,789
 Mighty Little Bheem,2019,Animation,7.1,Movie,69,789
 Mighty Little Bheem,2019,Animation,7.1,Movie,69,789
 Mighty Little Bheem,2019,Animation,7.1,Movie,69,789
 Mighty Little Bheem,2019,Animation,7.1,Movie,69,789
 Mighty Little Bheem,2019,Animation,7.1,Movie,69,789
 Mighty Little Bheem,2019,Animation,7.1,Movie,69,789
 Mighty Little Bheem,2019,Animation,7.1,Movie,69,789
 Mighty Little Bheem,2019,Animation,7.1,Movie,69,789
 Mighty Little Bheem,2019,Animation,7.1,Movie,69,789
 Mighty Little Bheem,2019,Animation,7.1,Movie,69,789
 Mighty Little Bheem,2019,Animation,7.1,Movie,69,789
 Mighty Little Bheem,2019,Animation,7.1,Movie,69,789
 Mighty Little Bheem,2019,Animation,7.1,Movie,69,789
 Mighty Little Bheem,2019,Animation,7.1,Movie,69,789
 Mighty Little Bheem,2019,Animation,7.1,Movie,69,789
 Mighty Little Bheem,2019,Animation,7.1,Movie,69,789
 Mighty Little Bheem,2019,Animation,7.1,Movie,69,789
 Mighty Little Bheem,2019,Animation,7.1,Movie,69,789
 Mighty Little Bheem,2019,Animation,7.1,Movie,69,789
 Mighty Little Bheem,2019,Animation,7.1,Movie,69,789
 Mighty Little Bheem,2019,Animation,7.1,Movie,69,789
 Mighty Little Bheem,2019,Animation,7.1,Movie,69,789
 Mighty Little Bheem,2019,Animation,7.1,Movie,69,789
 Mighty Little Bheem,2019,Animation,7.1,Movie,69,789
 Mighty Little Bheem,2019,Animation,7.1,Movie,69,789
 Mighty Little Bheem,2019,Animation,7.1,Movie,69,789
 Mighty Little Bheem,2019,Animation,7.1,Movie,69,789
 Inside Bill's Brain: Decoding Bill Gates,2019,Documentary,8,Movie,69,481
 Power Rangers Beast Morphers,2019,Action,8.7,Movie,69,28
 Power Rangers Beast Morphers,2019,Action,8.9,Movie,69,28
 Power Rangers Beast Morphers,2019,Action,8.8,Movie,69,30
 Power Rangers Beast Morphers,2019,Action,7.3,Movie,69,30
 Ginny & Georgia,2021,Comedy,7.5,Movie,51,525
 Unsolved Mysteries,2020,Documentary,7,Movie,36,526
 Unsolved Mysteries,2020,Documentary,7.8,Movie,53,1403
 Unsolved Mysteries,2020,Documentary,7.1,Movie,52,1148
 Unsolved Mysteries,2020,Documentary,8.1,Movie,45,1210
 Unsolved Mysteries,2020,Documentary,6.8,Movie,47,659
 The Irregulars,2021,Crime,6.4,Movie,58,670
 The Irregulars,2021,Crime,6.9,Movie,49,490
 Toy Boy,2019,Thriller,7.5,Movie,69,146
 Toy Boy,2019,Thriller,7.6,Movie,69,136
 Toy Boy,2019,Thriller,7.3,Movie,69,126
 La casa de las flores,2018,Comedy,6.5,Movie,69,124
 La casa de las flores,2018,Comedy,7.8,Movie,33,138
 Jack Whitehall: Travels with My Father,2017,Documentary,7.2,Movie,50,128
 Ginny & Georgia,2021,Comedy,7.6,Movie,50,590
 Rhythm + Flow,2019,Musical,7.7,Movie,69,88
 Rhythm + Flow,2019,Musical,7.1,Movie,69,76
 Rhythm + Flow,2019,Musical,7.3,Movie,69,74
 Rhythm + Flow,2019,Musical,8.2,Movie,69,73
 Rhythm + Flow,2019,Musical,7.7,Movie,69,56
 Rhythm + Flow,2019,Musical,7.9,Movie,69,55
 Rhythm + Flow,2019,Musical,8.4,Movie,69,54
 Rhythm + Flow,2019,Musical,8.8,Movie,69,64
 Jupiter's Legacy,2021,Action,7.1,Movie,48,1052
 Jupiter's Legacy,2021,Action,7.3,Movie,44,1034
 Jupiter's Legacy,2021,Action,7.4,Movie,36,1082
 Jupiter's Legacy,2021,Action,7.9,Movie,56,1114
 Ginny & Georgia,2021,Comedy,7.5,Movie,58,717
 Power Rangers Beast Morphers,2019,Action,7.2,Movie,69,30
 Super Monsters,2017,Animation,5.8,Movie,24,46
 Jack Whitehall: Travels with My Father,2017,Documentary,7.8,Movie,60,114
 Workin' Moms,2017,Comedy,7.2,Movie,69,79
 Workin' Moms,2017,Comedy,7.7,Movie,69,73
 Workin' Moms,2017,Comedy,7.5,Movie,69,71
 Workin' Moms,2017,Comedy,7.8,Movie,69,86
 The Irregulars,2021,Crime,7.1,Movie,52,438
 The Irregulars,2021,Crime,7.1,Movie,51,398
 The Irregulars,2021,Crime,7,Movie,56,368
 The Irregulars,2021,Crime,6.9,Movie,53,349
 The Irregulars,2021,Crime,7,Movie,49,342
 The Irregulars,2021,Crime,7.1,Movie,55,364
 The Serpent,2021,Thriller,7.2,Movie,59,944
 Workin' Moms,2017,Comedy,7.6,Movie,69,72
 Riverdale,2017,Crime,7.2,Movie,41,781
 Brews Brothers,2020,Comedy,5.3,Movie,69,104
 The Big Show Show,2020,Comedy,6.6,Movie,27,156
 The Big Show Show,2020,Comedy,7,Movie,25,121
 The Big Show Show,2020,Comedy,6.9,Movie,27,113
 The Big Show Show,2020,Comedy,7,Movie,26,108
 The Big Show Show,2020,Comedy,7.6,Movie,26,104
 The Big Show Show,2020,Comedy,7.4,Movie,25,106
 The Big Show Show,2020,Comedy,7.6,Movie,26,95
 The Big Show Show,2020,Comedy,8,Movie,28,101
 The Epic Tales of Captain Underpants,2018,Animation,6.1,Movie,45,166
 Dead to Me,2019,Comedy,7.7,Movie,32,1015
 Dead to Me,2019,Comedy,7.7,Movie,30,983
 Dead to Me,2019,Comedy,7.8,Movie,31,983
 Dead to Me,2019,Comedy,7.8,Movie,34,948
 Dead to Me,2019,Comedy,8.2,Movie,32,999
 Dead to Me,2019,Comedy,8,Movie,34,944
 Dead to Me,2019,Comedy,8,Movie,34,926
 Dead to Me,2019,Comedy,8.8,Movie,32,1093
 Dead to Me,2019,Comedy,8.7,Movie,34,1144
" The Mind, Explained",2019,Documentary,7.7,Movie,69,387
" The Mind, Explained",2019,Documentary,7.7,Movie,19,333
" The Mind, Explained",2019,Documentary,7.9,Movie,21,313
" The Mind, Explained",2019,Documentary,7.7,Movie,69,299
" The Mind, Explained",2019,Documentary,8.1,Movie,69,316
 Alta mar,2019,Crime,7.7,Movie,69,93
 Alta mar,2019,Crime,7,Movie,69,111
 Brews Brothers,2020,Comedy,6.2,Movie,69,68
 Brews Brothers,2020,Comedy,6.5,Movie,69,62
 Brews Brothers,2020,Comedy,6,Movie,69,64
 Brews Brothers,2020,Comedy,6.8,Movie,69,51
 Brews Brothers,2020,Comedy,7,Movie,69,54
 Brews Brothers,2020,Comedy,6.2,Movie,69,55
 Brews Brothers,2020,Comedy,6.6,Movie,69,47
 Inside Bill's Brain: Decoding Bill Gates,2019,Documentary,8,Movie,69,425
 Inside Bill's Brain: Decoding Bill Gates,2019,Documentary,8,Movie,69,387
 Fate: The Winx Saga,2021,Action,7.2,Movie,53,1098
 Fate: The Winx Saga,2021,Action,7.4,Movie,48,935
 Fate: The Winx Saga,2021,Action,7.5,Movie,51,899
 Fate: The Winx Saga,2021,Action,7.5,Movie,47,854
 Fate: The Winx Saga,2021,Action,7.7,Movie,50,876
 Fate: The Winx Saga,2021,Action,8.2,Movie,53,1031
 El inocente,2021,Crime,7.8,Movie,51,680
 El inocente,2021,Crime,8,Movie,49,634
 El inocente,2021,Crime,8,Movie,58,557
 El inocente,2021,Crime,8.1,Movie,58,547
 El inocente,2021,Crime,8.1,Movie,66,559
 El inocente,2021,Crime,8.1,Movie,57,523
 El inocente,2021,Crime,8.1,Movie,54,517
 El inocente,2021,Crime,8.1,Movie,71,567
 My Next Guest Needs No Introduction with David Letterman,2018,Talk-Show,9.1,Movie,61,1222
 Mytho,2019,Drama,6.9,Movie,41,46
 Mytho,2019,Drama,7.1,Movie,45,35
 Mytho,2019,Drama,7.4,Movie,46,30
 Mytho,2019,Drama,7.5,Movie,44,25
 Mytho,2019,Drama,7.5,Movie,44,24
 Mytho,2019,Drama,7.1,Movie,54,27
 The Politician,2019,Comedy,8.2,Movie,37,420
 Hollywood,2020,Drama,8.1,Movie,51,1321
 BoJack Horseman,2014,Animation,8.6,Movie,26,2551
 BoJack Horseman,2014,Animation,8.1,Movie,26,2355
 BoJack Horseman,2014,Animation,9.1,Movie,26,2741
 BoJack Horseman,2014,Animation,8.1,Movie,26,2133
 BoJack Horseman,2014,Animation,8.2,Movie,26,2172
 BoJack Horseman,2014,Animation,9.4,Movie,27,3289
 BoJack Horseman,2014,Animation,8.6,Movie,26,2391
 BoJack Horseman,2014,Animation,8.4,Movie,26,2202
 BoJack Horseman,2014,Animation,8.7,Movie,26,2152
 BoJack Horseman,2014,Animation,9,Movie,26,2531
 BoJack Horseman,2014,Animation,8.7,Movie,26,2164
 BoJack Horseman,2014,Animation,9,Movie,26,2440
 BoJack Horseman,2014,Animation,9.3,Movie,26,2578
 BoJack Horseman,2014,Animation,9.9,Movie,26,12369
 BoJack Horseman,2014,Animation,9.6,Movie,27,4910
 Toy Boy,2019,Thriller,7.5,Movie,69,119
 Toy Boy,2019,Thriller,7.7,Movie,69,117
 Toy Boy,2019,Thriller,7.4,Movie,69,115
 The Good Place,2016,Comedy,7.4,Movie,22,1582
 The Good Place,2016,Comedy,8.4,Movie,22,1656
 The Good Place,2016,Comedy,8.5,Movie,22,1691
 Dynasty,2017,Drama,7.8,Movie,42,212
 Black Lightning,2017,Sci-Fi,6.7,Movie,42,329
 Hollywood,2020,Drama,7.8,Movie,44,1345
 Hollywood,2020,Drama,8,Movie,57,1283
 Hollywood,2020,Drama,8.1,Movie,47,1226
 Hollywood,2020,Drama,8.2,Movie,56,1217
 Hollywood,2020,Drama,8.4,Movie,48,1245
 Anne,2017,Family,9.4,Movie,44,1761
 Stranger Things,2016,Horror,7.1,Movie,69,789
 Tiny House Nation,2014,Reality-TV,7.3,Movie,41,21
 Tiny House Nation,2014,Reality-TV,7.4,Movie,41,19
 Tiny House Nation,2014,Reality-TV,7.2,Movie,42,20
 Tiny House Nation,2014,Reality-TV,6.3,Movie,41,23
 Tiny House Nation,2014,Reality-TV,7.9,Movie,41,20
 Tiny House Nation,2014,Reality-TV,6.6,Movie,40,21
 Living Undocumented,2019,Documentary,6.1,Movie,69,38
 Toy Boy,2019,Thriller,7.4,Movie,69,115
 Toy Boy,2019,Thriller,7.6,Movie,69,112
 Toy Boy,2019,Thriller,7.4,Movie,69,113
 Toy Boy,2019,Thriller,7.5,Movie,69,114
 Toy Boy,2019,Thriller,7.4,Movie,69,113
 Toy Boy,2019,Thriller,6.5,Movie,69,174
 Lucifer,2016,Crime,8.6,Movie,54,3277
 Living Undocumented,2019,Documentary,6.2,Movie,69,30
 Living Undocumented,2019,Documentary,5.7,Movie,69,29
 Living Undocumented,2019,Documentary,5.7,Movie,69,28
 Living Undocumented,2019,Documentary,5.7,Movie,69,30
 Living Undocumented,2019,Documentary,5.7,Movie,69,29
 Riverdale,2017,Crime,7,Movie,42,748
 Riverdale,2017,Crime,7.5,Movie,42,772
 Black Lightning,2017,Sci-Fi,7.3,Movie,42,342
 Dynasty,2017,Drama,7.9,Movie,42,205
 Sneakerheads,2020,Comedy,6.6,Movie,69,51
 Sneakerheads,2020,Comedy,6.9,Movie,69,47
 Sneakerheads,2020,Comedy,6.9,Movie,69,47
 Sneakerheads,2020,Comedy,6.6,Movie,69,39
 Sneakerheads,2020,Comedy,6.7,Movie,69,37
 Sneakerheads,2020,Comedy,6.7,Movie,69,36
 Wir sind die Welle,2019,Drama,6.7,Movie,48,148
 Wir sind die Welle,2019,Drama,6.5,Movie,45,114
 Wir sind die Welle,2019,Drama,6.5,Movie,49,97
 Explained,2018,Documentary,8.2,Movie,69,307
 Power Rangers Beast Morphers,2019,Action,8.8,Movie,69,39
 Power Rangers Beast Morphers,2019,Action,8.5,Movie,69,30
 Power Rangers Beast Morphers,2019,Action,8.2,Movie,69,30
 Beastars,2019,Animation,7.8,Movie,23,419
 Unnatural Selection,2019,Documentary,7.6,Movie,70,113
 Unnatural Selection,2019,Documentary,7.1,Movie,64,85
 Unnatural Selection,2019,Documentary,7.2,Movie,62,78
 Unnatural Selection,2019,Documentary,7.4,Movie,68,77
 Anne,2017,Family,9.2,Movie,44,1556
 The Sinner,2017,Crime,6.7,Movie,43,1322
 Rhythm + Flow,2019,Musical,7.4,Movie,69,61
 Ginny & Georgia,2021,Comedy,7.6,Movie,50,551
 Lucifer,2016,Crime,6.6,Movie,55,4319
 Las chicas del cable,2017,Drama,7.8,Movie,69,62
 Queen Sono,2020,Crime,6.9,Movie,69,50
 Rhythm + Flow,2019,Musical,8.2,Movie,69,67
 Explained,2018,Documentary,8.2,Movie,69,286
 The Drew Barrymore Show,2020,Talk-Show,6.8,Movie,44,14
 The Sinner,2017,Crime,7.2,Movie,45,1373
 Dynasty,2017,Drama,7.2,Movie,42,274
" Breakfast, Lunch & Dinner",2019,Documentary,7.6,Movie,69,125
" Breakfast, Lunch & Dinner",2019,Documentary,6.8,Movie,69,79
" Breakfast, Lunch & Dinner",2019,Documentary,6.4,Movie,69,59
" Breakfast, Lunch & Dinner",2019,Documentary,7.6,Movie,69,61
 Unsolved Mysteries,2020,Documentary,5.1,Movie,47,584
 Anne,2017,Family,9.3,Movie,44,1611
 The Last Kingdom,2015,Historical,9.4,Movie,51,2105
 Lucifer,2016,Crime,8.9,Movie,55,3232
 Explained,2018,Documentary,7.2,Movie,69,237
 Scams,2019,Crime,7.1,Movie,69,7
 Scams,2019,Crime,7.1,Movie,69,789
 Scams,2019,Crime,7.1,Movie,69,789
 Scams,2019,Crime,7.1,Movie,69,789
 Scams,2019,Crime,7.1,Movie,69,789
 Scams,2019,Crime,7.1,Movie,69,789
 Scams,2019,Crime,7.1,Movie,69,789
 Scams,2019,Crime,7.1,Movie,69,789
 Scams,2019,Crime,7.1,Movie,69,789
 Dynasty,2017,Drama,7.8,Movie,42,193
 La casa de las flores,2018,Comedy,6.6,Movie,32,155
 La casa de las flores,2018,Comedy,6.8,Movie,69,143
 La casa de las flores,2018,Comedy,6.5,Movie,69,140
 La casa de las flores,2018,Comedy,6.5,Movie,69,129
 La casa de las flores,2018,Comedy,6.4,Movie,69,123
 La casa de las flores,2018,Comedy,6.9,Movie,69,121
 Barbarians,2020,Action,8.1,Movie,49,939
 Barbarians,2020,Action,7.4,Movie,46,728
 Snowpiercer,2020,Sci-Fi,7.9,Movie,47,1145
 The Haunting of Bly Manor,2020,Horror,7.5,Movie,56,3366
 Mortel,2019,Crime,7,Movie,49,58
 She-Ra and the Princesses of Power,2018,Animation,8.3,Movie,24,926
 She-Ra and the Princesses of Power,2018,Animation,8.2,Movie,24,909
 She-Ra and the Princesses of Power,2018,Animation,8,Movie,24,900
 The Sinner,2017,Crime,7.1,Movie,44,1347
 Snowpiercer,2020,Sci-Fi,8.4,Movie,46,1146
 Snowpiercer,2020,Sci-Fi,7.3,Movie,47,725
 Snowpiercer,2020,Sci-Fi,7.9,Movie,48,830
 Snowpiercer,2020,Sci-Fi,7.9,Movie,47,725
 Snowpiercer,2020,Sci-Fi,8.2,Movie,47,880
 Ghost in the Shell SAC_2045,2020,Animation,6.2,Movie,25,121
 Snowpiercer,2020,Sci-Fi,7.7,Movie,48,946
 Snowpiercer,2020,Sci-Fi,7.7,Movie,45,881
 Snowpiercer,2020,Sci-Fi,7.2,Movie,47,821
 Explained,2018,Documentary,7.7,Movie,69,271
 The Politician,2019,Comedy,8,Movie,44,446
 The Politician,2019,Comedy,8,Movie,41,445
 The Politician,2019,Comedy,8.8,Movie,28,508
 The Politician,2019,Comedy,8.2,Movie,35,401
 The Politician,2019,Comedy,8.5,Movie,44,476
 Snowpiercer,2020,Sci-Fi,7.3,Movie,48,755
 The Stranded,2019,Mystery,7.2,Movie,46,64
 Stranger Things,2016,Horror,7.1,Movie,69,789
 Stranger Things,2016,Horror,7.1,Movie,69,789
 Stranger Things,2016,Horror,7.1,Movie,69,789
 Stranger Things,2016,Horror,7.1,Movie,69,789
 Stranger Things,2016,Horror,7.1,Movie,69,789
 Stranger Things,2016,Horror,7.1,Movie,69,789
 Stranger Things,2016,Horror,7.1,Movie,69,789
 The Salisbury Poisonings,2020,Historical,7.6,Movie,56,234
 The Salisbury Poisonings,2020,Historical,7.3,Movie,59,207
 The Salisbury Poisonings,2020,Historical,7.2,Movie,59,183
 The Dragon Prince,2018,Animation,8.6,Movie,69,463
 Avatar: The Last Airbender,2005,Animation,9.5,Movie,25,3779
 The Serpent,2021,Thriller,7.5,Movie,58,769
 The Serpent,2021,Thriller,8.1,Movie,58,749
 The Serpent,2021,Thriller,7.8,Movie,58,678
 The Serpent,2021,Thriller,7.9,Movie,55,667
 The Serpent,2021,Thriller,7.6,Movie,56,616
 The Serpent,2021,Thriller,7.9,Movie,55,597
 Dynasty,2017,Drama,8,Movie,42,196
 The Umbrella Academy,2019,Action,8.6,Movie,47,2974
 The Umbrella Academy,2019,Action,8.9,Movie,40,3141
 Johnny Test,2005,Animation,5.6,Movie,23,28
 Virgin River,2019,Romance,7.7,Movie,45,400
 Virgin River,2019,Romance,7.6,Movie,44,338
 Virgin River,2019,Romance,7.8,Movie,44,390
 Virgin River,2019,Romance,7.6,Movie,43,332
 Virgin River,2019,Romance,7.6,Movie,48,303
 Jamtara: Sabka Number Ayega,2020,Crime,7.4,Movie,34,136
 13 Reasons Why,2017,Thriller,5.1,Movie,59,1714
 The Dragon Prince,2018,Animation,8.4,Movie,69,434
 Super Monsters,2017,Animation,4.8,Movie,23,61
 Anne,2017,Family,9.6,Movie,44,2178
 The Dragon Prince,2018,Animation,8.7,Movie,69,435
 The Boondocks,2005,Animation,8.8,Movie,21,312
 The Dragon Prince,2018,Animation,8.5,Movie,69,428
 Lucifer,2016,Crime,8.9,Movie,56,3218
 Son,2012,Mystery,7.1,Movie,29,789
 Son,2012,Mystery,7.1,Movie,29,789
 Son,2012,Mystery,7.1,Movie,29,789
 The Dragon Prince,2018,Animation,8.8,Movie,69,447
 Los favoritos de Midas,2020,Thriller,7.2,Movie,49,151
 Los favoritos de Midas,2020,Thriller,7,Movie,53,125
 Los favoritos de Midas,2020,Thriller,7,Movie,51,117
 Los favoritos de Midas,2020,Thriller,6.8,Movie,55,103
 Los favoritos de Midas,2020,Thriller,7,Movie,51,116
 Los favoritos de Midas,2020,Thriller,6.5,Movie,57,116
 Explained,2018,Documentary,7.3,Movie,69,231
 Magic for Humans,2018,Reality-TV,7.2,Movie,69,79
 Magic for Humans,2018,Reality-TV,7.6,Movie,69,67
 Magic for Humans,2018,Reality-TV,7.7,Movie,69,62
 Magic for Humans,2018,Reality-TV,7.6,Movie,69,60
 Magic for Humans,2018,Reality-TV,7.6,Movie,69,56
 Magic for Humans,2018,Reality-TV,8.1,Movie,69,69
 Las chicas del cable,2017,Drama,7.7,Movie,69,89
 Las chicas del cable,2017,Drama,7.7,Movie,69,84
 Las chicas del cable,2017,Drama,7.5,Movie,69,85
 Las chicas del cable,2017,Drama,7.7,Movie,69,102
 Las chicas del cable,2017,Drama,7.7,Movie,69,70
 Las chicas del cable,2017,Drama,7.6,Movie,69,65
 Las chicas del cable,2017,Drama,7.9,Movie,69,66
 Las chicas del cable,2017,Drama,5.9,Movie,69,140
 Inventing Anna,2021,Drama,7.1,Movie,69,789
 Inventing Anna,2021,Drama,7.1,Movie,69,789
 Inventing Anna,2021,Drama,7.1,Movie,69,789
 Inventing Anna,2021,Drama,7.1,Movie,69,789
 Inventing Anna,2021,Drama,7.1,Movie,69,789
 Inventing Anna,2021,Drama,7.1,Movie,69,789
 Inventing Anna,2021,Drama,7.1,Movie,69,789
 Inventing Anna,2021,Drama,7.1,Movie,69,789
 Inventing Anna,2021,Drama,7.1,Movie,69,789
 Inventing Anna,2021,Drama,7.1,Movie,69,789
 Dynasty,2017,Drama,8,Movie,42,193
 Poketto monsutâ,1997,Animation,8.4,Movie,25,121
 The Dragon Prince,2018,Animation,8.8,Movie,69,434
 Alta mar,2019,Crime,7.9,Movie,69,91
 Alta mar,2019,Crime,7.6,Movie,69,79
 The Stranded,2019,Mystery,6.9,Movie,46,46
 The Stranded,2019,Mystery,6.8,Movie,47,44
 The Stranded,2019,Mystery,7,Movie,53,45
 The Stranded,2019,Mystery,6.8,Movie,53,44
 The Stranded,2019,Mystery,7.1,Movie,46,45
 La casa de las flores,2018,Comedy,7.5,Movie,35,276
 The Dragon Prince,2018,Animation,9.1,Movie,69,457
 The Devil Next Door,2019,Documentary,7.7,Movie,44,422
 The Devil Next Door,2019,Documentary,7.6,Movie,44,380
 The Devil Next Door,2019,Documentary,7.6,Movie,52,365
 The Devil Next Door,2019,Documentary,7.8,Movie,45,352
 The Devil Next Door,2019,Documentary,7.8,Movie,47,345
 Johnny Test,2005,Animation,6,Movie,23,23
 The Dragon Prince,2018,Animation,9.2,Movie,69,479
 Unsolved Mysteries,2020,Documentary,5.8,Movie,39,1069
 The Boondocks,2005,Animation,8.2,Movie,20,234
 The Boondocks,2005,Animation,7.9,Movie,22,266
 Jamtara: Sabka Number Ayega,2020,Crime,7.3,Movie,23,89
 Johnny Test,2005,Animation,5.8,Movie,23,23
 She-Ra and the Princesses of Power,2018,Animation,8.3,Movie,24,898
 She-Ra and the Princesses of Power,2018,Animation,8.1,Movie,24,895
 She-Ra and the Princesses of Power,2018,Animation,8.8,Movie,24,936
 She-Ra and the Princesses of Power,2018,Animation,8.7,Movie,24,940
 She-Ra and the Princesses of Power,2018,Animation,7.9,Movie,24,905
 She-Ra and the Princesses of Power,2018,Animation,9.3,Movie,24,1067
 She-Ra and the Princesses of Power,2018,Animation,8.7,Movie,24,940
 She-Ra and the Princesses of Power,2018,Animation,8.7,Movie,24,913
 She-Ra and the Princesses of Power,2018,Animation,9,Movie,24,972
 She-Ra and the Princesses of Power,2018,Animation,9.2,Movie,24,1006
 Barbarians,2020,Action,7.4,Movie,48,741
 Barbarians,2020,Action,7.5,Movie,43,802
 Barbarians,2020,Action,7.4,Movie,41,847
 Barbarians,2020,Action,7.4,Movie,52,990
 The Dragon Prince,2018,Animation,9.6,Movie,69,727
 Jamtara: Sabka Number Ayega,2020,Crime,7.1,Movie,27,91
 Disenchantment,2018,Animation,7.1,Movie,69,789
 Disenchantment,2018,Animation,7.1,Movie,69,789
 Disenchantment,2018,Animation,7.1,Movie,69,789
 Disenchantment,2018,Animation,7.1,Movie,69,789
 Disenchantment,2018,Animation,7.1,Movie,69,789
 Disenchantment,2018,Animation,7.1,Movie,69,789
 Disenchantment,2018,Animation,7.1,Movie,69,789
 Disenchantment,2018,Animation,7.1,Movie,69,789
 Disenchantment,2018,Animation,7.1,Movie,69,789
 Disenchantment,2018,Animation,7.1,Movie,69,789
 On My Block,2018,Comedy,7.9,Movie,28,167
 Mr. Iglesias,2019,Comedy,7.3,Movie,26,106
 Explained,2018,Documentary,8.6,Movie,69,420
 The Sinner,2017,Crime,6.5,Movie,45,1240
 Ginny & Georgia,2021,Comedy,7.4,Movie,54,524
 Ginny & Georgia,2021,Comedy,7.7,Movie,54,506
 Ginny & Georgia,2021,Comedy,7.6,Movie,55,489
 Ginny & Georgia,2021,Comedy,7.7,Movie,55,525
 Ginny & Georgia,2021,Comedy,7.8,Movie,56,562
 Ginny & Georgia,2021,Comedy,7.4,Movie,54,574
 Young Wallander,2020,Crime,7.2,Movie,69,330
 Johnny Test,2005,Animation,6.2,Movie,23,29
 The Stranded,2019,Mystery,7.1,Movie,50,50
 Young Wallander,2020,Crime,7.5,Movie,69,321
 Selena: The Series,2020,Biography,7.2,Movie,40,181
 Selena: The Series,2020,Biography,7.4,Movie,37,155
 Selena: The Series,2020,Biography,7.8,Movie,36,141
 Avatar: The Last Airbender,2005,Animation,7.8,Movie,30,2949
 Selena: The Series,2020,Biography,7.6,Movie,37,137
 Selena: The Series,2020,Biography,7.7,Movie,40,131
 Selena: The Series,2020,Biography,7.5,Movie,36,132
 Astronomy Club,2019,Comedy,6.4,Movie,69,38
 The Witcher,2019,Action,7.1,Movie,69,789
 Baby,2018,Drama,7.6,Movie,51,95
 Queen Sono,2020,Crime,6.8,Movie,69,65
 Queen Sono,2020,Crime,6.8,Movie,69,56
 Queen Sono,2020,Crime,6.8,Movie,69,47
 Queen Sono,2020,Crime,6.7,Movie,69,48
 Black Lightning,2017,Sci-Fi,6.7,Movie,41,323
 Sky Rojo,2021,Action,7,Movie,28,372
 Lucifer,2016,Crime,9.1,Movie,55,3267
 Lucifer,2016,Crime,9.4,Movie,61,4612
 Explained,2018,Documentary,8.2,Movie,69,267
 Riverdale,2017,Crime,7.6,Movie,42,788
 Dynasty,2017,Drama,8.5,Movie,42,209
 Young Wallander,2020,Crime,7.4,Movie,69,297
 Young Wallander,2020,Crime,7.5,Movie,69,292
 Young Wallander,2020,Crime,7.2,Movie,69,294
 La casa de las flores,2018,Comedy,8.2,Movie,30,66
 Fast & Furious Spy Racers,2019,Animation,6.7,Movie,69,117
 Dash & Lily,2020,Romance,7.8,Movie,23,327
 Dash & Lily,2020,Romance,7.8,Movie,23,299
 Dash & Lily,2020,Romance,7.8,Movie,25,265
 Dash & Lily,2020,Romance,7.9,Movie,27,253
 Dash & Lily,2020,Romance,7.6,Movie,27,250
 Dash & Lily,2020,Romance,7.9,Movie,25,249
 Dash & Lily,2020,Romance,7.8,Movie,25,249
 Dash & Lily,2020,Romance,8.2,Movie,27,266
 Le Bazar de la Charité,2019,Historical,8.2,Movie,47,156
 Le Bazar de la Charité,2019,Historical,7.8,Movie,55,104
 Bir Baskadir,2020,Thriller,8.5,Movie,49,779
 The Boondocks,2005,Animation,8,Movie,23,258
 Le Bazar de la Charité,2019,Historical,7.7,Movie,49,94
 La casa de papel,2017,Crime,7.4,Movie,52,6057
 The Umbrella Academy,2019,Action,8.4,Movie,50,2911
 The Umbrella Academy,2019,Action,8.6,Movie,47,3012
 The Umbrella Academy,2019,Action,9.1,Movie,49,3928
 Riverdale,2017,Crime,7.2,Movie,42,717
 Mortel,2019,Crime,8.1,Movie,45,44
 Mortel,2019,Crime,6.9,Movie,49,43
 Mortel,2019,Crime,7.3,Movie,49,44
 Mortel,2019,Crime,7.3,Movie,54,43
 Black Lightning,2017,Sci-Fi,7.2,Movie,42,328
 Explained,2018,Documentary,7.3,Movie,69,228
 Mortel,2019,Crime,8,Movie,46,44
 Narcoworld: Dope Stories,2019,Documentary,7.2,Movie,47,45
 Narcoworld: Dope Stories,2019,Documentary,7,Movie,39,32
 Narcoworld: Dope Stories,2019,Documentary,7.5,Movie,37,28
 Narcoworld: Dope Stories,2019,Documentary,6.8,Movie,38,29
 Kevin Hart: Don't F**k This Up,2019,Documentary,6.5,Movie,69,102
 Kevin Hart: Don't F**k This Up,2019,Documentary,6.5,Movie,69,94
 Kevin Hart: Don't F**k This Up,2019,Documentary,6.5,Movie,69,94
 Kevin Hart: Don't F**k This Up,2019,Documentary,6.4,Movie,69,91
 Kevin Hart: Don't F**k This Up,2019,Documentary,6.6,Movie,69,91
 Kevin Hart: Don't F**k This Up,2019,Documentary,6.6,Movie,69,88
 Avatar: The Last Airbender,2005,Animation,9.5,Movie,47,3275
 Black Lightning,2017,Sci-Fi,7.3,Movie,41,395
 Don't F**k with Cats: Hunting an Internet Killer,2019,Documentary,8.4,Movie,66,1311
 Don't F**k with Cats: Hunting an Internet Killer,2019,Documentary,8.4,Movie,57,1206
 Don't F**k with Cats: Hunting an Internet Killer,2019,Documentary,8.2,Movie,64,1179
 Poketto monsutâ,1997,Animation,8.1,Movie,69,82
 Dynasty,2017,Drama,8.2,Movie,42,197
 Avatar: The Last Airbender,2005,Animation,9.2,Movie,47,3092
 Jamtara: Sabka Number Ayega,2020,Crime,7,Movie,25,89
 Johnny Test,2005,Animation,5.8,Movie,23,20
 Brand New Cherry Flavor,2021,Horror,7.1,Movie,69,789
 Brand New Cherry Flavor,2021,Horror,7.1,Movie,69,789
 Explained,2018,Documentary,7.5,Movie,69,242
 The Flash,2014,Action,7.1,Movie,42,1398
 The Flash,2014,Action,7.7,Movie,42,1392
 Sorjonen,2016,Crime,7.5,Movie,56,126
 Sorjonen,2016,Crime,7.1,Movie,60,139
 Sorjonen,2016,Crime,7.3,Movie,59,123
 Sorjonen,2016,Crime,7.2,Movie,58,118
 Sorjonen,2016,Crime,7.2,Movie,59,114
 Sorjonen,2016,Crime,7.5,Movie,60,112
 Sorjonen,2016,Crime,7.8,Movie,60,112
 Sorjonen,2016,Crime,7.8,Movie,57,95
 Sorjonen,2016,Crime,8,Movie,60,120
 Sugar Rush Christmas,2019,Reality-TV,6.5,Movie,69,38
 Sugar Rush Christmas,2019,Reality-TV,6.7,Movie,69,34
 Sugar Rush Christmas,2019,Reality-TV,6.6,Movie,69,29
 Sugar Rush Christmas,2019,Reality-TV,6.9,Movie,69,27
 Sugar Rush Christmas,2019,Reality-TV,6.4,Movie,69,27
 Sugar Rush Christmas,2019,Reality-TV,6.6,Movie,69,26
 Avatar: The Last Airbender,2005,Animation,9,Movie,25,2986
 Brand New Cherry Flavor,2021,Horror,7.1,Movie,69,789
 Brand New Cherry Flavor,2021,Horror,7.1,Movie,69,789
 Brand New Cherry Flavor,2021,Horror,7.1,Movie,69,789
 Brand New Cherry Flavor,2021,Horror,7.1,Movie,69,789
 Brand New Cherry Flavor,2021,Horror,7.1,Movie,69,789
 Brand New Cherry Flavor,2021,Horror,7.1,Movie,69,789
 Virgin River,2019,Romance,7.7,Movie,45,295
 Virgin River,2019,Romance,7.7,Movie,40,306
 Virgin River,2019,Romance,7.8,Movie,41,295
 Virgin River,2019,Romance,8,Movie,44,310
 Virgin River,2019,Romance,8.5,Movie,45,380
 Hollywood Insider,2018,Talk-Show,7.1,Movie,69,789
 Hollywood Insider,2018,Talk-Show,7.1,Movie,69,789
 The Confession Killer,2019,Documentary,7.2,Movie,45,318
 The Confession Killer,2019,Documentary,7.5,Movie,50,287
 The Confession Killer,2019,Documentary,7.6,Movie,49,271
 The Confession Killer,2019,Documentary,7.7,Movie,46,255
 The Confession Killer,2019,Documentary,7.6,Movie,50,248
 Lupin,2021,Crime,7.9,Movie,47,3271
 Riverdale,2017,Crime,7.1,Movie,42,668
 Le Bazar de la Charité,2019,Historical,7.9,Movie,53,89
 Le Bazar de la Charité,2019,Historical,7.9,Movie,48,88
 Undercover,2019,Thriller,7.8,Movie,49,258
 Undercover,2019,Thriller,7.2,Movie,49,241
 Undercover,2019,Thriller,7.5,Movie,50,247
 Undercover,2019,Thriller,7.8,Movie,51,232
 Undercover,2019,Thriller,7.5,Movie,46,286
 Halston,2021,Biography,7.7,Movie,46,546
 Unsolved Mysteries,2020,Documentary,7.7,Movie,49,841
 Unsolved Mysteries,2020,Documentary,7.4,Movie,43,666
 Unsolved Mysteries,2020,Documentary,7.1,Movie,46,913
 Jamtara: Sabka Number Ayega,2020,Crime,7.1,Movie,30,89
 Clickbait,2021,Crime,7.1,Movie,69,789
 Jamtara: Sabka Number Ayega,2020,Crime,7.1,Movie,25,90
 Astronomy Club,2019,Comedy,6.8,Movie,69,30
 Astronomy Club,2019,Comedy,6.7,Movie,69,28
 Astronomy Club,2019,Comedy,7.1,Movie,69,25
 Astronomy Club,2019,Comedy,6.7,Movie,69,23
 Astronomy Club,2019,Comedy,6.8,Movie,69,22
 Virgin River,2019,Romance,8.2,Movie,45,521
 Lugar de Mulher,2019,Comedy,5.6,Movie,16,5
 Riverdale,2017,Crime,7.1,Movie,42,684
 Hit and Run,2021,Crime,7.1,Movie,69,789
 La casa de papel,2017,Crime,7.1,Movie,44,5514
 La casa de papel,2017,Crime,7,Movie,42,5380
 La casa de papel,2017,Crime,7.4,Movie,53,5289
 La casa de papel,2017,Crime,6.8,Movie,42,5972
 La casa de papel,2017,Crime,7.2,Movie,45,6162
 La casa de papel,2017,Crime,8.2,Movie,52,5896
 Le Bazar de la Charité,2019,Historical,7.9,Movie,48,87
 Le Bazar de la Charité,2019,Historical,8,Movie,54,85
 Age of Samurai: Battle for Japan,2021,Documentary,7.4,Movie,43,215
 Age of Samurai: Battle for Japan,2021,Documentary,7.4,Movie,42,177
 Age of Samurai: Battle for Japan,2021,Documentary,7.6,Movie,42,167
 Age of Samurai: Battle for Japan,2021,Documentary,7.4,Movie,43,157
 Age of Samurai: Battle for Japan,2021,Documentary,7.5,Movie,43,142
 Age of Samurai: Battle for Japan,2021,Documentary,7.4,Movie,44,138
 Vikings,2013,Action,7.8,Movie,69,202
 La casa de papel,2017,Crime,8.2,Movie,60,7176
 Untitled Lakers Project,2022,Sports,7.1,Movie,69,789
 Desenfrenadas,2020,Comedy,8.2,Movie,69,31
 The Circle,2020,Reality-TV,7.5,Movie,63,175
 A Suitable Boy,2020,Romance,6.1,Movie,58,156
 Jamtara: Sabka Number Ayega,2020,Crime,6.8,Movie,23,92
 Black Summer,2019,Horror,7.8,Movie,44,736
 Johnny Test,2005,Animation,5.6,Movie,23,21
 The Upshaws,2021,Comedy,8.5,Movie,69,46
 The Boondocks,2005,Animation,8.3,Movie,23,278
 The Sinner,2017,Crime,6.5,Movie,46,1275
 The Sinner,2017,Crime,6.4,Movie,42,1297
 The Sinner,2017,Crime,5.6,Movie,50,1980
 A Suitable Boy,2020,Romance,6.2,Movie,58,239
 Hit and Run,2021,Crime,7.1,Movie,69,789
 Kalifat,2020,Thriller,7.5,Movie,47,371
 Next in Fashion,2020,Reality-TV,7.3,Movie,50,113
 Hache,2019,Thriller,6.7,Movie,47,24
 The Boondocks,2005,Animation,7.7,Movie,23,207
 Blood & Water,2020,Mystery,7.5,Movie,44,68
 Blood & Water,2020,Mystery,7.5,Movie,50,63
 Blood & Water,2020,Mystery,7.9,Movie,49,63
 Blood & Water,2020,Mystery,7.6,Movie,53,61
 Blood & Water,2020,Mystery,7.7,Movie,51,65
 Equinox,2020,Fantasy,6.9,Movie,46,267
 Equinox,2020,Fantasy,6.9,Movie,46,232
 Equinox,2020,Fantasy,6.9,Movie,52,218
 Equinox,2020,Fantasy,7,Movie,43,208
 Equinox,2020,Fantasy,6.9,Movie,41,204
 Equinox,2020,Fantasy,6.2,Movie,42,230
 Lupin,2021,Crime,7.8,Movie,52,2653
 Lupin,2021,Crime,7.6,Movie,42,2428
 Fauda,2015,Thriller,8.2,Movie,50,310
 Nisman,2019,Documentary,7.9,Movie,54,33
 Nisman,2019,Documentary,8,Movie,65,20
 Nisman,2019,Documentary,7.7,Movie,59,18
 Nisman,2019,Documentary,8,Movie,68,17
 Nisman,2019,Documentary,8.5,Movie,65,17
 Nisman,2019,Documentary,7.9,Movie,62,15
 The Boondocks,2005,Animation,7.7,Movie,22,208
 Jamtara: Sabka Number Ayega,2020,Crime,7,Movie,69,103
 Dynasty,2017,Drama,8.2,Movie,42,197
 Fast & Furious Spy Racers,2019,Animation,7.4,Movie,69,84
 Fast & Furious Spy Racers,2019,Animation,7.6,Movie,69,76
 Fast & Furious Spy Racers,2019,Animation,7.5,Movie,69,70
 Fast & Furious Spy Racers,2019,Animation,7.8,Movie,69,69
 Fast & Furious Spy Racers,2019,Animation,7.8,Movie,69,69
 Fast & Furious Spy Racers,2019,Animation,7.8,Movie,69,69
 Fast & Furious Spy Racers,2019,Animation,7.8,Movie,69,74
 Fauda,2015,Thriller,8.3,Movie,50,272
 Black Lightning,2017,Sci-Fi,7,Movie,40,309
 Johnny Test,2005,Animation,6.1,Movie,22,29
 Hit and Run,2021,Crime,7.1,Movie,69,789
 Hit and Run,2021,Crime,7.1,Movie,69,789
 The A List,2018,Crime,8.3,Movie,28,35
 The Circle,2020,Reality-TV,7.3,Movie,49,158
 The Circle,2020,Reality-TV,7.7,Movie,44,155
 The Circle,2020,Reality-TV,7.6,Movie,46,151
 Johnny Test,2005,Animation,5.7,Movie,23,21
 Fauda,2015,Thriller,8.3,Movie,44,257
 The Circle,2020,Reality-TV,7.3,Movie,48,136
 The Circle,2020,Reality-TV,7.9,Movie,45,141
 The Circle,2020,Reality-TV,8,Movie,53,140
 The Circle,2020,Reality-TV,8.1,Movie,48,155
 Hit and Run,2021,Crime,7.1,Movie,69,789
 The Last Kingdom,2015,Historical,8.9,Movie,50,1765
 The Last Kingdom,2015,Historical,8.9,Movie,52,1761
 Trollhunters,2016,Animation,8.3,Movie,1,23
 Fauda,2015,Thriller,8.1,Movie,40,248
 Dynasty,2017,Drama,7.8,Movie,42,187
 Selena: The Series,2020,Biography,7.5,Movie,38,129
 The Circle,2020,Reality-TV,8,Movie,47,137
 The Circle,2020,Reality-TV,7.8,Movie,47,132
 The Circle,2020,Reality-TV,8,Movie,42,135
 The Circle,2020,Reality-TV,7.2,Movie,56,151
 Vikings,2013,Action,8.7,Movie,69,178
 Vikings,2013,Action,8.6,Movie,69,192
 The Epic Tales of Captain Underpants,2018,Animation,6.3,Movie,37,94
 The Pharmacist,2020,Documentary,7.8,Movie,61,243
 The Pharmacist,2020,Documentary,8,Movie,59,215
 The Pharmacist,2020,Documentary,8.3,Movie,48,204
 The Pharmacist,2020,Documentary,8.2,Movie,49,195
 Night on Earth,2020,Documentary,7.8,Movie,53,303
 Poketto monsutâ,1997,Animation,7.8,Movie,21,59
 Dynasty,2017,Drama,8,Movie,42,166
 Dynasty,2017,Drama,7.6,Movie,42,194
 Black Lightning,2017,Sci-Fi,7,Movie,42,304
 Fauda,2015,Thriller,8.2,Movie,38,248
 13 Reasons Why,2017,Thriller,6.2,Movie,57,1619
 Riverdale,2017,Crime,6.9,Movie,42,647
 Kalifat,2020,Thriller,7.6,Movie,47,315
 Black Lightning,2017,Sci-Fi,7.2,Movie,41,302
 Pandemic: How to Prevent an Outbreak,2020,Documentary,6.7,Movie,52,221
 Pandemic: How to Prevent an Outbreak,2020,Documentary,6.6,Movie,50,153
 The Witcher,2019,Action,7.1,Movie,69,789
 The Witcher,2019,Action,7.1,Movie,69,789
 The Witcher,2019,Action,7.1,Movie,69,789
 The Witcher,2019,Action,7.1,Movie,69,789
 The Witcher,2019,Action,7.1,Movie,69,789
 The Witcher,2019,Action,7.1,Movie,69,789
 The Witcher,2019,Action,7.1,Movie,69,789
 Pandemic: How to Prevent an Outbreak,2020,Documentary,6.5,Movie,69,123
 Pandemic: How to Prevent an Outbreak,2020,Documentary,6.6,Movie,49,107
 Pandemic: How to Prevent an Outbreak,2020,Documentary,6.6,Movie,69,101
 Pandemic: How to Prevent an Outbreak,2020,Documentary,6.9,Movie,69,96
 Onisciente,2020,Sci-Fi,7.2,Movie,69,74
 Glitch Techs,2020,Animation,8.5,Movie,69,45
 Glitch Techs,2020,Animation,8.6,Movie,69,40
 Glitch Techs,2020,Animation,8.7,Movie,69,40
 Glitch Techs,2020,Animation,8.7,Movie,69,42
 Glitch Techs,2020,Animation,8.5,Movie,69,41
 Glitch Techs,2020,Animation,8.7,Movie,69,41
 Glitch Techs,2020,Animation,8.9,Movie,69,47
 Glitch Techs,2020,Animation,8.8,Movie,69,43
 Riverdale,2017,Crime,7.4,Movie,42,692
 Riverdale,2017,Crime,8.1,Movie,42,769
 The Flash,2014,Action,7.8,Movie,42,1300
 Vikings,2013,Action,9.2,Movie,69,304
 Avatar: The Last Airbender,2005,Animation,9.3,Movie,24,3294
 Kalifat,2020,Thriller,7.8,Movie,47,301
 Fauda,2015,Thriller,8,Movie,46,244
 The Haunting of Bly Manor,2020,Horror,7.5,Movie,45,3541
 Black Lightning,2017,Sci-Fi,7.8,Movie,42,329
 Kalifat,2020,Thriller,7.9,Movie,47,292
 Diablero,2018,Fantasy,7.3,Movie,69,39
 Dirty Money,2018,Documentary,7.6,Movie,69,365
 Night on Earth,2020,Documentary,8.2,Movie,45,248
 Night on Earth,2020,Documentary,7.9,Movie,53,202
 Night on Earth,2020,Documentary,8.2,Movie,48,211
 Night on Earth,2020,Documentary,8.2,Movie,41,197
 Night on Earth,2020,Documentary,7.9,Movie,51,179
 Onisciente,2020,Sci-Fi,7.1,Movie,69,97
 Onisciente,2020,Sci-Fi,7.1,Movie,69,83
 Onisciente,2020,Sci-Fi,7.3,Movie,69,80
 Onisciente,2020,Sci-Fi,7.5,Movie,69,77
 Onisciente,2020,Sci-Fi,6.8,Movie,69,109
 The Last Kingdom,2015,Historical,9,Movie,55,1930
 The Last Kingdom,2015,Historical,9.1,Movie,52,1854
 The Last Kingdom,2015,Historical,9.4,Movie,55,2278
 Next in Fashion,2020,Reality-TV,7.5,Movie,69,98
 Next in Fashion,2020,Reality-TV,7.6,Movie,69,88
 Next in Fashion,2020,Reality-TV,6.2,Movie,69,111
 Next in Fashion,2020,Reality-TV,7,Movie,69,90
 Next in Fashion,2020,Reality-TV,6.7,Movie,69,86
 Next in Fashion,2020,Reality-TV,7.4,Movie,69,81
 Next in Fashion,2020,Reality-TV,7,Movie,69,81
 Next in Fashion,2020,Reality-TV,7.4,Movie,69,77
 Next in Fashion,2020,Reality-TV,8.1,Movie,69,85
 Hit and Run,2021,Crime,7.1,Movie,69,789
 Hit and Run,2021,Crime,7.1,Movie,69,789
 13 Reasons Why,2017,Thriller,6.1,Movie,57,1507
 13 Reasons Why,2017,Thriller,6.6,Movie,61,1694
 Fauda,2015,Thriller,8.6,Movie,43,283
 Diablero,2018,Fantasy,7.3,Movie,69,35
 Diablero,2018,Fantasy,7.2,Movie,69,33
 Diablero,2018,Fantasy,7,Movie,69,32
 Diablero,2018,Fantasy,7.2,Movie,69,31
 Diablero,2018,Fantasy,7.1,Movie,69,35
 The Flash,2014,Action,8.1,Movie,42,1411
 Baby,2018,Drama,7.7,Movie,49,85
 Baby,2018,Drama,8,Movie,43,92
 Baby,2018,Drama,7.6,Movie,39,83
 Baby,2018,Drama,7.8,Movie,43,89
 Baby,2018,Drama,7.9,Movie,49,105
 Sex/Life,2021,Romance,6.3,Movie,45,333
 Black Lightning,2017,Sci-Fi,7.1,Movie,69,288
 Black Lightning,2017,Sci-Fi,7.3,Movie,41,300
 Black Lightning,2017,Sci-Fi,7.5,Movie,42,311
 Country Comfort,2021,Family,6.8,Movie,69,109
 Country Comfort,2021,Family,7.8,Movie,69,92
 Country Comfort,2021,Family,8.1,Movie,69,92
 Country Comfort,2021,Family,7.9,Movie,69,82
 Country Comfort,2021,Family,8.2,Movie,69,85
 Country Comfort,2021,Family,8.3,Movie,69,78
 Country Comfort,2021,Family,8,Movie,69,71
 Country Comfort,2021,Family,8.4,Movie,69,73
 Country Comfort,2021,Family,8.5,Movie,69,75
 Country Comfort,2021,Family,8.9,Movie,69,95
 Sex/Life,2021,Romance,6.3,Movie,69,253
 Sex/Life,2021,Romance,6.5,Movie,51,233
 Sex/Life,2021,Romance,6.2,Movie,43,188
 Sex/Life,2021,Romance,6.6,Movie,46,190
 Sex/Life,2021,Romance,6.7,Movie,47,183
 Sex/Life,2021,Romance,6.3,Movie,51,181
 Sex/Life,2021,Romance,4.7,Movie,52,278
 Fauda,2015,Thriller,8.3,Movie,44,256
 One Piece,2018,Action,7.1,Movie,41,789
 Dynasty,2017,Drama,8.2,Movie,42,173
 The Boondocks,2005,Animation,8,Movie,22,199
 The Boondocks,2005,Animation,8.5,Movie,24,235
 Kalifat,2020,Thriller,7.9,Movie,47,278
 One Piece,2018,Action,7.1,Movie,69,789
 One Piece,2018,Action,7.1,Movie,69,789
 One Piece,2018,Action,7.1,Movie,69,789
 One Piece,2018,Action,7.1,Movie,69,789
 One Piece,2018,Action,7.1,Movie,69,789
 One Piece,2018,Action,7.1,Movie,69,789
 One Piece,2018,Action,7.1,Movie,69,789
 One Piece,2018,Action,7.1,Movie,69,789
 One Piece,2018,Action,7.1,Movie,69,789
 The Late Late Show with James Corden,2015,Comedy,7.1,Movie,69,789
 Sex Education,2019,Comedy,7.1,Movie,69,789
 A Suitable Boy,2020,Romance,6.3,Movie,58,119
 A Suitable Boy,2020,Romance,6.3,Movie,58,122
 Avatar: The Last Airbender,2005,Animation,8.8,Movie,46,2880
 Desenfrenadas,2020,Comedy,7.7,Movie,69,40
 Desenfrenadas,2020,Comedy,7.9,Movie,69,34
 Desenfrenadas,2020,Comedy,7.8,Movie,69,32
 Desenfrenadas,2020,Comedy,8,Movie,69,32
 Desenfrenadas,2020,Comedy,8.2,Movie,69,35
 Desenfrenadas,2020,Comedy,8.2,Movie,69,33
 Desenfrenadas,2020,Comedy,7.9,Movie,69,29
 Desenfrenadas,2020,Comedy,8.1,Movie,69,31
 Desenfrenadas,2020,Comedy,8.2,Movie,69,29
 Siempre Bruja,2019,Fantasy,8.3,Movie,69,19
 Siempre Bruja,2019,Fantasy,8.3,Movie,69,19
 Siempre Bruja,2019,Fantasy,8.2,Movie,69,18
 Siempre Bruja,2019,Fantasy,8.2,Movie,69,17
 Siempre Bruja,2019,Fantasy,8.2,Movie,69,20
 The Windsors,2016,Comedy,7.2,Movie,69,46
 The Windsors,2016,Comedy,7.3,Movie,69,39
 The Windsors,2016,Comedy,7.3,Movie,69,38
 The Windsors,2016,Comedy,7.4,Movie,69,38
 The Windsors,2016,Comedy,7.3,Movie,69,33
 Love Is Blind,2020,Reality-TV,6.1,Movie,58,201
 Love Is Blind,2020,Reality-TV,6.1,Movie,59,173
 After Life,2019,Comedy,7.9,Movie,27,1755
 After Life,2019,Comedy,8.1,Movie,31,1696
 After Life,2019,Comedy,8.3,Movie,26,1667
 After Life,2019,Comedy,8.5,Movie,28,1716
 After Life,2019,Comedy,9,Movie,30,2245
 Love Is Blind,2020,Reality-TV,6.2,Movie,53,160
 Love Is Blind,2020,Reality-TV,6.5,Movie,48,150
 Love Is Blind,2020,Reality-TV,6.2,Movie,51,144
 Love Is Blind,2020,Reality-TV,6.4,Movie,57,140
 Love Is Blind,2020,Reality-TV,6.5,Movie,49,138
 Love Is Blind,2020,Reality-TV,6.3,Movie,54,130
 Love Is Blind,2020,Reality-TV,6.3,Movie,55,129
 Love Is Blind,2020,Reality-TV,7.2,Movie,84,138
 The Boondocks,2005,Animation,8.7,Movie,23,263
 Masters of the Universe: Revelation,2021,Animation,6.6,Movie,25,1507
 Masters of the Universe: Revelation,2021,Animation,5.5,Movie,24,1190
 Masters of the Universe: Revelation,2021,Animation,5.7,Movie,24,1063
 Masters of the Universe: Revelation,2021,Animation,6,Movie,26,1033
 Masters of the Universe: Revelation,2021,Animation,5.9,Movie,27,1042
 Masters of the Universe: Revelation,2021,Animation,7.1,Movie,69,789
 Johnny Test,2005,Animation,5.9,Movie,23,26
 Johnny Test,2005,Animation,5.8,Movie,23,20
 Taj Mahal 1989,2020,Romance,7.2,Movie,31,29
 Taj Mahal 1989,2020,Romance,7.3,Movie,36,31
 Taj Mahal 1989,2020,Romance,7.7,Movie,34,24
 Taj Mahal 1989,2020,Romance,7.8,Movie,33,26
 Taj Mahal 1989,2020,Romance,7.8,Movie,36,24
 Taj Mahal 1989,2020,Romance,8,Movie,36,26
 Riverdale,2017,Crime,7.4,Movie,42,767
 Kalifat,2020,Thriller,8.3,Movie,47,291
 The Boondocks,2005,Animation,8.7,Movie,22,242
 On the Verge,2021,Comedy,7.1,Movie,69,789
 On the Verge,2021,Comedy,7.1,Movie,69,789
 On the Verge,2021,Comedy,7.1,Movie,69,789
 On the Verge,2021,Comedy,7.1,Movie,69,789
 On the Verge,2021,Comedy,7.1,Movie,69,789
 On the Verge,2021,Comedy,7.1,Movie,69,789
 On the Verge,2021,Comedy,7.1,Movie,69,789
 On the Verge,2021,Comedy,7.1,Movie,69,789
 On the Verge,2021,Comedy,7.1,Movie,69,789
 On the Verge,2021,Comedy,7.1,Movie,69,789
 On the Verge,2021,Comedy,7.1,Movie,69,789
 On the Verge,2021,Comedy,7.1,Movie,69,789
 Riverdale,2017,Crime,8.5,Movie,42,1032
 Riverdale,2017,Crime,3.5,Movie,42,2540
 Riverdale,2017,Crime,6.8,Movie,42,807
 Fauda,2015,Thriller,8.5,Movie,49,273
 Bloodride,2020,Horror,6.7,Movie,31,504
 Workin' Moms,2017,Comedy,7.2,Movie,69,90
 The Trials of Gabriel Fernandez,2020,Documentary,8.1,Movie,47,345
 The Trials of Gabriel Fernandez,2020,Documentary,8.2,Movie,52,311
 The Trials of Gabriel Fernandez,2020,Documentary,8.4,Movie,63,297
 The Trials of Gabriel Fernandez,2020,Documentary,8.1,Movie,55,274
 The Trials of Gabriel Fernandez,2020,Documentary,8.3,Movie,50,263
 The Trials of Gabriel Fernandez,2020,Documentary,8.6,Movie,61,266
 Hyena,2020,Romance,8.1,Movie,69,26
 Hyena,2020,Romance,7.6,Movie,69,25
 Hyena,2020,Romance,7.8,Movie,69,21
 Hyena,2020,Romance,8.3,Movie,69,17
 Hyena,2020,Romance,7.9,Movie,69,17
 Hyena,2020,Romance,7.7,Movie,69,14
 Hyena,2020,Romance,8.1,Movie,69,14
 Hyena,2020,Romance,8.2,Movie,69,13
 Hyena,2020,Romance,7.4,Movie,69,14
 Hyena,2020,Romance,7.8,Movie,69,11
 Hyena,2020,Romance,7.8,Movie,69,10
 Hyena,2020,Romance,7.7,Movie,69,11
 Hyena,2020,Romance,7.8,Movie,69,11
 Hyena,2020,Romance,8.2,Movie,69,11
 Hyena,2020,Romance,8,Movie,69,10
 Hyena,2020,Romance,8.1,Movie,69,11
 The Chair,2021,Comedy,7.1,Movie,69,789
 The Chair,2021,Comedy,7.1,Movie,69,789
 The Chair,2021,Comedy,7.1,Movie,69,789
 The Chair,2021,Comedy,7.1,Movie,69,789
 The Chair,2021,Comedy,7.1,Movie,69,789
 The Chair,2021,Comedy,7.1,Movie,69,789
 Bloodride,2020,Horror,6.6,Movie,27,454
 Bloodride,2020,Horror,6.3,Movie,27,405
 Bloodride,2020,Horror,6.5,Movie,32,381
 Bloodride,2020,Horror,5.9,Movie,28,351
 Bloodride,2020,Horror,6.1,Movie,27,332
 Painkiller,2018,Crime,7.1,Movie,69,789
 Painkiller,2018,Crime,7.1,Movie,69,789
 Painkiller,2018,Crime,7.1,Movie,69,789
 Painkiller,2018,Crime,7.1,Movie,69,789
 Painkiller,2018,Crime,7.1,Movie,69,789
 Painkiller,2018,Crime,7.1,Movie,69,789
 Painkiller,2018,Crime,7.1,Movie,69,789
 Painkiller,2018,Crime,7.1,Movie,69,789
 Fauda,2015,Thriller,8.5,Movie,37,278
 Kalifat,2020,Thriller,8.3,Movie,47,289
 Clickbait,2021,Crime,7.1,Movie,69,789
 Power Rangers Beast Morphers,2019,Action,8.6,Movie,69,30
 Power Rangers Beast Morphers,2019,Action,8.9,Movie,69,32
 Castlevania,2017,Animation,7.9,Movie,22,1027
 Castlevania,2017,Animation,8.4,Movie,23,1080
 Castlevania,2017,Animation,8,Movie,25,1008
 Castlevania,2017,Animation,8.4,Movie,25,1023
 Castlevania,2017,Animation,9.5,Movie,25,1949
 Élite,2018,Thriller,7.3,Movie,54,808
 Élite,2018,Thriller,7.1,Movie,69,789
 Castlevania,2017,Animation,9.3,Movie,28,1607
 13 Reasons Why,2017,Thriller,5.6,Movie,59,1635
 13 Reasons Why,2017,Thriller,5.9,Movie,60,1420
 Formula 1: Drive to Survive,2019,Documentary,7.8,Movie,38,572
 Formula 1: Drive to Survive,2019,Documentary,8.3,Movie,37,612
 Formula 1: Drive to Survive,2019,Documentary,8,Movie,36,569
 Formula 1: Drive to Survive,2019,Documentary,8.8,Movie,37,681
 Formula 1: Drive to Survive,2019,Documentary,7.8,Movie,32,534
 Formula 1: Drive to Survive,2019,Documentary,7.8,Movie,38,520
 Formula 1: Drive to Survive,2019,Documentary,7.5,Movie,31,516
 Formula 1: Drive to Survive,2019,Documentary,8.3,Movie,31,552
 The Serpent,2021,Thriller,8.1,Movie,58,624
 Fauda,2015,Thriller,7.7,Movie,41,242
 Siempre Bruja,2019,Fantasy,7.9,Movie,69,16
 Siempre Bruja,2019,Fantasy,8.1,Movie,69,16
 Dynasty,2017,Drama,7.8,Movie,41,169
 The Upshaws,2021,Comedy,8.1,Movie,69,65
 Love Is Blind,2020,Reality-TV,6.1,Movie,51,108
 Johnny Test,2005,Animation,6.3,Movie,23,23
 Johnny Test,2005,Animation,6.5,Movie,23,30
 Valeria,2020,Romance,7.3,Movie,69,71
 13 Reasons Why,2017,Thriller,6.8,Movie,60,1640
 13 Reasons Why,2017,Thriller,7.7,Movie,98,2312
 She,2020,Crime,7.2,Movie,33,73
 Vampires,2020,Horror,6.5,Movie,44,64
 Kalifat,2020,Thriller,8.5,Movie,54,345
 The Protector,2018,Sci-Fi,7.5,Movie,69,305
 The Protector,2018,Sci-Fi,7.6,Movie,69,316
 The Protector,2018,Sci-Fi,7.9,Movie,69,370
 Fauda,2015,Thriller,8,Movie,39,289
 Ragnarok,2020,Fantasy,8.1,Movie,50,603
 Workin' Moms,2017,Comedy,7.5,Movie,69,72
 Workin' Moms,2017,Comedy,7.8,Movie,69,69
 El desorden que dejas,2020,Crime,6.9,Movie,47,185
 El desorden que dejas,2020,Crime,6.8,Movie,41,172
 El desorden que dejas,2020,Crime,6.7,Movie,46,159
 El desorden que dejas,2020,Crime,6.9,Movie,46,153
 El desorden que dejas,2020,Crime,7,Movie,42,153
 El desorden que dejas,2020,Crime,6.8,Movie,35,156
 El desorden que dejas,2020,Crime,7.2,Movie,50,227
 Clickbait,2021,Crime,7.1,Movie,69,789
 Power Rangers Beast Morphers,2019,Action,8.1,Movie,69,30
 Power Rangers Beast Morphers,2019,Action,8.9,Movie,69,29
 Power Rangers Beast Morphers,2019,Action,9.1,Movie,69,29
 Buddi,2020,Animation,7.1,Movie,69,789
 Buddi,2020,Animation,7.1,Movie,69,789
 Buddi,2020,Animation,7.1,Movie,69,789
 Buddi,2020,Animation,7.1,Movie,69,789
 Buddi,2020,Animation,7.1,Movie,69,789
 Buddi,2020,Animation,7.1,Movie,69,789
 Buddi,2020,Animation,7.1,Movie,69,789
 Buddi,2020,Animation,7.1,Movie,69,789
 Avatar: The Last Airbender,2005,Animation,9,Movie,24,3056
 Vampires,2020,Horror,6.7,Movie,38,52
 In from the Cold,2018,Thriller,7.1,Movie,69,789
 In from the Cold,2018,Thriller,7.1,Movie,69,789
 In from the Cold,2018,Thriller,7.1,Movie,69,789
 In from the Cold,2018,Thriller,7.1,Movie,69,789
 In from the Cold,2018,Thriller,7.1,Movie,69,789
 In from the Cold,2018,Thriller,7.1,Movie,69,789
 In from the Cold,2018,Thriller,7.1,Movie,69,789
 In from the Cold,2018,Thriller,7.1,Movie,69,789
 Vampires,2020,Horror,6.6,Movie,37,45
 Vampires,2020,Horror,6.5,Movie,40,43
 Vampires,2020,Horror,6.5,Movie,37,41
 Vampires,2020,Horror,6.5,Movie,42,42
 The Protector,2018,Sci-Fi,7.1,Movie,69,208
 Avatar: The Last Airbender,2005,Animation,9.3,Movie,46,3156
" Tiger King: Murder, Mayhem and Madness",2020,Documentary,7.5,Movie,49,2245
 Dirty Money,2018,Documentary,7.4,Movie,69,302
 Dirty Money,2018,Documentary,8,Movie,65,411
 Dirty Money,2018,Documentary,7.8,Movie,69,283
 Dirty Money,2018,Documentary,8.5,Movie,69,273
 Dirty Money,2018,Documentary,7.6,Movie,69,205
 On My Block,2018,Comedy,8,Movie,32,149
 On My Block,2018,Comedy,8.2,Movie,29,142
 On My Block,2018,Comedy,8.1,Movie,30,141
 On My Block,2018,Comedy,8.3,Movie,33,141
 On My Block,2018,Comedy,8.2,Movie,31,143
 On My Block,2018,Comedy,8.4,Movie,29,143
 On My Block,2018,Comedy,8.7,Movie,37,202
 ÜberWeihnachten,2020,Romance,7.2,Movie,48,65
 ÜberWeihnachten,2020,Romance,7.5,Movie,50,66
 ÜberWeihnachten,2020,Romance,7.2,Movie,45,59
 Dynasty,2017,Drama,8,Movie,42,166
 Clickbait,2021,Crime,7.1,Movie,69,789
 Clickbait,2021,Crime,7.1,Movie,69,789
 The Midnight Gospel,2020,Animation,8,Movie,21,1218
 The Upshaws,2021,Comedy,8.3,Movie,69,46
 Johnny Test,2005,Animation,6.1,Movie,23,24
 Poketto monsutâ,1997,Animation,6.9,Movie,21,59
 Poketto monsutâ,1997,Animation,7.4,Movie,69,54
 Poketto monsutâ,1997,Animation,7.2,Movie,21,46
" Tiger King: Murder, Mayhem and Madness",2020,Documentary,7.8,Movie,47,2077
" Tiger King: Murder, Mayhem and Madness",2020,Documentary,7.9,Movie,47,2071
" Tiger King: Murder, Mayhem and Madness",2020,Documentary,7.6,Movie,46,1887
" Tiger King: Murder, Mayhem and Madness",2020,Documentary,7.8,Movie,44,1856
" Tiger King: Murder, Mayhem and Madness",2020,Documentary,7.4,Movie,44,1772
" Tiger King: Murder, Mayhem and Madness",2020,Documentary,7.5,Movie,41,1747
 She,2020,Crime,6.7,Movie,69,54
 She,2020,Crime,6.8,Movie,69,49
 She,2020,Crime,6.6,Movie,69,45
 She,2020,Crime,6.4,Movie,69,46
 She,2020,Crime,6.5,Movie,69,45
 She,2020,Crime,7,Movie,69,57
 Poketto monsutâ,1997,Animation,7.4,Movie,21,57
 Poketto monsutâ,1997,Animation,6.5,Movie,21,47
 Poketto monsutâ,1997,Animation,6.6,Movie,21,47
 Poketto monsutâ,1997,Animation,7.7,Movie,69,48
 Poketto monsutâ,1997,Animation,8.3,Movie,21,50
 Yasuke,2021,Animation,7,Movie,30,211
 Exatlon Challenge,2020,Sports,4.4,Movie,69,21
 Fatma,2021,Thriller,7.5,Movie,69,244
 Clickbait,2021,Crime,7.1,Movie,69,789
 Clickbait,2021,Crime,7.1,Movie,69,789
 Clickbait,2021,Crime,7.1,Movie,69,789
 The Circle,2020,Reality-TV,7.2,Movie,58,124
 7Seeds,2019,Animation,7,Movie,24,26
 7Seeds,2019,Animation,6.7,Movie,24,22
 7Seeds,2019,Animation,6.8,Movie,24,22
 7Seeds,2019,Animation,7,Movie,24,23
 7Seeds,2019,Animation,6.8,Movie,24,22
 7Seeds,2019,Animation,6.7,Movie,24,21
 7Seeds,2019,Animation,6.8,Movie,24,22
 7Seeds,2019,Animation,6.7,Movie,24,21
 7Seeds,2019,Animation,7.1,Movie,25,23
 7Seeds,2019,Animation,6.8,Movie,24,24
 7Seeds,2019,Animation,7.8,Movie,24,26
 7Seeds,2019,Animation,7.8,Movie,24,26
 Dynasty,2017,Drama,7.9,Movie,42,163
 She-Ra and the Princesses of Power,2018,Animation,9,Movie,24,1047
 Power Rangers Beast Morphers,2019,Action,7.9,Movie,69,23
 Avatar: The Last Airbender,2005,Animation,8.7,Movie,25,3246
 Avatar: The Last Airbender,2005,Animation,9.2,Movie,92,3465
 Avatar: The Last Airbender,2005,Animation,9.5,Movie,92,3845
 Avatar: The Last Airbender,2005,Animation,9.8,Movie,92,5283
 Avatar: The Last Airbender,2005,Animation,9.9,Movie,92,8813
 Transformers: War for Cybertron,2020,Animation,7.2,Movie,25,264
 Dynasty,2017,Drama,7.6,Movie,42,166
 Locke & Key,2020,Horror,7.1,Movie,69,789
 Riverdale,2017,Crime,7.4,Movie,41,821
 Top Boy,2011,Thriller,7.1,Movie,69,789
 Valeria,2020,Romance,7.5,Movie,69,68
 Valeria,2020,Romance,7.2,Movie,69,64
 Valeria,2020,Romance,7.8,Movie,69,65
 The Upshaws,2021,Comedy,8,Movie,69,48
 WWE's the Bump,2019,Talk-Show,7.1,Movie,90,789
" Tiger King: Murder, Mayhem and Madness",2020,Documentary,5.1,Movie,40,1195
 Sky Rojo,2021,Action,6.6,Movie,32,255
 Sky Rojo,2021,Action,6.6,Movie,69,109
 Sky Rojo,2021,Action,7.5,Movie,69,78
 Too Hot to Handle,2020,Reality-TV,5.1,Movie,41,353
 Too Hot to Handle,2020,Reality-TV,5.1,Movie,36,303
 Too Hot to Handle,2020,Reality-TV,5.1,Movie,38,289
 Too Hot to Handle,2020,Reality-TV,5,Movie,42,278
 Too Hot to Handle,2020,Reality-TV,5,Movie,42,272
 Too Hot to Handle,2020,Reality-TV,4.8,Movie,38,265
 Too Hot to Handle,2020,Reality-TV,4.8,Movie,43,262
 Too Hot to Handle,2020,Reality-TV,4.8,Movie,43,269
 Dynasty,2017,Drama,7.6,Movie,42,178
 Dynasty,2017,Drama,8,Movie,42,194
 The Midnight Gospel,2020,Animation,7.7,Movie,19,955
 The Midnight Gospel,2020,Animation,8.1,Movie,25,842
 The Midnight Gospel,2020,Animation,8.2,Movie,26,755
 The Midnight Gospel,2020,Animation,9.2,Movie,24,997
 The Midnight Gospel,2020,Animation,8.1,Movie,26,630
 The Midnight Gospel,2020,Animation,8.4,Movie,24,653
 The Midnight Gospel,2020,Animation,9.7,Movie,36,1731
 A Suitable Boy,2020,Romance,6.1,Movie,69,136
 A Suitable Boy,2020,Romance,6.2,Movie,58,121
 Middleditch & Schwartz,2020,Comedy,9.1,Movie,52,513
 Middleditch & Schwartz,2020,Comedy,8.4,Movie,51,375
 Middleditch & Schwartz,2020,Comedy,8.9,Movie,51,338
 Into the Night,2020,Sci-Fi,7.5,Movie,40,969
 La casa de las flores,2018,Comedy,7.1,Movie,29,78
 Ghost in the Shell SAC_2045,2020,Animation,6.9,Movie,25,96
 Ghost in the Shell SAC_2045,2020,Animation,6.9,Movie,25,88
 Ghost in the Shell SAC_2045,2020,Animation,7.1,Movie,25,82
 Ghost in the Shell SAC_2045,2020,Animation,7.5,Movie,25,90
 Ghost in the Shell SAC_2045,2020,Animation,7.4,Movie,25,88
 Ghost in the Shell SAC_2045,2020,Animation,7.2,Movie,25,90
 Ghost in the Shell SAC_2045,2020,Animation,7.2,Movie,25,80
 Ghost in the Shell SAC_2045,2020,Animation,7.2,Movie,25,77
 Ghost in the Shell SAC_2045,2020,Animation,7.7,Movie,25,84
 Ghost in the Shell SAC_2045,2020,Animation,6.9,Movie,25,75
 Ghost in the Shell SAC_2045,2020,Animation,7,Movie,25,76
 La casa de las flores,2018,Comedy,7.2,Movie,27,75
 La casa de las flores,2018,Comedy,7.3,Movie,27,69
 La casa de las flores,2018,Comedy,7.3,Movie,31,66
 La casa de las flores,2018,Comedy,7.1,Movie,24,66
 La casa de las flores,2018,Comedy,7.2,Movie,29,65
 La casa de las flores,2018,Comedy,7.5,Movie,31,66
 La casa de las flores,2018,Comedy,8,Movie,33,69
 La casa de las flores,2018,Comedy,8.5,Movie,35,87
 Halston,2021,Biography,8,Movie,45,471
 Halston,2021,Biography,8.1,Movie,44,460
 Halston,2021,Biography,7.9,Movie,49,423
 Halston,2021,Biography,8.1,Movie,53,427
 The Upshaws,2021,Comedy,7.9,Movie,69,54
 Into the Night,2020,Sci-Fi,7.3,Movie,38,854
 Into the Night,2020,Sci-Fi,7.2,Movie,35,799
 Into the Night,2020,Sci-Fi,7.6,Movie,37,847
 Into the Night,2020,Sci-Fi,7.4,Movie,37,746
 Into the Night,2020,Sci-Fi,7.7,Movie,37,836
 Casi Feliz,2020,Comedy,6.6,Movie,24,34
 Casi Feliz,2020,Comedy,6.7,Movie,27,31
 Casi Feliz,2020,Comedy,6.4,Movie,24,35
 Casi Feliz,2020,Comedy,6.4,Movie,21,28
 Casi Feliz,2020,Comedy,6.7,Movie,28,33
 Casi Feliz,2020,Comedy,7.3,Movie,23,26
 Casi Feliz,2020,Comedy,7,Movie,25,26
 Casi Feliz,2020,Comedy,6.7,Movie,23,29
 Casi Feliz,2020,Comedy,7.6,Movie,28,26
 Casi Feliz,2020,Comedy,6.6,Movie,22,26
 Trailer Park Boys: The Animated Series,2019,Animation,8.4,Movie,25,95
 Entertainment Tonight Canada,2005,Biography,7.1,Movie,69,789
 Queen Sono,2020,Crime,7.1,Movie,69,789
 Carmen Sandiego,2019,Animation,8.3,Movie,69,94
 Trailer Park Boys: The Animated Series,2019,Animation,8,Movie,26,89
 Baahubali: Before the Beginning,2018,Action,7.1,Movie,69,789
 Entertainment Tonight Canada,2005,Biography,7.1,Movie,69,789
 The Hollow,2018,Animation,7.4,Movie,69,54
 The Hollow,2018,Animation,7.8,Movie,69,50
 The Hollow,2018,Animation,7.9,Movie,69,46
 The Hollow,2018,Animation,8,Movie,69,50
 The Hollow,2018,Animation,8,Movie,69,50
 The Hollow,2018,Animation,7.9,Movie,69,49
 The Hollow,2018,Animation,7.9,Movie,69,47
 The Hollow,2018,Animation,8,Movie,69,45
 The Hollow,2018,Animation,7.9,Movie,69,59
 NBC Sunday Night Football,2006,Sports,6.6,Movie,69,11
 Magic for Humans,2018,Reality-TV,7.9,Movie,69,66
 Magic for Humans,2018,Reality-TV,7.5,Movie,69,52
 Magic for Humans,2018,Reality-TV,7.9,Movie,69,50
 Magic for Humans,2018,Reality-TV,7.7,Movie,69,44
 Magic for Humans,2018,Reality-TV,8,Movie,69,43
 Magic for Humans,2018,Reality-TV,7.4,Movie,69,43
 Magic for Humans,2018,Reality-TV,7.7,Movie,69,41
 Too Hot to Handle,2020,Reality-TV,3.8,Movie,41,155
 The Woods,2020,Crime,6.9,Movie,69,222
 Jeffrey Epstein: Filthy Rich,2020,Documentary,7.4,Movie,57,828
 Jeffrey Epstein: Filthy Rich,2020,Documentary,7.5,Movie,58,729
 Jeffrey Epstein: Filthy Rich,2020,Documentary,7.5,Movie,55,682
 Jeffrey Epstein: Filthy Rich,2020,Documentary,7.5,Movie,57,646
 Ju-on: Origins,2020,Horror,6.5,Movie,28,346
 Chichipatos,2020,Comedy,5,Movie,69,13
 Chichipatos,2020,Comedy,5.7,Movie,69,7
 Chichipatos,2020,Comedy,5.6,Movie,69,7
 Chichipatos,2020,Comedy,5.4,Movie,69,7
 Chichipatos,2020,Comedy,5,Movie,69,6
 Chichipatos,2020,Comedy,5,Movie,69,6
 Chichipatos,2020,Comedy,5,Movie,69,6
 She-Ra and the Princesses of Power,2018,Animation,9.2,Movie,24,1009
 She-Ra and the Princesses of Power,2018,Animation,9.5,Movie,24,1101
 She-Ra and the Princesses of Power,2018,Animation,9.1,Movie,24,993
 She-Ra and the Princesses of Power,2018,Animation,9.7,Movie,24,1262
 She-Ra and the Princesses of Power,2018,Animation,9.2,Movie,24,1025
 She-Ra and the Princesses of Power,2018,Animation,9,Movie,24,1001
 She-Ra and the Princesses of Power,2018,Animation,9.4,Movie,24,1045
 She-Ra and the Princesses of Power,2018,Animation,9.2,Movie,24,989
 She-Ra and the Princesses of Power,2018,Animation,9.3,Movie,24,996
 She-Ra and the Princesses of Power,2018,Animation,9.5,Movie,24,1044
 She-Ra and the Princesses of Power,2018,Animation,9.6,Movie,24,1186
 She-Ra and the Princesses of Power,2018,Animation,9.7,Movie,24,1434
 Trailer Park Boys: The Animated Series,2019,Animation,8.2,Movie,26,82
 Trailer Park Boys: The Animated Series,2019,Animation,8.4,Movie,25,80
 Trailer Park Boys: The Animated Series,2019,Animation,8.2,Movie,23,80
 Trailer Park Boys: The Animated Series,2019,Animation,8.6,Movie,25,84
 Trailer Park Boys: The Animated Series,2019,Animation,8.1,Movie,25,70
 Trailer Park Boys: The Animated Series,2019,Animation,8.5,Movie,24,76
 Trailer Park Boys: The Animated Series,2019,Animation,8.7,Movie,23,76
 Trailer Park Boys: The Animated Series,2019,Animation,8.5,Movie,26,73
 Rebecka Martinsson,2017,Crime,6.5,Movie,45,82
 Rebecka Martinsson,2017,Crime,6.5,Movie,45,76
 Rebecka Martinsson,2017,Crime,6.8,Movie,45,69
 Rebecka Martinsson,2017,Crime,6.7,Movie,45,66
 Rebecka Martinsson,2017,Crime,6.8,Movie,45,65
 Rebecka Martinsson,2017,Crime,6.7,Movie,45,75
 Rebecka Martinsson,2017,Crime,6.9,Movie,45,70
 Meerkat Manor,2005,Documentary,9,Movie,23,5
 Meerkat Manor,2005,Documentary,7.1,Movie,22,789
 Meerkat Manor,2005,Documentary,9.2,Movie,22,5
 Meerkat Manor,2005,Documentary,9.6,Movie,22,7
 Meerkat Manor,2005,Documentary,8.4,Movie,22,8
 Meerkat Manor,2005,Documentary,7.1,Movie,22,789
 Meerkat Manor,2005,Documentary,9.4,Movie,23,5
 Meerkat Manor,2005,Documentary,7.1,Movie,23,789
 Meerkat Manor,2005,Documentary,8.2,Movie,23,5
 Meerkat Manor,2005,Documentary,7.1,Movie,23,789
 Meerkat Manor,2005,Documentary,7.1,Movie,22,789
 Meerkat Manor,2005,Documentary,9.2,Movie,23,5
 Meerkat Manor,2005,Documentary,7.1,Movie,22,789
 Élite,2018,Thriller,7.3,Movie,53,631
 Élite,2018,Thriller,7.3,Movie,52,684
 Élite,2018,Thriller,7.3,Movie,44,598
 Élite,2018,Thriller,7.3,Movie,49,538
 Élite,2018,Thriller,7,Movie,40,552
 Élite,2018,Thriller,7.4,Movie,46,625
 Élite,2018,Thriller,7.2,Movie,46,564
 Floor Is Lava,2020,Reality-TV,6.1,Movie,37,148
 Dexter,2006,Crime,8.3,Movie,58,4061
 Dexter,2006,Crime,9,Movie,50,3906
 Dexter,2006,Crime,8.9,Movie,51,3745
 Dexter,2006,Crime,8.9,Movie,51,4031
 Dexter,2006,Crime,8.4,Movie,49,3807
 Dexter,2006,Crime,8.2,Movie,49,3685
 Dexter,2006,Crime,8.1,Movie,54,3651
 Dexter,2006,Crime,8.5,Movie,49,3619
 Dexter,2006,Crime,8.2,Movie,54,3578
 Dexter,2006,Crime,8.5,Movie,58,3688
 Dexter,2006,Crime,8.6,Movie,54,3614
 Dexter,2006,Crime,8.8,Movie,51,3692
 Power Rangers Beast Morphers,2019,Action,8.9,Movie,69,26
 Power Rangers Beast Morphers,2019,Action,9.1,Movie,69,22
 Power Rangers Beast Morphers,2019,Action,8.9,Movie,69,23
 Power Rangers Beast Morphers,2019,Action,9.2,Movie,69,26
 Baki,2018,Animation,7.2,Movie,24,70
 Baki,2018,Animation,7.3,Movie,23,66
 Baki,2018,Animation,7,Movie,24,64
 Baki,2018,Animation,7.1,Movie,24,66
 Baki,2018,Animation,7.4,Movie,24,70
 Baki,2018,Animation,7.3,Movie,24,65
 Baki,2018,Animation,7.8,Movie,24,70
 Baki,2018,Animation,8,Movie,24,75
 Baki,2018,Animation,7,Movie,24,62
 Baki,2018,Animation,7.2,Movie,24,64
 Baki,2018,Animation,6.6,Movie,24,65
 Baki,2018,Animation,7.1,Movie,24,64
 Baki,2018,Animation,7.2,Movie,24,63
 Power Rangers Beast Morphers,2019,Action,8.8,Movie,69,67
 Queer Eye,2018,Reality-TV,8.4,Movie,69,148
 Queer Eye,2018,Reality-TV,8.7,Movie,69,137
 Queer Eye,2018,Reality-TV,8.6,Movie,69,140
 Queer Eye,2018,Reality-TV,6.8,Movie,69,177
 Queer Eye,2018,Reality-TV,7.3,Movie,69,129
 Queer Eye,2018,Reality-TV,8.5,Movie,69,123
 Queer Eye,2018,Reality-TV,8.1,Movie,69,114
 Queer Eye,2018,Reality-TV,8.5,Movie,69,115
 Queer Eye,2018,Reality-TV,8.1,Movie,69,95
 Power Rangers Beast Morphers,2019,Action,8.3,Movie,69,23
 Power Rangers Beast Morphers,2019,Action,8.5,Movie,69,20
 Move to Heaven,2021,Drama,8.8,Movie,69,116
 Jaguar,2018,Historical,7.1,Movie,69,789
 Lupin,2021,Crime,7.7,Movie,43,2358
 Power Rangers Beast Morphers,2019,Action,8.4,Movie,69,18
 Power Rangers Beast Morphers,2019,Action,7.8,Movie,69,21
 Power Rangers Beast Morphers,2019,Action,8.3,Movie,69,19
 Power Rangers Beast Morphers,2019,Action,9.5,Movie,69,26
 Power Rangers Beast Morphers,2019,Action,9.2,Movie,69,24
 Power Rangers Beast Morphers,2019,Action,8.8,Movie,69,18
 Transformers: War for Cybertron,2020,Animation,7,Movie,25,74
 Transformers: War for Cybertron,2020,Animation,6.8,Movie,24,62
 Transformers: War for Cybertron,2020,Animation,7,Movie,25,54
 Transformers: War for Cybertron,2020,Animation,6.9,Movie,25,49
 Transformers: War for Cybertron,2020,Animation,7,Movie,27,53
 Valeria,2020,Romance,7.1,Movie,69,789
 Kipo and the Age of Wonderbeasts,2020,Animation,7.9,Movie,69,114
 Kipo and the Age of Wonderbeasts,2020,Animation,8,Movie,69,114
 Kipo and the Age of Wonderbeasts,2020,Animation,8.1,Movie,69,110
 Kipo and the Age of Wonderbeasts,2020,Animation,8.2,Movie,69,109
 Kipo and the Age of Wonderbeasts,2020,Animation,8.2,Movie,69,99
 Kipo and the Age of Wonderbeasts,2020,Animation,8.7,Movie,69,105
 Kipo and the Age of Wonderbeasts,2020,Animation,8.2,Movie,69,103
 Kipo and the Age of Wonderbeasts,2020,Animation,9.1,Movie,69,129
 Kipo and the Age of Wonderbeasts,2020,Animation,8.6,Movie,69,107
 Kipo and the Age of Wonderbeasts,2020,Animation,8.9,Movie,69,124
 The Woods,2020,Crime,6.8,Movie,69,160
 The Woods,2020,Crime,6.8,Movie,69,150
 Selena: The Series,2020,Biography,7.6,Movie,32,128
 The Woods,2020,Crime,7,Movie,69,143
 The Woods,2020,Crime,7.1,Movie,69,145
 The Woods,2020,Crime,6.9,Movie,69,151
 Mr. Iglesias,2019,Comedy,7.4,Movie,28,94
 Mr. Iglesias,2019,Comedy,7.4,Movie,29,92
 Mr. Iglesias,2019,Comedy,7.5,Movie,26,90
 Mr. Iglesias,2019,Comedy,6.5,Movie,28,126
 Mr. Iglesias,2019,Comedy,8.1,Movie,29,94
 Dark Desire,2020,Thriller,6.8,Movie,69,167
 Floor Is Lava,2020,Reality-TV,6.7,Movie,34,101
 Floor Is Lava,2020,Reality-TV,6.6,Movie,31,94
 Floor Is Lava,2020,Reality-TV,6.6,Movie,31,83
 Floor Is Lava,2020,Reality-TV,6.3,Movie,34,77
 Floor Is Lava,2020,Reality-TV,6.4,Movie,25,71
 Floor Is Lava,2020,Reality-TV,6.4,Movie,26,63
 Floor Is Lava,2020,Reality-TV,6.9,Movie,27,60
 Floor Is Lava,2020,Reality-TV,6.7,Movie,27,59
 Floor Is Lava,2020,Reality-TV,7.1,Movie,29,57
 Dark,2017,Crime,8.9,Movie,60,10984
 Dark,2017,Crime,8.9,Movie,57,10755
 Dark,2017,Crime,9.1,Movie,64,10922
 Dark,2017,Crime,9.4,Movie,64,11905
 Dark,2017,Crime,9.3,Movie,59,11525
 Dark,2017,Crime,9.6,Movie,69,15128
 Dark,2017,Crime,9.7,Movie,73,20230
 Luis Miguel: La Serie,2018,Biography,7.8,Movie,69,124
 Rádio Coisa Mais Linda,2020,Unknown,7.1,Movie,69,789
 Rádio Coisa Mais Linda,2020,Unknown,7.1,Movie,69,789
 Rádio Coisa Mais Linda,2020,Unknown,7.1,Movie,69,789
 Colin in Black & White,2021,Biography,7.1,Movie,69,789
 Colin in Black & White,2021,Biography,7.1,Movie,69,789
 Colin in Black & White,2021,Biography,7.1,Movie,69,789
 Colin in Black & White,2021,Biography,7.1,Movie,69,789
 Colin in Black & White,2021,Biography,7.1,Movie,69,789
 Colin in Black & White,2021,Biography,7.1,Movie,69,789
 Hit and Run,2021,Crime,7.1,Movie,69,789
 Family Business,2019,Comedy,7.6,Movie,69,57
 Never Have I Ever,2020,Comedy,7.8,Movie,69,450
 Snabba Cash,2021,Crime,7.3,Movie,51,156
 Ju-on: Origins,2020,Horror,6.7,Movie,30,314
 Ju-on: Origins,2020,Horror,6.5,Movie,29,290
 Ju-on: Origins,2020,Horror,7.4,Movie,27,292
 Ju-on: Origins,2020,Horror,6.9,Movie,31,266
 Ju-on: Origins,2020,Horror,6.4,Movie,26,265
 Exatlon Challenge,2020,Sports,4.7,Movie,69,16
 Exatlon Challenge,2020,Sports,4.3,Movie,69,16
 Exatlon Challenge,2020,Sports,4.8,Movie,69,16
 Exatlon Challenge,2020,Sports,5.4,Movie,69,21
 Exatlon Challenge,2020,Sports,4.1,Movie,69,16
 Exatlon Challenge,2020,Sports,4.2,Movie,69,14
 Exatlon Challenge,2020,Sports,4.7,Movie,69,15
 Exatlon Challenge,2020,Sports,5.2,Movie,69,16
 Exatlon Challenge,2020,Sports,4.8,Movie,69,14
 Exatlon Challenge,2020,Sports,4.3,Movie,69,13
 Exatlon Challenge,2020,Sports,4.7,Movie,69,14
 Exatlon Challenge,2020,Sports,4.8,Movie,69,14
 Exatlon Challenge,2020,Sports,5.8,Movie,69,16
 Exatlon Challenge,2020,Sports,4.5,Movie,69,14
 Cyberpunk: Edgerunners,2022,Animation,7.1,Movie,69,789
 Cyberpunk: Edgerunners,2022,Animation,7.1,Movie,69,789
 Cyberpunk: Edgerunners,2022,Animation,7.1,Movie,69,789
 Cyberpunk: Edgerunners,2022,Animation,7.1,Movie,69,789
 Cyberpunk: Edgerunners,2022,Animation,7.1,Movie,69,789
 Cyberpunk: Edgerunners,2022,Animation,7.1,Movie,69,789
 Cyberpunk: Edgerunners,2022,Animation,7.1,Movie,69,789
 Cyberpunk: Edgerunners,2022,Animation,7.1,Movie,69,789
 Cyberpunk: Edgerunners,2022,Animation,7.1,Movie,69,789
 Cyberpunk: Edgerunners,2022,Animation,7.1,Movie,69,789
 Alta mar,2019,Crime,6.4,Movie,69,100
 Lupin,2021,Crime,7.2,Movie,43,1409
 Lupin,2021,Crime,7.3,Movie,44,1166
 El robo del siglo,2020,Thriller,7.2,Movie,69,114
 Wizards,2020,Animation,8.3,Movie,24,179
 Wizards,2020,Animation,8.2,Movie,24,161
 Wizards,2020,Animation,8.7,Movie,24,154
 Wizards,2020,Animation,8.3,Movie,24,147
 Wizards,2020,Animation,8.5,Movie,24,147
 Wizards,2020,Animation,8.8,Movie,24,151
 Wizards,2020,Animation,9,Movie,24,158
 Wizards,2020,Animation,8.9,Movie,24,143
 Wizards,2020,Animation,8.6,Movie,24,143
 Wizards,2020,Animation,8.8,Movie,24,167
 The Last Kingdom,2015,Historical,7.1,Movie,69,789
 Hit and Run,2021,Crime,7.1,Movie,69,789
 The Protector,2018,Sci-Fi,6.7,Movie,69,165
 The Protector,2018,Sci-Fi,7,Movie,69,163
 Alta mar,2019,Crime,8,Movie,69,75
 Alta mar,2019,Crime,8,Movie,69,73
 Alta mar,2019,Crime,7.7,Movie,69,77
 The Protector,2018,Sci-Fi,7.3,Movie,69,167
 The Protector,2018,Sci-Fi,7.2,Movie,69,163
 The Protector,2018,Sci-Fi,7.5,Movie,69,169
 The Protector,2018,Sci-Fi,6.6,Movie,69,196
 ¡A cantar!,2020,Game-Show,6.7,Movie,39,6
 Tribes of Europa,2021,Action,6.7,Movie,49,670
 The Boondocks,2005,Animation,7.7,Movie,20,169
 Dark Desire,2020,Thriller,6.9,Movie,69,133
 Dark Desire,2020,Thriller,7,Movie,69,123
 Dark Desire,2020,Thriller,6.9,Movie,69,113
 Dark Desire,2020,Thriller,7.2,Movie,69,105
 Dark Desire,2020,Thriller,7.1,Movie,69,99
 Dark Desire,2020,Thriller,7.1,Movie,69,96
 Dark Desire,2020,Thriller,7.3,Movie,69,94
 Dark Desire,2020,Thriller,7.2,Movie,69,92
 Super Monsters,2017,Animation,5.9,Movie,24,38
 Dark Desire,2020,Thriller,7.2,Movie,69,87
 Dark Desire,2020,Thriller,7.2,Movie,69,86
 Dark Desire,2020,Thriller,7.2,Movie,69,84
 Dark Desire,2020,Thriller,6.9,Movie,69,81
 Dark Desire,2020,Thriller,6.9,Movie,69,79
 Dark Desire,2020,Thriller,7,Movie,69,80
 Dark Desire,2020,Thriller,7.2,Movie,69,81
 Dark Desire,2020,Thriller,7.3,Movie,69,85
 Dark Desire,2020,Thriller,7.1,Movie,69,89
 El robo del siglo,2020,Thriller,7.5,Movie,69,98
 Immigration Nation,2020,Documentary,7.3,Movie,69,87
 Immigration Nation,2020,Documentary,7,Movie,69,66
 Immigration Nation,2020,Documentary,7.3,Movie,69,59
 Immigration Nation,2020,Documentary,7,Movie,69,58
 Immigration Nation,2020,Documentary,7.1,Movie,69,58
 Immigration Nation,2020,Documentary,7.2,Movie,69,58
 The Rain,2018,Sci-Fi,6.8,Movie,41,339
 Tiny Creatures,2020,Documentary,5.9,Movie,25,81
 ¡A cantar!,2020,Game-Show,7.2,Movie,38,5
 ¡A cantar!,2020,Game-Show,6.5,Movie,40,6
 ¡A cantar!,2020,Game-Show,7.3,Movie,38,6
 ¡A cantar!,2020,Game-Show,7.2,Movie,39,5
 ¡A cantar!,2020,Game-Show,6.9,Movie,40,7
 ¡A cantar!,2020,Game-Show,7.3,Movie,42,7
 ¡A cantar!,2020,Game-Show,6.7,Movie,39,7
 Outer Banks,2020,Crime,8.6,Movie,69,528
 El robo del siglo,2020,Thriller,7.7,Movie,69,96
 The Witcher: Blood Origin,2018,Action,7.1,Movie,69,789
 The Witcher: Blood Origin,2018,Action,7.1,Movie,69,789
 The Witcher: Blood Origin,2018,Action,7.1,Movie,69,789
 The Witcher: Blood Origin,2018,Action,7.1,Movie,69,789
 The Witcher: Blood Origin,2018,Action,7.1,Movie,69,789
 The Witcher: Blood Origin,2018,Action,7.1,Movie,69,789
 WWE's the Bump,2019,Talk-Show,7.1,Movie,89,789
 Jurassic World: Camp Cretaceous,2020,Animation,7.1,Movie,24,430
 Memorias de Idhún,2020,Animation,7.1,Movie,69,17
 Memorias de Idhún,2020,Animation,7.2,Movie,69,16
 Memorias de Idhún,2020,Animation,7.5,Movie,69,15
 Memorias de Idhún,2020,Animation,7.1,Movie,69,16
 Transformers: War for Cybertron,2020,Animation,6.6,Movie,26,53
 Transformers: War for Cybertron,2020,Animation,7.5,Movie,24,123
 Transformers: War for Cybertron,2020,Animation,7.6,Movie,24,110
 Transformers: War for Cybertron,2020,Animation,7.7,Movie,24,116
 La casa de papel,2017,Crime,7.1,Movie,69,789
 Sweet Tooth,2021,Action,8.2,Movie,50,1361
 Sweet Tooth,2021,Action,8,Movie,42,1177
 Sweet Tooth,2021,Action,7.7,Movie,43,1160
 Sweet Tooth,2021,Action,7.8,Movie,40,1061
 Sweet Tooth,2021,Action,7.9,Movie,42,1012
 Sweet Tooth,2021,Action,8.5,Movie,39,1043
 Sweet Tooth,2021,Action,8.6,Movie,54,1197
 Stranger Things,2016,Horror,7.1,Movie,69,789
 High Score,2020,Documentary,7.5,Movie,46,567
 The Cuphead Show!,2021,Animation,7.1,Movie,69,789
 The Rain,2018,Sci-Fi,6.7,Movie,69,312
 The Rain,2018,Sci-Fi,6.4,Movie,69,313
 The Rain,2018,Sci-Fi,6.2,Movie,69,374
 The Rain,2018,Sci-Fi,6.7,Movie,47,310
 Tiny Creatures,2020,Documentary,6.6,Movie,25,60
 Tiny Creatures,2020,Documentary,6.7,Movie,24,43
 Tiny Creatures,2020,Documentary,6.8,Movie,25,40
 Tiny Creatures,2020,Documentary,6.4,Movie,25,38
 Tiny Creatures,2020,Documentary,6.8,Movie,25,33
 Tiny Creatures,2020,Documentary,6.5,Movie,25,36
 Tiny Creatures,2020,Documentary,6.4,Movie,24,33
 Jaguar,2018,Historical,7.1,Movie,69,789
 Jaguar,2018,Historical,7.1,Movie,69,789
 Jaguar,2018,Historical,7.1,Movie,69,789
 Jaguar,2018,Historical,7.1,Movie,69,789
 Jaguar,2018,Historical,7.1,Movie,69,789
 Jaguar,2018,Historical,7.1,Movie,69,789
 Jaguar,2018,Historical,7.1,Movie,69,789
 El robo del siglo,2020,Thriller,7.4,Movie,69,90
 El robo del siglo,2020,Thriller,7.6,Movie,69,89
 El robo del siglo,2020,Thriller,7.6,Movie,69,97
 Anatomy of a Scandal,2018,Thriller,7.1,Movie,69,789
 High Score,2020,Documentary,7.7,Movie,43,497
 High Score,2020,Documentary,6.3,Movie,40,520
 High Score,2020,Documentary,7.4,Movie,41,420
 High Score,2020,Documentary,7.5,Movie,43,392
 High Score,2020,Documentary,7.7,Movie,37,374
 Glitch Techs,2020,Animation,9.1,Movie,69,32
 Glitch Techs,2020,Animation,9.2,Movie,69,36
 Glitch Techs,2020,Animation,9,Movie,69,29
 Glitch Techs,2020,Animation,9.4,Movie,69,35
 Glitch Techs,2020,Animation,9.3,Movie,69,35
 Glitch Techs,2020,Animation,7.5,Movie,69,42
 Glitch Techs,2020,Animation,8.4,Movie,69,36
 Glitch Techs,2020,Animation,8.5,Movie,69,32
 Glitch Techs,2020,Animation,9.1,Movie,69,37
 Glitch Techs,2020,Animation,9.1,Movie,69,37
 You Don't Know Me,2018,Drama,7.1,Movie,69,789
 You Don't Know Me,2018,Drama,7.1,Movie,69,789
 You Don't Know Me,2018,Drama,7.1,Movie,69,789
 You Don't Know Me,2018,Drama,7.1,Movie,69,789
 La Línea: La Sombra del Narco,2020,Documentary,7.3,Movie,30,24
 Unsolved Mysteries,2020,Documentary,6.8,Movie,48,439
 Unsolved Mysteries,2020,Documentary,7.1,Movie,37,390
 Get Organized with the Home Edit,2020,Reality-TV,5.4,Movie,69,48
 Criminal: UK,2019,Thriller,7.7,Movie,48,1087
 Challenger: The Final Flight,2020,Documentary,7.6,Movie,44,325
 The Sandman,2021,Action,7.1,Movie,69,789
 Criminal: UK,2019,Thriller,9.1,Movie,46,1958
 Criminal: UK,2019,Thriller,8.2,Movie,41,937
 Criminal: UK,2019,Thriller,8.8,Movie,47,1039
 Sky Rojo,2021,Action,6.9,Movie,26,305
 Sky Rojo,2021,Action,6.7,Movie,27,287
 Sky Rojo,2021,Action,6.8,Movie,25,277
 Sky Rojo,2021,Action,6.5,Movie,23,260
 Sky Rojo,2021,Action,6.7,Movie,25,261
 Sky Rojo,2021,Action,6.5,Movie,27,249
 The Queen's Gambit,2020,Drama,9.3,Movie,68,10355
 Challenger: The Final Flight,2020,Documentary,7.7,Movie,42,294
 Challenger: The Final Flight,2020,Documentary,8.2,Movie,41,288
 Challenger: The Final Flight,2020,Documentary,8.1,Movie,52,276
" Bom Dia, Verônica",2020,Crime,7.6,Movie,69,198
 Maid,2021,Comedy,7.1,Movie,69,789
 Vikings: Valhalla,2018,Action,7.1,Movie,69,789
 Vikings: Valhalla,2018,Action,7.1,Movie,69,789
 Vikings: Valhalla,2018,Action,7.1,Movie,69,789
 Big Mouth,2017,Animation,7.9,Movie,26,639
 Big Mouth,2017,Animation,7.6,Movie,27,627
 Big Mouth,2017,Animation,7.6,Movie,27,575
 Big Mouth,2017,Animation,7.8,Movie,28,576
 Big Mouth,2017,Animation,7.9,Movie,26,609
 Big Mouth,2017,Animation,7.8,Movie,27,509
 Big Mouth,2017,Animation,8,Movie,27,510
 Big Mouth,2017,Animation,8.1,Movie,27,538
 Big Mouth,2017,Animation,8.1,Movie,28,543
 Alice in Borderland,2020,Fantasy,7.6,Movie,47,977
 Resident Evil,2018,Horror,7.1,Movie,69,789
 Undercover,2019,Thriller,7.2,Movie,48,299
 Molang,2015,Animation,7.1,Movie,69,789
 The Silent Sea,2021,Horror,7.1,Movie,69,789
 Power Rangers: Dino Fury,2021,Action,7.6,Movie,21,106
 La Línea: La Sombra del Narco,2020,Documentary,7.3,Movie,30,20
 La Línea: La Sombra del Narco,2020,Documentary,7.1,Movie,30,18
 La Línea: La Sombra del Narco,2020,Documentary,6.9,Movie,30,18
 Undercover,2019,Thriller,7.4,Movie,47,265
 Lupin,2021,Crime,7.6,Movie,47,2350
 Get Organized with the Home Edit,2020,Reality-TV,5.8,Movie,69,29
 Get Organized with the Home Edit,2020,Reality-TV,5.6,Movie,69,33
 Get Organized with the Home Edit,2020,Reality-TV,5.9,Movie,69,28
 Get Organized with the Home Edit,2020,Reality-TV,5.8,Movie,69,26
 Get Organized with the Home Edit,2020,Reality-TV,5.4,Movie,69,32
 Get Organized with the Home Edit,2020,Reality-TV,6,Movie,69,26
 Get Organized with the Home Edit,2020,Reality-TV,5.4,Movie,69,25
 Post Mortem: No One Dies in Skarnes,2021,Thriller,7.1,Movie,69,789
 Family Business,2019,Comedy,8,Movie,69,57
 Family Business,2019,Comedy,7.8,Movie,69,52
 Family Business,2019,Comedy,8.1,Movie,69,52
 Family Business,2019,Comedy,8.1,Movie,69,50
 Family Business,2019,Comedy,8.5,Movie,69,63
 Super Monsters,2017,Animation,4.7,Movie,25,29
 Buddi,2020,Animation,7.1,Movie,69,789
 Buddi,2020,Animation,7.1,Movie,69,789
 Buddi,2020,Animation,7.1,Movie,69,789
 Buddi,2020,Animation,7.1,Movie,69,789
 Buddi,2020,Animation,7.1,Movie,69,789
 Buddi,2020,Animation,7.1,Movie,69,789
 Buddi,2020,Animation,7.1,Movie,69,789
 Buddi,2020,Animation,7.1,Movie,69,789
 Glória,2021,Historical,7.1,Movie,69,789
 The Drew Barrymore Show,2020,Talk-Show,7.3,Movie,43,9
 The Haunting of Bly Manor,2020,Horror,8,Movie,53,3362
 The Haunting of Bly Manor,2020,Horror,8.7,Movie,54,4505
 The Haunting of Bly Manor,2020,Horror,7.7,Movie,66,3083
 The Haunting of Bly Manor,2020,Horror,8,Movie,59,3111
 The Haunting of Bly Manor,2020,Horror,8.5,Movie,56,4184
 The Haunting of Bly Manor,2020,Horror,8.3,Movie,51,3909
 Power Rangers: Dino Fury,2021,Action,7.9,Movie,21,80
 Jurassic World: Camp Cretaceous,2020,Animation,7.2,Movie,24,343
 Jurassic World: Camp Cretaceous,2020,Animation,7.1,Movie,24,359
 Jurassic World: Camp Cretaceous,2020,Animation,7.6,Movie,24,322
 Jurassic World: Camp Cretaceous,2020,Animation,7.7,Movie,24,338
 Jurassic World: Camp Cretaceous,2020,Animation,7.8,Movie,24,325
 Jurassic World: Camp Cretaceous,2020,Animation,7.7,Movie,24,324
 Jurassic World: Camp Cretaceous,2020,Animation,7.9,Movie,24,335
 StarBeam,2020,Animation,4.8,Movie,33,12
 Undercover,2019,Thriller,7.3,Movie,47,249
 Vikings: Valhalla,2018,Action,7.1,Movie,69,789
 Maid,2021,Comedy,7.1,Movie,69,789
 Maid,2021,Comedy,7.1,Movie,69,789
 The Upshaws,2021,Comedy,6.9,Movie,69,88
 Mighty Little Bheem,2019,Animation,7.1,Movie,69,789
 Mighty Little Bheem,2019,Animation,7.1,Movie,69,789
 Mighty Little Bheem,2019,Animation,7.1,Movie,69,789
 Mighty Little Bheem,2019,Animation,7.1,Movie,69,789
 Mighty Little Bheem,2019,Animation,7.1,Movie,69,789
 Mighty Little Bheem,2019,Animation,7.1,Movie,69,789
 Mighty Little Bheem,2019,Animation,7.1,Movie,69,789
 Mighty Little Bheem,2019,Animation,7.1,Movie,69,789
 Mighty Little Bheem,2019,Animation,7.1,Movie,69,789
 Mighty Little Bheem,2019,Animation,7.1,Movie,69,789
 Mighty Little Bheem,2019,Animation,7.1,Movie,69,789
 Mighty Little Bheem,2019,Animation,7.1,Movie,69,789
 Mighty Little Bheem,2019,Animation,7.1,Movie,69,789
 Mighty Little Bheem,2019,Animation,7.1,Movie,69,789
 Mighty Little Bheem,2019,Animation,7.1,Movie,69,789
 The Drew Barrymore Show,2020,Talk-Show,7.1,Movie,43,789
 The Drew Barrymore Show,2020,Talk-Show,7.1,Movie,43,789
 Glória,2021,Historical,7.1,Movie,69,789
 Glória,2021,Historical,7.1,Movie,69,789
 Glória,2021,Historical,7.1,Movie,69,789
 Glória,2021,Historical,7.1,Movie,69,789
 Glória,2021,Historical,7.1,Movie,69,789
 Glória,2021,Historical,7.1,Movie,69,789
 Glória,2021,Historical,7.1,Movie,69,789
 Glória,2021,Historical,7.1,Movie,69,789
 Glória,2021,Historical,7.1,Movie,69,789
 Undercover,2019,Thriller,7.2,Movie,50,236
 Maid,2021,Comedy,7.1,Movie,69,789
 Maid,2021,Comedy,7.1,Movie,69,789
 Maid,2021,Comedy,7.1,Movie,69,789
 Carmen Sandiego,2019,Animation,8.5,Movie,69,79
 Carmen Sandiego,2019,Animation,8.3,Movie,69,83
 Carmen Sandiego,2019,Animation,8.4,Movie,69,83
 Carmen Sandiego,2019,Animation,8.9,Movie,69,95
" Bom Dia, Verônica",2020,Crime,7.9,Movie,69,138
" Bom Dia, Verônica",2020,Crime,8,Movie,69,128
" Bom Dia, Verônica",2020,Crime,7.9,Movie,69,120
" Bom Dia, Verônica",2020,Crime,8,Movie,69,120
" Bom Dia, Verônica",2020,Crime,7.9,Movie,69,114
" Bom Dia, Verônica",2020,Crime,8,Movie,69,114
" Bom Dia, Verônica",2020,Crime,8,Movie,69,123
 Zero Chill,2021,Family,7.8,Movie,34,42
 Cobra Kai,2018,Comedy,7.1,Movie,69,789
 Paranormal,2020,Horror,8.8,Movie,52,7229
 Paranormal,2020,Horror,8.3,Movie,46,6673
 Paranormal,2020,Horror,7.6,Movie,55,6697
 Paranormal,2020,Horror,8.8,Movie,49,6611
 Paranormal,2020,Horror,9.2,Movie,45,6767
 Paranormal,2020,Horror,9.5,Movie,53,7296
 Clark,2018,Crime,7.1,Movie,69,789
 RH Project,2021,Documentary,7.6,Movie,58,420
 RH Project,2021,Documentary,7.6,Movie,62,381
 RH Project,2021,Documentary,7.4,Movie,58,362
 RH Project,2021,Documentary,7.4,Movie,61,355
 Clark,2018,Crime,7.1,Movie,69,789
 Power Rangers: Dino Fury,2021,Action,7.8,Movie,21,70
 Power Rangers: Dino Fury,2021,Action,8.5,Movie,21,74
 Power Rangers: Dino Fury,2021,Action,7.9,Movie,21,64
 Vikings: Valhalla,2018,Action,7.1,Movie,69,789
 Vikings: Valhalla,2018,Action,7.1,Movie,69,789
 Power Rangers: Dino Fury,2021,Action,7.8,Movie,21,55
 Power Rangers: Dino Fury,2021,Action,8.2,Movie,21,53
 Power Rangers: Dino Fury,2021,Action,8.8,Movie,21,44
 Power Rangers: Dino Fury,2021,Action,8,Movie,21,11
 Power Rangers: Dino Fury,2021,Action,8.9,Movie,21,12
 Power Rangers: Dino Fury,2021,Action,9.2,Movie,21,13
 Power Rangers: Dino Fury,2021,Action,7.1,Movie,21,789
 Power Rangers: Dino Fury,2021,Action,7.1,Movie,21,789
 Power Rangers: Dino Fury,2021,Action,7.1,Movie,21,789
 Power Rangers: Dino Fury,2021,Action,7.1,Movie,21,789
 Power Rangers: Dino Fury,2021,Action,7.1,Movie,21,789
 Vikings: Valhalla,2018,Action,7.1,Movie,69,789
 Vikings: Valhalla,2018,Action,7.1,Movie,69,789
 Vikings: Valhalla,2018,Action,7.1,Movie,69,789
 Vikings: Valhalla,2018,Action,7.1,Movie,69,789
 Vikings: Valhalla,2018,Action,7.1,Movie,69,789
 Vikings: Valhalla,2018,Action,7.1,Movie,69,789
 Vikings: Valhalla,2018,Action,7.1,Movie,69,789
 Vikings: Valhalla,2018,Action,7.1,Movie,69,789
 Vikings: Valhalla,2018,Action,7.1,Movie,69,789
 Vikings: Valhalla,2018,Action,7.1,Movie,69,789
 Vikings: Valhalla,2018,Action,7.1,Movie,69,789
 Vikings: Valhalla,2018,Action,7.1,Movie,69,789
 Vikings: Valhalla,2018,Action,7.1,Movie,69,789
 Vikings: Valhalla,2018,Action,7.1,Movie,69,789
 Vikings: Valhalla,2018,Action,7.1,Movie,69,789
 Vikings: Valhalla,2018,Action,7.1,Movie,69,789
 Vikings: Valhalla,2018,Action,7.1,Movie,69,789
 Vikings: Valhalla,2018,Action,7.1,Movie,69,789
 Power Rangers: Dino Fury,2021,Action,7.1,Movie,21,789
 Power Rangers: Dino Fury,2021,Action,7.1,Movie,21,789
 Power Rangers: Dino Fury,2021,Action,7.1,Movie,21,789
 Power Rangers: Dino Fury,2021,Action,7.1,Movie,21,789
 Power Rangers: Dino Fury,2021,Action,7.1,Movie,21,789
 Power Rangers: Dino Fury,2021,Action,7.1,Movie,21,789
 Jurassic World: Camp Cretaceous,2020,Animation,7.4,Movie,24,266
 The Drew Barrymore Show,2020,Talk-Show,7.1,Movie,43,789
 The Drew Barrymore Show,2020,Talk-Show,7.1,Movie,44,789
 The Drew Barrymore Show,2020,Talk-Show,7.1,Movie,43,789
 The Drew Barrymore Show,2020,Talk-Show,7.1,Movie,43,789
 ¿Quién Mató a Sara?,2021,Crime,8.1,Movie,37,248
 Maid,2021,Comedy,7.1,Movie,69,789
 Maid,2021,Comedy,7.1,Movie,69,789
 Maid,2021,Comedy,7.1,Movie,69,789
 Maid,2021,Comedy,7.1,Movie,69,789
 Ben X Jim,2020,Romance,7.1,Movie,27,789
 Ben X Jim,2020,Romance,7.1,Movie,30,789
 Ben X Jim,2020,Romance,7.1,Movie,32,789
 Tribes of Europa,2021,Action,6.8,Movie,44,536
 Tribes of Europa,2021,Action,7,Movie,49,488
 Tribes of Europa,2021,Action,7.1,Movie,49,485
 Tribes of Europa,2021,Action,7.3,Movie,44,477
 Tribes of Europa,2021,Action,7.6,Movie,47,535
 Lost Ollie,2018,Animation,7.1,Movie,69,789
 Lost Ollie,2018,Animation,7.1,Movie,69,789
 Lost Ollie,2018,Animation,7.1,Movie,69,789
 Lost Ollie,2018,Animation,7.1,Movie,69,789
 The Drew Barrymore Show,2020,Talk-Show,7.2,Movie,43,5
 The Drew Barrymore Show,2020,Talk-Show,7.1,Movie,43,789
 The Drew Barrymore Show,2020,Talk-Show,7.1,Movie,43,789
 The Drew Barrymore Show,2020,Talk-Show,7.1,Movie,37,789
 Monster: The Jeffrey Dahmer Story,2022,Biography,7.1,Movie,69,789
 Clark,2018,Crime,7.1,Movie,69,789
 Clark,2018,Crime,7.1,Movie,69,789
 Clark,2018,Crime,7.1,Movie,69,789
 Clark,2018,Crime,7.1,Movie,69,789
 50M2,2021,Thriller,6.9,Movie,51,148
 Selena: The Series,2020,Biography,7.9,Movie,37,135
 Feria: The Darkest Light,2018,Crime,7.1,Movie,69,789
 Feria: The Darkest Light,2018,Crime,7.1,Movie,69,789
 Feria: The Darkest Light,2018,Crime,7.1,Movie,69,789
 Feria: The Darkest Light,2018,Crime,7.1,Movie,69,789
 Feria: The Darkest Light,2018,Crime,7.1,Movie,69,789
 Feria: The Darkest Light,2018,Crime,7.1,Movie,69,789
 Feria: The Darkest Light,2018,Crime,7.1,Movie,69,789
 Feria: The Darkest Light,2018,Crime,7.1,Movie,69,789
 The A List,2018,Crime,8.6,Movie,29,28
 The A List,2018,Crime,8.5,Movie,26,28
 The A List,2018,Crime,8.5,Movie,28,25
 The A List,2018,Crime,8.7,Movie,27,24
 The A List,2018,Crime,8.9,Movie,27,26
 The A List,2018,Crime,8.4,Movie,29,29
 The A List,2018,Crime,8.2,Movie,28,30
 The Upshaws,2021,Comedy,8,Movie,69,43
 Las mágicas historias de Plim Plim,2011,Animation,7.1,Movie,69,789
 800 metros,2021,Documentary,7.1,Movie,69,789
 800 metros,2021,Documentary,7.1,Movie,69,789
 800 metros,2021,Documentary,7.1,Movie,69,789
 Las mágicas historias de Plim Plim,2011,Animation,7.1,Movie,69,789
 Las mágicas historias de Plim Plim,2011,Animation,7.1,Movie,69,789
 The Drew Barrymore Show,2020,Talk-Show,7.1,Movie,44,789
 The Drew Barrymore Show,2020,Talk-Show,7.1,Movie,43,789
 The Drew Barrymore Show,2020,Talk-Show,7.1,Movie,44,789
 Power Rangers: Dino Fury,2021,Action,7.1,Movie,21,789
 Power Rangers: Dino Fury,2021,Action,7.1,Movie,21,789
 Power Rangers: Dino Fury,2021,Action,7.1,Movie,21,789
 Power Rangers: Dino Fury,2021,Action,7.1,Movie,21,789
 Power Rangers: Dino Fury,2021,Action,7.1,Movie,21,789
 Power Rangers: Dino Fury,2021,Action,7.1,Movie,21,789
 Power Rangers: Dino Fury,2021,Action,7.1,Movie,69,789
 Power Rangers: Dino Fury,2021,Action,7.1,Movie,21,789
 Power Rangers: Dino Fury,2021,Action,7.1,Movie,21,789
 Power Rangers: Dino Fury,2021,Action,7.1,Movie,21,789
 Power Rangers: Dino Fury,2021,Action,7.1,Movie,21,789
 Power Rangers: Dino Fury,2021,Action,7.1,Movie,21,789
 Power Rangers: Dino Fury,2021,Action,7.1,Movie,21,789
 Power Rangers: Dino Fury,2021,Action,7.1,Movie,21,789
 Power Rangers: Dino Fury,2021,Action,7.1,Movie,21,789
 Power Rangers: Dino Fury,2021,Action,7.1,Movie,21,789
 Power Rangers: Dino Fury,2021,Action,7.1,Movie,21,789
 Power Rangers: Dino Fury,2021,Action,7.1,Movie,21,789
 Power Rangers: Dino Fury,2021,Action,7.1,Movie,21,789
 Power Rangers: Dino Fury,2021,Action,7.1,Movie,21,789
 Power Rangers: Dino Fury,2021,Action,7.1,Movie,21,789
 Power Rangers: Dino Fury,2021,Action,7.1,Movie,21,789
 Zero Chill,2021,Family,7.6,Movie,28,38
 Resident Evil: Infinite Darkness,2021,Animation,6.7,Movie,26,632
 The Upshaws,2021,Comedy,8.8,Movie,69,49
 The Baby-Sitters Club,2020,Family,7.1,Movie,69,789
 Eden,2021,Animation,7,Movie,25,61
 Zero,2021,Comedy,6.6,Movie,27,52
 Zero,2021,Comedy,7.5,Movie,21,26
 Zero,2021,Comedy,7.6,Movie,23,23
 Zero,2021,Comedy,7.7,Movie,24,23
 Zero,2021,Comedy,7.8,Movie,21,20
 Zero,2021,Comedy,8,Movie,24,20
 Zero,2021,Comedy,7.7,Movie,25,20
 Zero,2021,Comedy,7.5,Movie,27,20
 The Drew Barrymore Show,2020,Talk-Show,7.1,Movie,44,789
 Army of the Dead: Lost Vegas,2022,Animation,7.1,Movie,69,789
 The Boondocks,2005,Animation,8.6,Movie,23,184
 The Drew Barrymore Show,2020,Talk-Show,7.1,Movie,43,789
 Dive Club,2021,Mystery,7.1,Movie,69,789
 Dive Club,2021,Mystery,7.1,Movie,69,789
 Dive Club,2021,Mystery,7.1,Movie,69,789
 Dive Club,2021,Mystery,7.1,Movie,69,789
 Dive Club,2021,Mystery,7.1,Movie,69,789
 Dive Club,2021,Mystery,7.1,Movie,69,789
 Dive Club,2021,Mystery,7.1,Movie,69,789
 Dive Club,2021,Mystery,7.1,Movie,69,789
 Dive Club,2021,Mystery,7.1,Movie,69,789
 Dive Club,2021,Mystery,7.1,Movie,69,789
 Dive Club,2021,Mystery,7.1,Movie,69,789
 Dive Club,2021,Mystery,7.1,Movie,69,789
 Bir Baskadir,2020,Thriller,8.1,Movie,47,635
 Bir Baskadir,2020,Thriller,8.1,Movie,49,574
 Bir Baskadir,2020,Thriller,8,Movie,40,591
 Bir Baskadir,2020,Thriller,8.1,Movie,44,543
 Bir Baskadir,2020,Thriller,8.1,Movie,55,524
 Bir Baskadir,2020,Thriller,8.4,Movie,58,571
 Bir Baskadir,2020,Thriller,8.6,Movie,45,612
 Snabba Cash,2021,Crime,7.3,Movie,44,135
 Snabba Cash,2021,Crime,7.4,Movie,40,121
 Snabba Cash,2021,Crime,7.5,Movie,38,129
 Snabba Cash,2021,Crime,7.7,Movie,41,131
 Snabba Cash,2021,Crime,7.7,Movie,44,137
 The Epic Tales of Captain Underpants,2018,Animation,5.5,Movie,45,118
 The Upshaws,2021,Comedy,8.5,Movie,69,44
 Young Wallander,2020,Crime,7.1,Movie,69,789
 The Drew Barrymore Show,2020,Talk-Show,7.1,Movie,43,789
 Mismatched,2020,Romance,5.9,Movie,69,54
 Home for Christmas,2019,Romance,7.5,Movie,31,166
 Home for Christmas,2019,Romance,7.3,Movie,25,151
 Home for Christmas,2019,Romance,7.4,Movie,28,139
 Home for Christmas,2019,Romance,7.6,Movie,25,139
 Home for Christmas,2019,Romance,7.8,Movie,34,145
 Home for Christmas,2019,Romance,8.1,Movie,31,188
 The Umbrella Academy,2019,Action,7.1,Movie,69,789
 The Umbrella Academy,2019,Action,7.1,Movie,69,789
 The Umbrella Academy,2019,Action,7.1,Movie,69,789
 The Umbrella Academy,2019,Action,7.1,Movie,69,789
 The Umbrella Academy,2019,Action,7.1,Movie,69,789
 The Umbrella Academy,2019,Action,7.1,Movie,69,789
 The Umbrella Academy,2019,Action,7.1,Movie,69,789
 The Umbrella Academy,2019,Action,7.1,Movie,69,789
 The Umbrella Academy,2019,Action,7.1,Movie,69,789
 The Umbrella Academy,2019,Action,7.1,Movie,69,789
 Last Chance U: Basketball,2021,Documentary,7.6,Movie,69,87
 Stay Close,2018,Crime,7.1,Movie,69,789
 Stay Close,2018,Crime,7.1,Movie,69,789
 Stay Close,2018,Crime,7.1,Movie,69,789
 Stay Close,2018,Crime,7.1,Movie,69,789
 Stay Close,2018,Crime,7.1,Movie,69,789
 Stay Close,2018,Crime,7.1,Movie,69,789
 Stay Close,2018,Crime,7.1,Movie,69,789
 Stay Close,2018,Crime,7.1,Movie,69,789
 Super Monsters,2017,Animation,4.7,Movie,24,35
 Emily in Paris,2020,Romance,7.1,Movie,69,789
 Las mágicas historias de Plim Plim,2011,Animation,7.1,Movie,69,789
 Las mágicas historias de Plim Plim,2011,Animation,7.1,Movie,69,789
 Las mágicas historias de Plim Plim,2011,Animation,7.1,Movie,69,789
 Las mágicas historias de Plim Plim,2011,Animation,7.1,Movie,69,789
 Las mágicas historias de Plim Plim,2011,Animation,7.1,Movie,69,789
 Las mágicas historias de Plim Plim,2011,Animation,7.1,Movie,69,789
 Las mágicas historias de Plim Plim,2011,Animation,7.1,Movie,69,789
 Bee and PuppyCat,2013,Animation,7.1,Movie,69,789
 Bee and PuppyCat,2013,Animation,7.1,Movie,69,789
 Ófærð,2015,Crime,7.1,Movie,69,789
 Archive 81,2018,Horror,7.1,Movie,60,789
 Archive 81,2018,Horror,7.1,Movie,60,789
 Archive 81,2018,Horror,7.1,Movie,60,789
 Archive 81,2018,Horror,7.1,Movie,60,789
 Archive 81,2018,Horror,7.1,Movie,60,789
 Archive 81,2018,Horror,7.1,Movie,60,789
 Archive 81,2018,Horror,7.1,Movie,60,789
 Archive 81,2018,Horror,7.1,Movie,60,789
" Ada Twist, Scientist",2021,Animation,7.1,Movie,69,789
 The Drew Barrymore Show,2020,Talk-Show,7.1,Movie,44,789
 Locke & Key,2020,Horror,7.1,Movie,69,789
 How to Ruin Christmas: The Wedding,2020,Comedy,6.8,Movie,69,17
 How to Ruin Christmas: The Wedding,2020,Comedy,7.2,Movie,69,14
 How to Ruin Christmas: The Wedding,2020,Comedy,7.2,Movie,69,15
 Son of Abish,2014,Comedy,7.1,Movie,69,789
 Son of Abish,2014,Comedy,7.1,Movie,69,789
 Sky Rojo,2021,Action,7,Movie,69,79
 Sky Rojo,2021,Action,7.2,Movie,69,73
 The Drew Barrymore Show,2020,Talk-Show,7.1,Movie,44,789
 Hache,2019,Thriller,6.8,Movie,69,23
 Hache,2019,Thriller,7.1,Movie,69,20
 Hache,2019,Thriller,7.1,Movie,69,18
 Hache,2019,Thriller,7.2,Movie,69,19
 Hache,2019,Thriller,7.4,Movie,69,24
 Dad Stop Embarrassing Me,2021,Family,5.7,Movie,69,98
 Dad Stop Embarrassing Me,2021,Family,5.9,Movie,69,76
 Dad Stop Embarrassing Me,2021,Family,6.5,Movie,69,56
 Dad Stop Embarrassing Me,2021,Family,6.7,Movie,69,52
 Dad Stop Embarrassing Me,2021,Family,6.5,Movie,69,50
 Dad Stop Embarrassing Me,2021,Family,6.8,Movie,69,50
 Las mágicas historias de Plim Plim,2011,Animation,7.1,Movie,69,789
 Las mágicas historias de Plim Plim,2011,Animation,7.1,Movie,69,789
 Las mágicas historias de Plim Plim,2011,Animation,7.1,Movie,69,789
 Son of Abish,2014,Comedy,7.1,Movie,69,789
 The Upshaws,2021,Comedy,8.3,Movie,69,40
 Unrecorded Night,2018,Mystery,7.1,Movie,69,789
 Room 2806: The Accusation,2020,Documentary,7.3,Movie,43,82
 Unrecorded Night,2018,Mystery,7.1,Movie,69,789
 Unrecorded Night,2018,Mystery,7.1,Movie,69,789
 Unrecorded Night,2018,Mystery,7.1,Movie,69,789
 Unrecorded Night,2018,Mystery,7.1,Movie,69,789
 Unrecorded Night,2018,Mystery,7.1,Movie,69,789
 Unrecorded Night,2018,Mystery,7.1,Movie,69,789
 Unrecorded Night,2018,Mystery,7.1,Movie,69,789
 Unrecorded Night,2018,Mystery,7.1,Movie,69,789
 Unrecorded Night,2018,Mystery,7.1,Movie,69,789
 Unrecorded Night,2018,Mystery,7.1,Movie,69,789
 Unrecorded Night,2018,Mystery,7.1,Movie,69,789
 Unrecorded Night,2018,Mystery,7.1,Movie,69,789
 Son of Abish,2014,Comedy,7.1,Movie,69,789
 Paradise PD,2018,Animation,6.8,Movie,69,196
 Room 2806: The Accusation,2020,Documentary,7.6,Movie,44,64
 Room 2806: The Accusation,2020,Documentary,7.6,Movie,47,68
 Room 2806: The Accusation,2020,Documentary,7.3,Movie,63,59
 The Drew Barrymore Show,2020,Talk-Show,7.1,Movie,44,789
 Alice in Borderland,2020,Fantasy,8,Movie,47,848
 Alice in Borderland,2020,Fantasy,8.3,Movie,42,1010
 Alice in Borderland,2020,Fantasy,7.4,Movie,47,754
 Alice in Borderland,2020,Fantasy,6.9,Movie,51,708
 Alice in Borderland,2020,Fantasy,7.5,Movie,41,662
 Alice in Borderland,2020,Fantasy,7.8,Movie,48,671
 Alice in Borderland,2020,Fantasy,7.9,Movie,52,732
 Gojira shingyura pointo,2021,Animation,6.7,Movie,69,101
 History of Swear Words,2021,Documentary,7.1,Movie,21,488
 History of Swear Words,2021,Documentary,6.8,Movie,21,373
 History of Swear Words,2021,Documentary,6.4,Movie,21,351
 History of Swear Words,2021,Documentary,6.9,Movie,21,301
 History of Swear Words,2021,Documentary,6.7,Movie,69,279
 History of Swear Words,2021,Documentary,6.8,Movie,69,263
 Son of Abish,2014,Comedy,7.1,Movie,69,789
 Dad Stop Embarrassing Me,2021,Family,6.9,Movie,69,48
 Gojira shingyura pointo,2021,Animation,7.2,Movie,69,79
 Gojira shingyura pointo,2021,Animation,7.3,Movie,69,73
 Gojira shingyura pointo,2021,Animation,6.9,Movie,69,67
 Gojira shingyura pointo,2021,Animation,7.4,Movie,69,67
 Gojira shingyura pointo,2021,Animation,7.5,Movie,69,64
 Gojira shingyura pointo,2021,Animation,7.4,Movie,69,60
 Gojira shingyura pointo,2021,Animation,7.2,Movie,69,53
 Gojira shingyura pointo,2021,Animation,7.5,Movie,69,51
 Gojira shingyura pointo,2021,Animation,7.5,Movie,69,50
 Gojira shingyura pointo,2021,Animation,7,Movie,24,47
 Gojira shingyura pointo,2021,Animation,7.3,Movie,24,50
 Gojira shingyura pointo,2021,Animation,7.1,Movie,24,55
 Memorias de Idhún,2020,Animation,7,Movie,69,7
 Surviving Death,2021,Documentary,7.3,Movie,51,214
 Surviving Death,2021,Documentary,4.8,Movie,57,174
 Surviving Death,2021,Documentary,4.5,Movie,50,151
 Surviving Death,2021,Documentary,6.5,Movie,48,116
 Surviving Death,2021,Documentary,6.7,Movie,53,105
 Surviving Death,2021,Documentary,8.1,Movie,52,134
 Locke & Key,2020,Horror,7.1,Movie,69,789
 Son of Abish,2014,Comedy,7.1,Movie,69,789
 Virgin River,2019,Romance,7.4,Movie,42,205
 Virgin River,2019,Romance,7.2,Movie,46,187
 Virgin River,2019,Romance,7.6,Movie,47,171
 Virgin River,2019,Romance,7.5,Movie,45,162
 Virgin River,2019,Romance,7.6,Movie,42,160
 Virgin River,2019,Romance,7.4,Movie,44,159
 Virgin River,2019,Romance,7.9,Movie,44,167
 Virgin River,2019,Romance,7.8,Movie,48,157
 Virgin River,2019,Romance,7.3,Movie,69,190
 Zero Chill,2021,Family,7,Movie,34,54
 Zero Chill,2021,Family,6.6,Movie,28,41
 Zero Chill,2021,Family,6.9,Movie,31,38
 Zero Chill,2021,Family,7.1,Movie,26,34
 Zero Chill,2021,Family,7.4,Movie,30,41
 Zero Chill,2021,Family,7.2,Movie,27,38
 Zero Chill,2021,Family,7.3,Movie,26,37
 Zero Chill,2021,Family,7.2,Movie,29,37
 First Kill,2018,Horror,7.1,Movie,69,789
 First Kill,2018,Horror,7.1,Movie,69,789
 Generazione 56K,2021,Romance,7.8,Movie,33,45
 Son of Abish,2014,Comedy,7.1,Movie,69,789
 Caïd,2021,Crime,7.1,Movie,69,40
 Caïd,2021,Crime,7.1,Movie,69,36
 Caïd,2021,Crime,7.4,Movie,69,35
 Caïd,2021,Crime,7.1,Movie,69,32
 Caïd,2021,Crime,7.6,Movie,69,31
 Caïd,2021,Crime,7.2,Movie,69,31
 Caïd,2021,Crime,7.2,Movie,69,31
 Caïd,2021,Crime,7.4,Movie,69,30
 Caïd,2021,Crime,7.3,Movie,69,34
 Caïd,2021,Crime,7.5,Movie,69,33
 The Cuphead Show!,2021,Animation,7.1,Movie,69,789
 Memorias de Idhún,2020,Animation,7,Movie,69,6
 Memorias de Idhún,2020,Animation,7.4,Movie,69,7
 Memorias de Idhún,2020,Animation,7.4,Movie,69,7
 Memorias de Idhún,2020,Animation,7.9,Movie,69,7
 The Empress,2022,Historical,7.1,Movie,69,789
 The Empress,2022,Historical,7.1,Movie,69,789
 The Empress,2022,Historical,7.1,Movie,69,789
 The Empress,2022,Historical,7.1,Movie,69,789
 The Empress,2022,Historical,7.1,Movie,69,789
 The Empress,2022,Historical,7.1,Movie,69,789
 Locke & Key,2020,Horror,7.1,Movie,69,789
 Locke & Key,2020,Horror,7.1,Movie,69,789
 Locke & Key,2020,Horror,7.1,Movie,69,789
 Locke & Key,2020,Horror,7.1,Movie,69,789
 Locke & Key,2020,Horror,7.1,Movie,69,789
 Locke & Key,2020,Horror,7.1,Movie,69,789
 Locke & Key,2020,Horror,7.1,Movie,69,789
 Locke & Key,2020,Horror,7.1,Movie,69,789
 Spirit Riding Free,2017,Animation,7.1,Movie,2,789
 Trollhunters,2016,Animation,8.1,Movie,1,10
 3Below: Tales of Arcadia,2018,Animation,7.6,Movie,1,5
 Carmen Sandiego,2019,Animation,8.2,Movie,69,77
 Carmen Sandiego,2019,Animation,8.1,Movie,69,72
 Carmen Sandiego,2019,Animation,8.5,Movie,69,73
 Carmen Sandiego,2019,Animation,8.8,Movie,69,75
 Carmen Sandiego,2019,Animation,8.6,Movie,69,72
 Carmen Sandiego,2019,Animation,8.9,Movie,69,76
 Carmen Sandiego,2019,Animation,8.6,Movie,69,71
 Carmen Sandiego,2019,Animation,9.2,Movie,69,112
1899,2022,Horror,7.1,Movie,69,789
 Son of Abish,2014,Comedy,7.1,Movie,43,789
 Cobra Kai,2018,Comedy,7.1,Movie,69,789
 The Drew Barrymore Show,2020,Talk-Show,7.1,Movie,44,789
 The Drew Barrymore Show,2020,Talk-Show,7.1,Movie,44,789
 Anatomy of a Scandal,2018,Thriller,7.1,Movie,69,789
 Anatomy of a Scandal,2018,Thriller,7.1,Movie,69,789
 Anatomy of a Scandal,2018,Thriller,7.1,Movie,69,789
 Anatomy of a Scandal,2018,Thriller,7.1,Movie,69,789
 Anatomy of a Scandal,2018,Thriller,7.1,Movie,69,789
 50M2,2021,Thriller,7.2,Movie,47,128
 50M2,2021,Thriller,7.1,Movie,45,113
 50M2,2021,Thriller,7.2,Movie,48,112
 50M2,2021,Thriller,7.2,Movie,44,108
 50M2,2021,Thriller,7.5,Movie,47,111
 50M2,2021,Thriller,7.5,Movie,46,112
 50M2,2021,Thriller,7.8,Movie,64,124
 Bling Empire,2021,Reality-TV,6.3,Movie,38,57
 True Story,2018,Comedy,7.1,Movie,69,789
 Man vs. Bee,2018,Comedy,7.1,Movie,10,789
 The Talk,2010,Talk-Show,7.1,Movie,38,789
 Never Have I Ever,2020,Comedy,8.1,Movie,69,396
 Never Have I Ever,2020,Comedy,8.1,Movie,69,380
 Never Have I Ever,2020,Comedy,8.3,Movie,69,367
 The Lincoln Lawyer,2018,Crime,7.1,Movie,69,789
 The Lincoln Lawyer,2018,Crime,7.1,Movie,69,789
 The Lincoln Lawyer,2018,Crime,7.1,Movie,69,789
 The Lincoln Lawyer,2018,Crime,7.1,Movie,69,789
 The Lincoln Lawyer,2018,Crime,7.1,Movie,69,789
 The Lincoln Lawyer,2018,Crime,7.1,Movie,69,789
 The Lincoln Lawyer,2018,Crime,7.1,Movie,69,789
 The Lincoln Lawyer,2018,Crime,7.1,Movie,69,789
 The Lincoln Lawyer,2018,Crime,7.1,Movie,69,789
 The Lincoln Lawyer,2018,Crime,7.1,Movie,69,789
 Bir Denizalti Hikayesi,2018,Action,7.1,Movie,69,789
 Bir Denizalti Hikayesi,2018,Action,7.1,Movie,69,789
 Bir Denizalti Hikayesi,2018,Action,7.1,Movie,69,789
 Bir Denizalti Hikayesi,2018,Action,7.1,Movie,69,789
 Bir Denizalti Hikayesi,2018,Action,7.1,Movie,69,789
 Bir Denizalti Hikayesi,2018,Action,7.1,Movie,69,789
 Bir Denizalti Hikayesi,2018,Action,7.1,Movie,69,789
 Bir Denizalti Hikayesi,2018,Action,7.1,Movie,69,789
 The Drew Barrymore Show,2020,Talk-Show,7.1,Movie,44,789
 The Drew Barrymore Show,2020,Talk-Show,7.1,Movie,44,789
 The Drew Barrymore Show,2020,Talk-Show,7.1,Movie,43,789
 Crime Scene: The Vanishing at the Cecil Hotel,2021,Documentary,7,Movie,53,689
 Crime Scene: The Vanishing at the Cecil Hotel,2021,Documentary,7,Movie,54,630
 Crime Scene: The Vanishing at the Cecil Hotel,2021,Documentary,6.3,Movie,54,618
 Crime Scene: The Vanishing at the Cecil Hotel,2021,Documentary,6.4,Movie,58,565
 Heartstopper,2018,Romance,7.1,Movie,69,789
 Heartstopper,2018,Romance,7.1,Movie,69,789
 Heartstopper,2018,Romance,7.1,Movie,69,789
 Heartstopper,2018,Romance,7.1,Movie,69,789
 Heartstopper,2018,Romance,7.1,Movie,69,789
 Heartstopper,2018,Romance,7.1,Movie,69,789
 Heartstopper,2018,Romance,7.1,Movie,69,789
 Heartstopper,2018,Romance,7.1,Movie,69,789
 Bridgerton,2020,Romance,7.1,Movie,69,789
 Jurassic World: Camp Cretaceous,2020,Animation,7.3,Movie,24,248
 Jurassic World: Camp Cretaceous,2020,Animation,7.5,Movie,24,241
 Jurassic World: Camp Cretaceous,2020,Animation,7.8,Movie,24,261
 Jurassic World: Camp Cretaceous,2020,Animation,7.8,Movie,24,232
 Jurassic World: Camp Cretaceous,2020,Animation,7.5,Movie,24,249
 Jurassic World: Camp Cretaceous,2020,Animation,7.8,Movie,24,234
 Jurassic World: Camp Cretaceous,2020,Animation,8,Movie,24,255
 Cobra Kai,2018,Comedy,7.1,Movie,69,789
 The Drew Barrymore Show,2020,Talk-Show,7.1,Movie,44,789
 The Drew Barrymore Show,2020,Talk-Show,7.1,Movie,44,789
 The Drew Barrymore Show,2020,Talk-Show,7.1,Movie,44,789
 The Drew Barrymore Show,2020,Talk-Show,7.1,Movie,44,789
 Post Mortem: No One Dies in Skarnes,2021,Thriller,7.1,Movie,69,789
 Post Mortem: No One Dies in Skarnes,2021,Thriller,7.1,Movie,69,789
 Post Mortem: No One Dies in Skarnes,2021,Thriller,7.1,Movie,69,789
 Post Mortem: No One Dies in Skarnes,2021,Thriller,7.1,Movie,69,789
 Post Mortem: No One Dies in Skarnes,2021,Thriller,7.1,Movie,69,789
 Canine Intervention,2021,Documentary,7.1,Movie,69,42
 Sex Education,2019,Comedy,7.1,Movie,69,789
 Sex Education,2019,Comedy,7.1,Movie,69,789
 Sex Education,2019,Comedy,7.1,Movie,69,789
 Sex Education,2019,Comedy,7.1,Movie,69,789
 Too Hot to Handle,2020,Reality-TV,5.4,Movie,45,131
 The Last Bus,2018,Family,7.1,Movie,69,789
 Lupin,2021,Crime,7.5,Movie,41,1103
 Lupin,2021,Crime,7.9,Movie,47,1060
 Lupin,2021,Crime,8.2,Movie,50,1277
 Fedeltà,2021,Romance,7.1,Movie,69,789
 Fedeltà,2021,Romance,7.1,Movie,69,789
 Fedeltà,2021,Romance,7.1,Movie,69,789
 Fedeltà,2021,Romance,7.1,Movie,69,789
 Fedeltà,2021,Romance,7.1,Movie,69,789
 Fedeltà,2021,Romance,7.1,Movie,69,789
 High-Rise Invasion,2021,Animation,7,Movie,69,127
 First Kill,2018,Horror,7.1,Movie,69,789
 First Kill,2018,Horror,7.1,Movie,69,789
 First Kill,2018,Horror,7.1,Movie,69,789
 First Kill,2018,Horror,7.1,Movie,69,789
 First Kill,2018,Horror,7.1,Movie,69,789
 First Kill,2018,Horror,7.1,Movie,69,789
 Sex Education,2019,Comedy,7.1,Movie,69,789
 Sex Education,2019,Comedy,7.1,Movie,69,789
 Kajko i Kokosz,2021,Animation,7.1,Movie,69,34
 Kajko i Kokosz,2021,Animation,7,Movie,69,25
 Kajko i Kokosz,2021,Animation,6.9,Movie,69,23
 Kajko i Kokosz,2021,Animation,7,Movie,69,23
 Kajko i Kokosz,2021,Animation,6.7,Movie,69,23
 Formula 1: Drive to Survive,2019,Documentary,7.5,Movie,38,618
 The Drew Barrymore Show,2020,Talk-Show,7.1,Movie,44,789
 The Drew Barrymore Show,2020,Talk-Show,7.1,Movie,43,789
 Sonic Prime,2022,Animation,7.1,Movie,69,789
 Murder Among the Mormons,2021,Documentary,7,Movie,45,243
 Murder Among the Mormons,2021,Documentary,7.3,Movie,57,222
 Murder Among the Mormons,2021,Documentary,7.4,Movie,58,213
 Paradise PD,2018,Animation,6,Movie,27,202
 Paradise PD,2018,Animation,6.6,Movie,23,156
 Paradise PD,2018,Animation,6.7,Movie,23,149
 Paradise PD,2018,Animation,6.6,Movie,27,143
 Paradise PD,2018,Animation,6.9,Movie,27,138
 Paradise PD,2018,Animation,6.9,Movie,28,138
 Paradise PD,2018,Animation,7.1,Movie,28,129
 Paradise PD,2018,Animation,7.2,Movie,26,129
 Paradise PD,2018,Animation,7.1,Movie,30,134
 The Last Bus,2018,Family,7.1,Movie,69,789
 The Last Bus,2018,Family,7.1,Movie,69,789
 The Last Bus,2018,Family,7.1,Movie,69,789
 The Last Bus,2018,Family,7.1,Movie,69,789
 The Last Bus,2018,Family,7.1,Movie,69,789
 The Last Bus,2018,Family,7.1,Movie,69,789
 The Last Bus,2018,Family,7.1,Movie,69,789
 The Last Bus,2018,Family,7.1,Movie,69,789
 The Last Bus,2018,Family,7.1,Movie,69,789
 Sky Rojo,2021,Action,7.1,Movie,69,88
 Sky Rojo,2021,Action,6.9,Movie,69,81
 Sky Rojo,2021,Action,6.8,Movie,69,81
 Sky Rojo,2021,Action,7.4,Movie,69,72
 The Drew Barrymore Show,2020,Talk-Show,7.1,Movie,44,789
 The Drew Barrymore Show,2020,Talk-Show,7.1,Movie,44,789
 The Drew Barrymore Show,2020,Talk-Show,7.1,Movie,44,789
 Dota: Dragon's Blood,2021,Animation,8.2,Movie,28,648
 Dota: Dragon's Blood,2021,Animation,8.5,Movie,26,582
 Dota: Dragon's Blood,2021,Animation,8.3,Movie,26,541
 Dota: Dragon's Blood,2021,Animation,8.4,Movie,27,536
 Dota: Dragon's Blood,2021,Animation,8.4,Movie,25,517
 Dota: Dragon's Blood,2021,Animation,8.6,Movie,26,516
 Dota: Dragon's Blood,2021,Animation,8.7,Movie,26,541
 Dota: Dragon's Blood,2021,Animation,8.8,Movie,26,620
 Angry Birds: Summer Madness,2018,Animation,7.1,Movie,69,789
 Thus Spoke Kishibe Rohan,2017,Animation,8.2,Movie,25,88
 Thus Spoke Kishibe Rohan,2017,Animation,7.8,Movie,25,72
 Thus Spoke Kishibe Rohan,2017,Animation,8.1,Movie,24,69
 Thus Spoke Kishibe Rohan,2017,Animation,8.7,Movie,23,75
 Fate: The Winx Saga,2021,Action,7.1,Movie,69,789
 Fate: The Winx Saga,2021,Action,7.1,Movie,69,789
 Fate: The Winx Saga,2021,Action,7.1,Movie,69,789
 Fate: The Winx Saga,2021,Action,7.1,Movie,69,789
 Fate: The Winx Saga,2021,Action,7.1,Movie,69,789
 Fate: The Winx Saga,2021,Action,7.1,Movie,69,789
 Fate: The Winx Saga,2021,Action,7.1,Movie,69,789
 Fate: The Winx Saga,2021,Action,7.1,Movie,69,789
 ¿Quién Mató a Sara?,2021,Crime,7,Movie,39,356
 God's Favorite Idiot,2018,Comedy,7.1,Movie,69,789
 Formula 1: Drive to Survive,2019,Documentary,7.9,Movie,38,587
 Formula 1: Drive to Survive,2019,Documentary,8.1,Movie,40,600
 Formula 1: Drive to Survive,2019,Documentary,7.7,Movie,44,545
 Formula 1: Drive to Survive,2019,Documentary,7.6,Movie,38,523
 Formula 1: Drive to Survive,2019,Documentary,8.6,Movie,37,646
 Formula 1: Drive to Survive,2019,Documentary,7.6,Movie,41,511
 Formula 1: Drive to Survive,2019,Documentary,6.9,Movie,37,562
 Formula 1: Drive to Survive,2019,Documentary,9.4,Movie,51,1000
 Formula 1: Drive to Survive,2019,Documentary,6.8,Movie,38,615
 The Drew Barrymore Show,2020,Talk-Show,7.1,Movie,43,789
 The Drew Barrymore Show,2020,Talk-Show,7.1,Movie,43,789
 The Drew Barrymore Show,2020,Talk-Show,7.1,Movie,42,789
 The Drew Barrymore Show,2020,Talk-Show,7.1,Movie,43,789
 The Drew Barrymore Show,2020,Talk-Show,7.1,Movie,43,789
 City of Ghosts,2021,Animation,8.3,Movie,69,19
 Dad Stop Embarrassing Me,2021,Family,6,Movie,69,49
 The Drew Barrymore Show,2020,Talk-Show,7.1,Movie,43,789
 Canine Intervention,2021,Documentary,7.4,Movie,69,34
 Canine Intervention,2021,Documentary,7,Movie,69,26
 Canine Intervention,2021,Documentary,7.4,Movie,69,23
 Canine Intervention,2021,Documentary,7.6,Movie,69,26
 High-Rise Invasion,2021,Animation,6.9,Movie,69,110
 High-Rise Invasion,2021,Animation,7.2,Movie,69,105
 High-Rise Invasion,2021,Animation,7.2,Movie,69,97
 High-Rise Invasion,2021,Animation,7.3,Movie,69,96
 High-Rise Invasion,2021,Animation,7.1,Movie,69,89
 High-Rise Invasion,2021,Animation,7.2,Movie,69,89
 High-Rise Invasion,2021,Animation,7.1,Movie,69,87
 High-Rise Invasion,2021,Animation,7.7,Movie,69,88
 High-Rise Invasion,2021,Animation,7.4,Movie,69,83
 High-Rise Invasion,2021,Animation,7.4,Movie,69,110
 Ridley Jones,2021,Animation,7.1,Movie,27,789
 High-Rise Invasion,2021,Animation,7.6,Movie,69,86
 Ridley Jones,2021,Animation,7.1,Movie,27,789
 D.P.,2021,Crime,7.1,Movie,69,789
 Hagane no renkinjutsushi,2009,Animation,7.7,Movie,30,1594
 Hagane no renkinjutsushi,2009,Animation,8.4,Movie,30,1479
 The Drew Barrymore Show,2020,Talk-Show,7.1,Movie,43,789
 The Drew Barrymore Show,2020,Talk-Show,7.1,Movie,43,789
 The Drew Barrymore Show,2020,Talk-Show,7.1,Movie,42,789
 The Drew Barrymore Show,2020,Talk-Show,7.1,Movie,43,789
 The Talk,2010,Talk-Show,7.1,Movie,38,789
 Cobra Kai,2018,Comedy,7.1,Movie,69,789
 Hagane no renkinjutsushi,2009,Animation,9.2,Movie,30,1993
 Hagane no renkinjutsushi,2009,Animation,7.8,Movie,30,1316
 Hagane no renkinjutsushi,2009,Animation,8.3,Movie,30,1242
 True Story,2018,Comedy,7.1,Movie,69,789
 True Story,2018,Comedy,7.1,Movie,69,789
 True Story,2018,Comedy,7.1,Movie,69,789
 True Story,2018,Comedy,7.1,Movie,69,789
 True Story,2018,Comedy,7.1,Movie,69,789
 True Story,2018,Comedy,7.1,Movie,69,789
 True Story,2018,Comedy,7.1,Movie,69,789
 Gokushufudo,2021,Animation,7.2,Movie,69,128
 Pacific Rim,2021,Animation,7.6,Movie,23,188
 Pacific Rim,2021,Animation,7.6,Movie,27,193
 Yeh Kaali Kaali Ankhein,2018,Romance,7.1,Movie,69,789
 Pacific Rim,2021,Animation,7.4,Movie,28,189
 Bee and PuppyCat,2013,Animation,7.1,Movie,69,789
 Yeh Kaali Kaali Ankhein,2018,Romance,7.1,Movie,69,789
 Astérix,2023,Animation,7.1,Movie,69,789
 The Talk,2010,Talk-Show,7.1,Movie,38,789
 So Not Worth It,2021,Comedy,8.8,Movie,69,37
 Q-Force,2021,Animation,7.1,Movie,69,789
 Yasuke,2021,Animation,7,Movie,28,170
 Yasuke,2021,Animation,6.8,Movie,29,146
 Yasuke,2021,Animation,6.8,Movie,29,138
 Yasuke,2021,Animation,6.6,Movie,28,137
 Yasuke,2021,Animation,6.4,Movie,30,133
 Mama K's Team 4,2022,Animation,7.1,Movie,69,789
 Daniel Spellbound,2022,Animation,7.1,Movie,69,789
 I [Heart] Arlo,2021,Animation,7.1,Movie,69,789
 I [Heart] Arlo,2021,Animation,7.1,Movie,69,789
 I [Heart] Arlo,2021,Animation,7.1,Movie,69,789
 I [Heart] Arlo,2021,Animation,7.1,Movie,69,789
 I [Heart] Arlo,2021,Animation,7.1,Movie,69,789
 I [Heart] Arlo,2021,Animation,7.1,Movie,69,789
 I [Heart] Arlo,2021,Animation,7.1,Movie,69,789
 I [Heart] Arlo,2021,Animation,7.1,Movie,69,789
 I [Heart] Arlo,2021,Animation,7.1,Movie,69,789
 I [Heart] Arlo,2021,Animation,7.1,Movie,69,789
 I [Heart] Arlo,2021,Animation,7.1,Movie,69,789
 I [Heart] Arlo,2021,Animation,7.1,Movie,69,789
 I [Heart] Arlo,2021,Animation,7.1,Movie,69,789
 I [Heart] Arlo,2021,Animation,7.1,Movie,69,789
 I [Heart] Arlo,2021,Animation,7.1,Movie,69,789
 I [Heart] Arlo,2021,Animation,7.1,Movie,69,789
 I [Heart] Arlo,2021,Animation,7.1,Movie,69,789
 I [Heart] Arlo,2021,Animation,7.1,Movie,69,789
 I [Heart] Arlo,2021,Animation,7.1,Movie,69,789
 I [Heart] Arlo,2021,Animation,7.1,Movie,69,789
 Last Chance U: Basketball,2021,Documentary,7.7,Movie,69,77
 Last Chance U: Basketball,2021,Documentary,8,Movie,69,82
 Last Chance U: Basketball,2021,Documentary,7.6,Movie,69,78
 Last Chance U: Basketball,2021,Documentary,8.6,Movie,69,98
 Last Chance U: Basketball,2021,Documentary,7.9,Movie,69,72
 Last Chance U: Basketball,2021,Documentary,7.8,Movie,69,68
 Last Chance U: Basketball,2021,Documentary,8.2,Movie,69,83
 Feels Like Ishq,2021,Romance,7.1,Movie,69,789
 Jurassic World: Camp Cretaceous,2020,Animation,7.8,Movie,24,244
 Centaurworld,2021,Animation,8.1,Movie,26,18
 Trese,2021,Animation,7.1,Movie,31,172
 Battle Kitty,2022,Animation,7.1,Movie,69,789
 Sharkdog,2021,Animation,7.1,Movie,69,789
 Trico,2022,Animation,7.1,Movie,69,789
 The House,2021,Thriller,7.1,Movie,69,789
 The Lying Life of Adults,2022,Drama,7.1,Movie,69,789
 Hagane no renkinjutsushi,2009,Animation,7.7,Movie,30,1183
 The Last Kingdom,2015,Historical,7.1,Movie,69,789
 The Last Kingdom,2015,Historical,7.1,Movie,69,789
 Jiok,2021,Horror,7.1,Movie,69,789
 Jiok,2021,Horror,7.1,Movie,69,789
 Jiok,2021,Horror,7.1,Movie,69,789
 Jiok,2021,Horror,7.1,Movie,69,789
 Jiok,2021,Horror,7.1,Movie,69,789
 Jiok,2021,Horror,7.1,Movie,69,789
 Cobra Kai,2018,Comedy,7.1,Movie,69,789
 Centaurworld,2021,Animation,8.7,Movie,25,17
 Centaurworld,2021,Animation,8.7,Movie,27,11
 Centaurworld,2021,Animation,9,Movie,27,13
 Centaurworld,2021,Animation,8,Movie,26,8
 Centaurworld,2021,Animation,8.1,Movie,27,8
 Centaurworld,2021,Animation,8.4,Movie,27,8
 Centaurworld,2021,Animation,8.9,Movie,26,10
 Centaurworld,2021,Animation,8.6,Movie,27,8
 Centaurworld,2021,Animation,8.8,Movie,27,10
 Masters of the Universe: Revelation,2021,Animation,7.1,Movie,69,789
 Masters of the Universe: Revelation,2021,Animation,7.1,Movie,69,789
 Centaurworld,2021,Animation,7.1,Movie,69,789
 Centaurworld,2021,Animation,7.1,Movie,69,789
 Centaurworld,2021,Animation,7.1,Movie,69,789
 Centaurworld,2021,Animation,7.1,Movie,69,789
 Centaurworld,2021,Animation,7.1,Movie,69,789
 From Scratch,2018,Drama,7.1,Movie,69,789
 Inside Job,2021,Animation,7.1,Movie,69,789
 Centaurworld,2021,Animation,7.1,Movie,69,789
 Centaurworld,2021,Animation,7.1,Movie,69,789
 Centaurworld,2021,Animation,7.1,Movie,69,789
 Centaurworld,2021,Animation,7.1,Movie,69,789
 Centaurworld,2021,Animation,7.1,Movie,69,789
 The Cuphead Show!,2021,Animation,7.1,Movie,69,789
 The Cuphead Show!,2021,Animation,7.1,Movie,69,789
 The Cuphead Show!,2021,Animation,7.1,Movie,69,789
 The Cuphead Show!,2021,Animation,7.1,Movie,69,789
 The Cuphead Show!,2021,Animation,7.1,Movie,69,789
 The Cuphead Show!,2021,Animation,7.1,Movie,69,789
 The Cuphead Show!,2021,Animation,7.1,Movie,69,789
 The Cuphead Show!,2021,Animation,7.1,Movie,69,789
 Bangkok Breaking,2021,Crime,7.1,Movie,69,789
 Bangkok Breaking,2021,Crime,7.1,Movie,69,789
 Bangkok Breaking,2021,Crime,7.1,Movie,69,789
 Bangkok Breaking,2021,Crime,7.1,Movie,69,789
 Bangkok Breaking,2021,Crime,7.1,Movie,69,789
 Bangkok Breaking,2021,Crime,7.1,Movie,69,789
 The Talk,2010,Talk-Show,7.1,Movie,38,789
 The Talk,2010,Talk-Show,7.1,Movie,38,789
 Untitled Lakers Project,2022,Sports,7.1,Movie,69,789
 Hagane no renkinjutsushi,2009,Animation,7.8,Movie,30,1154
 The Circle,2020,Reality-TV,7.3,Movie,50,114
 The Circle,2020,Reality-TV,7.6,Movie,44,109
 The Circle,2020,Reality-TV,7.4,Movie,52,105
 The Circle,2020,Reality-TV,7.2,Movie,50,86
 The Circle,2020,Reality-TV,7.2,Movie,53,87
 The Circle,2020,Reality-TV,7.3,Movie,45,83
 The Circle,2020,Reality-TV,8,Movie,50,92
 The Circle,2020,Reality-TV,7.3,Movie,53,77
 The Circle,2020,Reality-TV,7.5,Movie,56,77
 The Circle,2020,Reality-TV,7.2,Movie,48,88
 The Circle,2020,Reality-TV,8.1,Movie,50,99
 The Circle,2020,Reality-TV,7.6,Movie,47,79
 ¿Quién Mató a Sara?,2021,Crime,7.3,Movie,40,279
 ¿Quién Mató a Sara?,2021,Crime,7.4,Movie,39,256
 ¿Quién Mató a Sara?,2021,Crime,7.4,Movie,41,241
 ¿Quién Mató a Sara?,2021,Crime,7.3,Movie,40,242
 ¿Quién Mató a Sara?,2021,Crime,7.5,Movie,35,228
 ¿Quién Mató a Sara?,2021,Crime,7.3,Movie,38,221
 ¿Quién Mató a Sara?,2021,Crime,7.5,Movie,40,213
 ¿Quién Mató a Sara?,2021,Crime,7.7,Movie,45,242
 Inside Man,2018,Thriller,7.1,Movie,69,789
 Sexify,2021,Comedy,6.6,Movie,69,182
 The Chestnut Man,2021,Crime,7.1,Movie,69,789
 The Chestnut Man,2021,Crime,7.1,Movie,69,789
 The Chestnut Man,2021,Crime,7.1,Movie,69,789
 The Chestnut Man,2021,Crime,7.1,Movie,69,789
 The Chestnut Man,2021,Crime,7.1,Movie,69,789
 Bee and PuppyCat,2013,Animation,7.1,Movie,69,789
 Magic for Humans by Mago Pop,2021,Reality-TV,7,Movie,23,9
 Magic for Humans by Mago Pop,2021,Reality-TV,8,Movie,25,7
 Magic for Humans by Mago Pop,2021,Reality-TV,8.4,Movie,23,7
 Magic for Humans by Mago Pop,2021,Reality-TV,7.4,Movie,24,8
 Magic for Humans by Mago Pop,2021,Reality-TV,8.5,Movie,23,6
 Magic for Humans by Mago Pop,2021,Reality-TV,8,Movie,22,6
 Hagane no renkinjutsushi,2009,Animation,8,Movie,30,1141
 Shûmatsu no Valkyrie,2021,Animation,6.8,Movie,24,220
 Hagane no renkinjutsushi,2009,Animation,7.3,Movie,30,1095
 Hagane no renkinjutsushi,2009,Animation,8.3,Movie,30,1128
 Hagane no renkinjutsushi,2009,Animation,8.2,Movie,25,1070
 Hagane no renkinjutsushi,2009,Animation,8.9,Movie,30,1358
 Hagane no renkinjutsushi,2009,Animation,8,Movie,30,1161
 From Scratch,2018,Drama,7.1,Movie,69,789
 From Scratch,2018,Drama,7.1,Movie,69,789
 From Scratch,2018,Drama,7.1,Movie,69,789
 Katla,2021,Sci-Fi,7.5,Movie,51,453
 Katla,2021,Sci-Fi,7.4,Movie,47,379
 Katla,2021,Sci-Fi,7.1,Movie,51,325
 Katla,2021,Sci-Fi,7.4,Movie,41,302
 Katla,2021,Sci-Fi,7.6,Movie,47,289
 Katla,2021,Sci-Fi,7.3,Movie,42,282
 Katla,2021,Sci-Fi,7.5,Movie,46,273
 Katla,2021,Sci-Fi,7.3,Movie,44,293
 ¿Quién Mató a Sara?,2021,Crime,6.7,Movie,42,182
 This Is a Robbery: The World's Biggest Art Heist,2021,Documentary,7.3,Movie,53,175
 Monster: The Jeffrey Dahmer Story,2022,Biography,7.1,Movie,69,789
 Monster: The Jeffrey Dahmer Story,2022,Biography,7.1,Movie,69,789
 Monster: The Jeffrey Dahmer Story,2022,Biography,7.1,Movie,69,789
 Monster: The Jeffrey Dahmer Story,2022,Biography,7.1,Movie,69,789
 Monster: The Jeffrey Dahmer Story,2022,Biography,7.1,Movie,69,789
 Monster: The Jeffrey Dahmer Story,2022,Biography,7.1,Movie,69,789
 Monster: The Jeffrey Dahmer Story,2022,Biography,7.1,Movie,69,789
 Monster: The Jeffrey Dahmer Story,2022,Biography,7.1,Movie,69,789
 Monster: The Jeffrey Dahmer Story,2022,Biography,7.1,Movie,69,789
 Cobra Kai,2018,Comedy,7.1,Movie,69,789
 This Is a Robbery: The World's Biggest Art Heist,2021,Documentary,7,Movie,50,156
 This Is a Robbery: The World's Biggest Art Heist,2021,Documentary,6.8,Movie,57,145
 This Is a Robbery: The World's Biggest Art Heist,2021,Documentary,6.8,Movie,50,137
 From Scratch,2018,Drama,7.1,Movie,69,789
 Never Have I Ever,2020,Comedy,8.1,Movie,69,350
 Never Have I Ever,2020,Comedy,8.1,Movie,69,342
 Never Have I Ever,2020,Comedy,8.2,Movie,69,338
 Never Have I Ever,2020,Comedy,8.1,Movie,69,322
 Never Have I Ever,2020,Comedy,8.7,Movie,69,368
 The Last Kingdom,2015,Historical,7.1,Movie,69,789
 Formula 1: Drive to Survive,2019,Documentary,7.1,Movie,69,789
 Kus uçusu,2018,Comedy,7.1,Movie,69,789
 Dead Places,2021,Horror,6.4,Movie,69,28
 Dead Places,2021,Horror,6.6,Movie,69,9
 Dead Places,2021,Horror,6.4,Movie,69,9
 Dead Places,2021,Horror,6.6,Movie,69,9
 Dead Places,2021,Horror,6.8,Movie,69,8
 Dead Places,2021,Horror,7,Movie,69,8
 Dead Places,2021,Horror,6.6,Movie,69,8
 Dead Places,2021,Horror,6.9,Movie,69,7
 Disparu à jamais,2021,Crime,7.1,Movie,69,789
 Cobra Kai,2018,Comedy,7.1,Movie,69,789
 Kus uçusu,2018,Comedy,7.1,Movie,69,789
 Kus uçusu,2018,Comedy,7.1,Movie,69,789
 Kus uçusu,2018,Comedy,7.1,Movie,69,789
 Kus uçusu,2018,Comedy,7.1,Movie,69,789
 Kus uçusu,2018,Comedy,7.1,Movie,69,789
 Kus uçusu,2018,Comedy,7.1,Movie,69,789
 Kus uçusu,2018,Comedy,7.1,Movie,69,789
 Inside Man,2018,Thriller,7.1,Movie,69,789
 Surviving Summer,2022,Drama,7.1,Movie,69,789
 Surviving Summer,2022,Drama,7.1,Movie,69,789
 Surviving Summer,2022,Drama,7.1,Movie,69,789
 Surviving Summer,2022,Drama,7.1,Movie,69,789
 Surviving Summer,2022,Drama,7.1,Movie,69,789
 Surviving Summer,2022,Drama,7.1,Movie,69,789
 Surviving Summer,2022,Drama,7.1,Movie,69,789
 Surviving Summer,2022,Drama,7.1,Movie,69,789
 Surviving Summer,2022,Drama,7.1,Movie,69,789
 Surviving Summer,2022,Drama,7.1,Movie,69,789
 Gokushufudo,2021,Animation,7.6,Movie,69,107
 Gokushufudo,2021,Animation,7.7,Movie,69,100
 Gokushufudo,2021,Animation,7.7,Movie,69,99
 Gokushufudo,2021,Animation,7.6,Movie,69,98
 Cobra Kai,2018,Comedy,7.1,Movie,69,789
 Bee and PuppyCat,2013,Animation,7.1,Movie,69,789
 Bee and PuppyCat,2013,Animation,7.1,Movie,69,789
 Bee and PuppyCat,2013,Animation,7.1,Movie,69,789
 Bee and PuppyCat,2013,Animation,7.1,Movie,69,789
 Bee and PuppyCat,2013,Animation,7.1,Movie,69,789
 Bee and PuppyCat,2013,Animation,7.1,Movie,69,789
 Bee and PuppyCat,2013,Animation,7.1,Movie,69,789
 Bee and PuppyCat,2013,Animation,7.1,Movie,69,789
 Bee and PuppyCat,2013,Animation,7.1,Movie,69,789
 Bee and PuppyCat,2013,Animation,7.1,Movie,69,789
 Cobra Kai,2018,Comedy,7.1,Movie,69,789
 Fatma,2021,Thriller,7.5,Movie,69,200
 Fatma,2021,Thriller,7.5,Movie,69,192
 Fatma,2021,Thriller,7.5,Movie,69,186
 Fatma,2021,Thriller,8,Movie,69,192
 Fatma,2021,Thriller,8,Movie,69,197
 Inside Man,2018,Thriller,7.1,Movie,69,789
 Inside Man,2018,Thriller,7.1,Movie,69,789
 Cobra Kai,2018,Comedy,7.1,Movie,69,789
 Dexter,2006,Crime,8.7,Movie,54,4138
 Dexter,2006,Crime,9.2,Movie,57,4205
 Dexter,2006,Crime,9.5,Movie,51,5437
 Dexter,2006,Crime,9.8,Movie,51,11638
 Dexter,2006,Crime,8.7,Movie,49,3711
 Dexter,2006,Crime,8.3,Movie,51,3606
 Dexter,2006,Crime,9.2,Movie,55,4256
 Dexter,2006,Crime,9,Movie,49,3871
 Dexter,2006,Crime,8.7,Movie,55,3641
 Dexter,2006,Crime,8.5,Movie,53,3573
 Dexter,2006,Crime,8.5,Movie,54,3591
 Dexter,2006,Crime,9.4,Movie,51,5072
 Modern Family,2009,Romance,8.2,Movie,23,3404
 Bridgerton,2020,Romance,7.1,Movie,69,789
 Bridgerton,2020,Romance,7.1,Movie,69,789
 Pretty Smart,2018,Comedy,7.1,Movie,69,789
 Pretty Smart,2018,Comedy,7.1,Movie,69,789
 Pretty Smart,2018,Comedy,7.1,Movie,69,789
 Pretty Smart,2018,Comedy,7.1,Movie,69,789
 Pretty Smart,2018,Comedy,7.1,Movie,69,789
 Pretty Smart,2018,Comedy,7.1,Movie,69,789
 Pretty Smart,2018,Comedy,7.1,Movie,69,789
 Pretty Smart,2018,Comedy,7.1,Movie,69,789
 Pretty Smart,2018,Comedy,7.1,Movie,69,789
 Pretty Smart,2018,Comedy,7.1,Movie,69,789
 Castlevania,2017,Animation,8.3,Movie,24,980
 Girl From Nowhere,2018,Crime,7.8,Movie,69,183
 Girl From Nowhere,2018,Crime,6.5,Movie,69,145
 Girl From Nowhere,2018,Crime,8.2,Movie,69,147
 Girl From Nowhere,2018,Crime,8.3,Movie,69,144
 Girl From Nowhere,2018,Crime,7.5,Movie,69,140
 Girl From Nowhere,2018,Crime,8.5,Movie,69,158
 Girl From Nowhere,2018,Crime,8,Movie,69,110
 Girl From Nowhere,2018,Crime,8.1,Movie,69,112
 Ginny & Georgia,2021,Comedy,7.1,Movie,69,789
 Ginny & Georgia,2021,Comedy,7.1,Movie,69,789
 Ginny & Georgia,2021,Comedy,7.1,Movie,69,789
 Ginny & Georgia,2021,Comedy,7.1,Movie,69,789
 Ginny & Georgia,2021,Comedy,7.1,Movie,69,789
 Ginny & Georgia,2021,Comedy,7.1,Movie,69,789
 Ginny & Georgia,2021,Comedy,7.1,Movie,69,789
 Ginny & Georgia,2021,Comedy,7.1,Movie,69,789
 Ginny & Georgia,2021,Comedy,7.1,Movie,69,789
 Ginny & Georgia,2021,Comedy,7.1,Movie,69,789
 Dota: Dragon's Blood,2021,Animation,7.1,Movie,69,789
 Master of None,2015,Comedy,5.8,Movie,55,1173
 The Imperfects,2021,Fantasy,7.1,Movie,69,789
 Élite,2018,Thriller,7.1,Movie,69,789
" Love, Death & Robots",2019,Animation,6.6,Movie,13,5659
 Master of None,2015,Comedy,5.7,Movie,31,658
 La casa de papel,2017,Crime,7.1,Movie,69,789
 La casa de papel,2017,Crime,7.1,Movie,69,789
 La casa de papel,2017,Crime,7.1,Movie,69,789
 La casa de papel,2017,Crime,7.1,Movie,69,789
 La casa de papel,2017,Crime,7.1,Movie,69,789
 La casa de papel,2017,Crime,7.1,Movie,69,789
 La casa de papel,2017,Crime,7.1,Movie,69,789
 La casa de papel,2017,Crime,7.1,Movie,69,789
 La casa de papel,2017,Crime,7.1,Movie,69,789
 Élite,2018,Thriller,7.1,Movie,69,789
 Élite,2018,Thriller,7.1,Movie,69,789
" Love, Death & Robots",2019,Animation,6.1,Movie,13,6739
" Love, Death & Robots",2019,Animation,7,Movie,11,6039
" Love, Death & Robots",2019,Animation,6.5,Movie,12,7098
" Love, Death & Robots",2019,Animation,7.4,Movie,7,6163
" Love, Death & Robots",2019,Animation,7,Movie,13,5868
" Love, Death & Robots",2019,Animation,7.9,Movie,18,6873
 Sexify,2021,Comedy,6.9,Movie,50,138
 Sexify,2021,Comedy,6.9,Movie,40,126
 Sexify,2021,Comedy,6.9,Movie,49,116
 Sexify,2021,Comedy,6.8,Movie,38,108
 Sexify,2021,Comedy,7.1,Movie,37,103
 Sexify,2021,Comedy,6.9,Movie,40,96
 Sexify,2021,Comedy,7.1,Movie,47,100
 Castlevania,2017,Animation,8.2,Movie,24,911
 AlRawabi School for Girls,2021,Drama,7.1,Movie,69,789
 AlRawabi School for Girls,2021,Drama,7.1,Movie,69,789
 AlRawabi School for Girls,2021,Drama,7.1,Movie,69,789
 AlRawabi School for Girls,2021,Drama,7.1,Movie,69,789
 AlRawabi School for Girls,2021,Drama,7.1,Movie,69,789
 AlRawabi School for Girls,2021,Drama,7.1,Movie,69,789
 Sonic Prime,2022,Animation,7.1,Movie,69,789
 Sonic Prime,2022,Animation,7.1,Movie,69,789
 Sonic Prime,2022,Animation,7.1,Movie,69,789
 Sonic Prime,2022,Animation,7.1,Movie,69,789
 Sonic Prime,2022,Animation,7.1,Movie,69,789
 Ultraman,2019,Animation,7.1,Movie,69,789
 The Talk,2010,Talk-Show,7.1,Movie,38,789
 Élite,2018,Thriller,7.1,Movie,69,789
 Élite,2018,Thriller,7.1,Movie,69,789
 Never Have I Ever,2020,Comedy,8.8,Movie,69,433
1899,2022,Horror,7.1,Movie,69,789
1899,2022,Horror,7.1,Movie,69,789
1899,2022,Horror,7.1,Movie,69,789
 The Last Kingdom,2015,Historical,7.1,Movie,69,789
 The Last Kingdom,2015,Historical,7.1,Movie,69,789
 The Last Kingdom,2015,Historical,7.1,Movie,69,789
 The Last Kingdom,2015,Historical,7.1,Movie,69,789
 The Last Kingdom,2015,Historical,7.1,Movie,69,789
 The Last Kingdom,2015,Historical,7.1,Movie,69,789
1899,2022,Horror,7.1,Movie,69,789
1899,2022,Horror,7.1,Movie,69,789
1899,2022,Horror,7.1,Movie,69,789
1899,2022,Horror,7.1,Movie,69,789
 Totenfrau,2022,Thriller,7.1,Movie,69,789
 The Imperfects,2021,Fantasy,7.1,Movie,69,789
 Arcane,2021,Animation,7.1,Movie,69,789
 Heart of Invictus,2022,Documentary,7.1,Movie,69,789
 The Imperfects,2021,Fantasy,7.1,Movie,69,789
 The Imperfects,2021,Fantasy,7.1,Movie,69,789
